種類,著者,タイトル,出典,出現回数,出現資料数,ケースID,ケース名,引用していた資料,引用箇所の前後
書籍,我妻榮,親族法,"(有斐閣,昭和36年)",65,28,I0000031/I0000131/I0000134/I0000159,結婚の自由をすべての人に訴訟（同性婚訴訟）,【札幌・第４回】原告ら第４準備書面　※裁判所の釈明への回答,"59頁。 62 中川善之助『親族法(上)』(甲A207)194頁。 63 我妻榮『親族法』(有斐閣,昭和36年)(甲A208)14頁。 64 我妻榮『親族法』(甲A208)18頁。 65 青山道夫編『注釈民法("
書籍,,日本親族法,日本評論社,39,17,I0000031/I0000134/I0000159,結婚の自由をすべての人に訴訟（同性婚訴訟）,風間孝先生 赤枝香奈子先生 意見書　「同性カップルの権利と異性愛規範」,『同性婚:ゲイの結婚をめぐるアメリカ現代 史』明石書店。) 中川善之助、1942『日本親族法』日本評論社。 -―――、1958『親族法(上)』青林書院。 落合恵美子、2019『21世紀家族へ(第4版)』有斐閣。 田
書籍,地亨編,新版注釈民法(21)親族(1),(有斐閣、1989),33,11,I0000031/I0000131/I0000159,結婚の自由をすべての人に訴訟（同性婚訴訟）,二宮周平先生 意見書　※民法学者による本件についての意見,姻の契約 的把握は、近代的婚姻を象徴的に表現するものである(青山道夫・有 地亨編『新版 注釈民法(21)親族(1)』(有斐閣、1989)152 頁〔青山道 夫・有地亨〕)。すなわち、近代的婚姻制度は、当事者の合意による 婚姻の成立と、婚
書籍,河口和也,同性愛と異性愛,"(岩波書 店,2010年)",29,13,I0000031,結婚の自由をすべての人に訴訟（同性婚訴訟）,【札幌・東京・名古屋・大阪】訴状　東京地裁20190214提訴分,"する。 ア性的指向・性自認に対する認識の転換 本項は、甲A24・風間孝,河口和也『同性愛と異性愛』(岩波書 店,2010年)77頁から109頁を参考に論ずる。 (ア)人の性のあり方が多様であることは,歴史や地域をこえて"
書籍,二宮周平編,新注釈民法(17)親族(1),"(有斐閣,平成29年)",26,18,I0000031/I0000131/I0000159,結婚の自由をすべての人に訴訟（同性婚訴訟）,【札幌・第４回】原告ら第４準備書面　※裁判所の釈明への回答,"筆部分),浅古弘ほか編『日本法制史』(甲A178)307~311頁, 二宮周平編『新注釈民法(17)親族(1)』(有斐閣,平成29年)(甲A185)6~7頁(二宮 周平執筆部分)。 13 熊野敏三・岸本辰雄『民法正義人事編巻之壱』("
書籍,長谷部恭男編,注釈日本国憲法(2),(甲A 156),21,16,I0000031/I0000076/I0000117/I0000129/I0000131/I0000132/I0000151,結婚の自由をすべての人に訴訟（同性婚訴訟）,【東京・第３回】原告ら第３準備書面（被告第１準備書面に対する反論）　※憲法２４条１項，憲法１４条に対する反論,"ては、伝統的な家族制度が維持されるこ とになるのかが論点となった」(長谷部恭男編『注釈日本国憲法(2)』(甲A 156)・498頁)が,同文言に関し,同性間の婚姻を排除する趣旨であ るか否か等が議論された形跡は見られない14"
書籍,,ジェンダー法研究8号,信山社 ・床谷文雄 新注釈民法(17),18,1,I0000131,夫婦別姓も選べる社会へ！訴訟,甲A233_婚姻に伴う氏の変動に関する諸外国の法制度の調査報告書,内外における夫婦の氏に関する制度と選択の状況」 ・床谷文雄「比較法から見た姓」 『ジェンダー法研究8号』信山社 ・床谷文雄 新注釈民法(17) ・栗田路子他『夫婦別姓一家族と多様性の各国事情』ちくま新書 ・衆議院調査局法務調
書籍,二宮周平,事実婚の現代的課題,"(日本評論社,平成2年)",18,12,I0000031/I0000131/I0000134/I0000159,結婚の自由をすべての人に訴訟（同性婚訴訟）,【大阪・第４回】原告ら第３準備書面　※被告第１準備書面に対する反論等,"(21)親族(1)』(甲A16)179頁(上野雅和執筆部 分)。 39 二宮周平『事実婚の現代的課題』(日本評論社,平成2年)(甲A170)258頁。 40 二宮周平『事実婚の現代的課題』(甲A170)259頁 41 二宮"
書籍,宍戸常寿,憲法I基本権,453頁,18,15,I0000031/I0000064/I0000117,結婚の自由をすべての人に訴訟（同性婚訴訟）,【九州・第５回】原告ら第１３準備書面　※婚姻の自由の侵害主張の補充,明治憲法下の『家』制度の否 定を核心とする規定として理解」(甲A324・宍戸常寿『憲法I 基本権』 453頁)されており、「制定過程を一貫して同性婚の可否というアジェン ダは設定されておらず、また、婚姻を異性婚に限定す
書籍,島津一郎・阿部徹編,新版注釈民法(22)親族(2),"(有斐閣,2008年)",17,12,I0000031,結婚の自由をすべての人に訴訟（同性婚訴訟）,【札幌・第５回】原告ら第６準備書面　※被告第２準備書面に対する反論等,"た欧米諸国の離婚法では裁判離婚のみを許すものが多いとされ る。島津一郎・阿部徹編『新版注釈民法(22)親族(2)』(有斐閣,2008年)(甲A251) 41~42頁(岩志和一郎執筆部分)参照 37 島津一郎・阿部徹編『新版注釈民法(2"
書籍,熊野敏三・岸本辰雄,民法正義人事編巻之壱,〔甲A186〕156頁,17,10,I0000031,結婚の自由をすべての人に訴訟（同性婚訴訟）,【札幌】上告受理申立て理由書,来ノ慣習ヲ考 フルニ一夫一婦ノ制未ダ十分二確定スルニ至ラズ」(熊野敏三・岸本辰雄『民法正義人事 編巻之壱』〔甲A186〕156頁)とする旧民法人事編の起草者の認識にも反しており、 史実を正しく反映するものではなく、意図的に「創
書籍,辻村みよ子,憲法と家族,(日本加除出版、2 016),16,10,I0000031/I0000131,結婚の自由をすべての人に訴訟（同性婚訴訟）,二宮周平先生 意見書　※民法学者による本件についての意見,Q 草案が作成され、その人権条項がベアテ・シロ タによって起草された(辻村みよ子『憲法と家族』(日本加除出版、2 016)80~81頁)。草案 23 条では、「婚姻は、………親の強制ではなく 相互の合意に基づき」と
書籍,,新・コンメンタール憲法(第2版),(日本評論社、2019年),16,15,I0000031/I0000117/I0000155,結婚の自由をすべての人に訴訟（同性婚訴訟）,【札幌】上告受理申立て理由書,、2018年) (甲A147)152~154頁(糖塚康江執筆部分)、木下智史ほか『新・コンメンタ ール憲法(第2版)』(日本評論社、2019年)(甲A148)301~303頁(木下 智史執筆部分)等参照。 86 第193回国会参議院予算委
書籍,有地亨,新版家族法概論〔補訂版〕,(甲A253),15,11,I0000031,結婚の自由をすべての人に訴訟（同性婚訴訟）,【札幌・第５回】原告ら第６準備書面　※被告第２準備書面に対する反論等,"ていた。泉久雄『親族法』(甲A226)51頁,同(甲A252)124 頁,有地亨『新版家族法概論〔補訂版〕』(甲A253)267頁参照。 39 穂積重遠『相続法大意』(甲A196)61頁。 40 谷口知平『日本親族法』(甲A19"
書籍,,註解日本國憲法上巻,470頁,14,11,I0000031,結婚の自由をすべての人に訴訟（同性婚訴訟）,【東京二次・第１回】控訴理由書第３分冊（憲法１４条）,を宣言し…個人主義的家族観に基づいた、家族生活の法律的規整 を要求」(甲A19・『註解日本國憲法 上巻』470頁)して憲法24条を 置いたのであり、伝統や国民感情を無反省に尊重することは憲法24条の存 在を無に帰するものであ
書籍,芹沢斉ほか編,新基本法コンメンタール憲法,(日本評論社、2011年),13,9,I0000031/I0000070/I0000117,結婚の自由をすべての人に訴訟（同性婚訴訟）,【札幌】上告受理申立て理由書,院、1 997)(甲A144)131~132頁(中村睦男執筆部分)、芹沢斉ほか編『新基本法 コンメンタール憲法』(日本評論社、2011年)(甲A145)211頁(武田万里子執 筆部分)、前掲長谷部恭男編『注釈日本国憲法(2)』(甲A
書籍,二宮周平編,新注釈民法(17),"〔神 谷遊〕(有斐閣,2017年)",12,5,I0000031/I0000159,結婚の自由をすべての人に訴訟（同性婚訴訟）,【札幌・東京・名古屋・大阪】訴状　東京地裁20190214提訴分,"負う(民法752条)。これは婚姻の本質的義務と されている(甲A38・二宮周平編『新注釈民法(17)』〔神 谷遊〕(有斐閣,2017年)189頁)。この義務に基づき, 婚姻したカップルの一方は、他方に対し,同居・協力・扶助"
書籍,青山道夫・有地亨編,新版注釈民法(21),"(有斐閣,平 成元年)",12,5,I0000031,結婚の自由をすべての人に訴訟（同性婚訴訟）,【東京・第３回】原告ら第３準備書面（被告第１準備書面に対する反論）　※憲法２４条１項，憲法１４条に対する反論,"を目的とするものであるとの理解が強くなったことが挙 げられる(青山道夫・有地亨編『新版注釈民法(21)』(有斐閣,平 成元年)(甲A16)178~179頁(上野雅和執筆部分)参照。)。 このような理解からすれば,「伝統的婚姻"
書籍,野上久幸,親族法講義,(巌松堂書店、1 929),12,5,I0000031/I0000134/I0000159,結婚の自由をすべての人に訴訟（同性婚訴訟）,二宮周平先生 意見書　※民法学者による本件についての意見,家族に対する支配権の作用として要求されるに過 ぎないとする学説があるが(野上久幸『親族法講義』(巌松堂書店、1 929)54 頁)、戸主の同意を得ずに婚姻した家族に対して、戸主は離籍 することができた(750条2項
書籍,,同性婚と司法,(岩波新書、2024年),10,6,I0000031/I0000134/I0000159,結婚の自由をすべての人に訴訟（同性婚訴訟）,【札幌】上告受理申立て理由書,88 前掲千葉勝美「同性婚認容判決と司法部の立ち位置」(甲A501)208頁、同『同 性婚と司法』(岩波新書、2024年)136~138頁参照。植野妙実子『基本に学ぶ 憲法』(日本評論社、2019年)(甲A420)11
書籍,,日本国憲法論[第2版],21 2頁,10,8,I0000031/I0000090/I0000116/I0000132/I0000146,結婚の自由をすべての人に訴訟（同性婚訴訟）,【九州・第５回】原告ら第１３準備書面　※婚姻の自由の侵害主張の補充,いえば、…家族の形成・維持にかかわる事柄 …が考えられる」と述べる(甲A310・『日本国憲法論[第2版]』21 2頁)。以下、婚姻が「個人が自己の人生を築いていく上で基本的重要性を 持つと考える事柄」であることを述べる。 最高
書籍,浅古弘ほか編,日本法制史,(甲A178),10,7,I0000031,結婚の自由をすべての人に訴訟（同性婚訴訟）,【札幌・第４回】原告ら第４準備書面　※裁判所の釈明への回答,"『日本法制史』(甲A178)312~313頁。 26 以上について,浅古弘ほか編『日本法制史』(甲A178)316頁,373頁,二宮周 平編『新注釈民法(17)親族(1)』(甲A185)4~5頁(二宮周平執筆部分)"
書籍,穂積重遠,相続法大意,"(岩波書店,大正6年)",10,9,I0000031/I0000159,結婚の自由をすべての人に訴訟（同性婚訴訟）,【札幌・第４回】原告ら第４準備書面　※裁判所の釈明への回答,"いい、無効判決をまたなくして当然無効の婚姻としていた」とされる。 42 穂積重遠『相続法大意』(岩波書店,大正6年)(甲A196)61頁。 43 穂積重遠『相続法』(岩波書店,昭和8年)(甲A197)224~225"
書籍,前掲横田耕一・高見勝利編,ブリッジブック憲法,(甲A139),9,6,I0000031,結婚の自由をすべての人に訴訟（同性婚訴訟）,【札幌・第３回】原告ら第２準備書面　※被告第１準備書面に対する反論等,"ら,明文の規定が置かれていないことが、直ちに国民の 2 前掲横田耕一・高見勝利編『ブリッジブック憲法』(甲A139)129頁(市川正人執 筆部分)。 3 他にも,文言にとらわれない憲法解釈の例として,憲法14条の「すべて国"
書籍,,広辞苑,"の記述は, 1991年(平成3年)",9,5,I0000031/I0000159,結婚の自由をすべての人に訴訟（同性婚訴訟）,【札幌・第４回】原告ら第４準備書面　※裁判所の釈明への回答,"が不適切であったことを 認めた78。 同性愛を「異常性欲の一種」であるとしていた『広辞苑』の記述は, 1991年(平成3年)出版の第四版(甲A25の2)において改めら れた79。 2002年(平成14年)には、"
書籍,渋谷秀樹,憲法(第3版),(甲A170),9,8,I0000031/I0000117/I0000155,結婚の自由をすべての人に訴訟（同性婚訴訟）,【名古屋・第５回】原告ら第３準備書面,3頁。 17 渋谷秀樹『憲法(第3版)』(甲A170)467頁。 18 渋谷秀樹『憲法(第3版)』(甲A170)468頁。 19 長谷部恭男=木村草太「〔座談会〕憲法を使いこなす」Law and practice 9号
書籍,芦部信喜,憲法(第7版),240頁,9,7,I0000060/I0000111/I0000117/I0000131,ジャーナリストに渡航の自由を！訴訟【アーカイブ】,原告第６準備書面,『日本国憲法論(第2版)』333-334頁(成文堂、2020)。 18 芦部信喜『憲法(第7版)』240頁(岩波書店、2019)、長谷部恭男『憲法(第7版)』 253頁(新世社、2018)、長谷部恭男編『註釈日本国憲法
書籍,高橋和之,立憲主義と日本国憲法〔第4版〕,(甲A42),9,7,I0000031/I0000123,結婚の自由をすべての人に訴訟（同性婚訴訟）,【東京・第３回】原告ら第３準備書面（被告第１準備書面に対する反論）　※憲法２４条１項，憲法１４条に対する反論,"認めない 点で過少包含であって(過剰包含及び過少包含の意義については、高橋和之 『立憲主義と日本国憲法〔第4版〕』(甲A42)166頁),手段として合理 性を欠くものであることが明らかである。この点については、齊藤笑美子「家 族と憲法"
書籍,研究会,ドイツの憲法判例IV,"(信山社,2018年)",8,7,I0000031/I0000064/I0000104/I0000151,結婚の自由をすべての人に訴訟（同性婚訴訟）,【札幌・第１回】控訴理由書,"之「遺族扶助における生活パートナーの排除と一般的平等原則」ドイツ憲法判例 研究会『ドイツの憲法判例IV』(信山社,2018年)(甲A257)111~114頁参 照。ただし、ドイツにおいても,「連邦憲法裁判所の判断を通じて,基"
書籍,植野妙実子,基本に学ぶ憲法,(日本評論社、2019年),8,4,I0000031,結婚の自由をすべての人に訴訟（同性婚訴訟）,【札幌】上告受理申立て理由書,頁、同『同 性婚と司法』(岩波新書、2024年)136~138頁参照。植野妙実子『基本に学ぶ 憲法』(日本評論社、2019年)(甲A420)115頁も、「両性を男性と女性ではな く単に『二つの性』と解す〔る〕」可能性を示
書籍,窪田充見,家族法,(有斐閣、2011),8,4,I0000031/I0000067/I0000134/I0000159,「同性パートナーにも犯罪被害の遺族給付金を」訴訟,第10準備書面,をどのように位置づ けて、法的に扱うべきなのかなのである」と述べている(窪田充見『家族法』 (有斐閣、2011)144~145頁。第4版(2019)154~155 頁も同一の記述)。 したがって、不当破棄訴訟の
書籍,,家族法〔第3版〕,大村敦 志159頁,8,7,I0000031/I0000131/I0000159,結婚の自由をすべての人に訴訟（同性婚訴訟）,【九州・第３回】原告ら第４準備書面（婚姻できないことによる、法律上・事実上の不利益）,清算機能が強調され、権利としての意 味が明瞭になったと考えられている(甲A131『家族法〔第3版〕』大村敦 志159頁)。かかる機能は、婚姻中の夫婦が獲得した財産は、夫婦の協力に よるものであるという考え方にもとづいてい
書籍,総務省行政管理局編,詳解情報公開法,60頁,8,6,I0000052/I0000092/I0000146,イラク戦争検証報告書情報公開訴訟【アーカイブ】,原告準備書面(3),なわち、国としての基本的 な秩序が平穏に維持されている状態」(総務省行政管理局編『詳解 情報公開法』 60頁以下)をいい、具体的には「直接侵略及び間接侵略に対し、独立と平和 が守られていること、国民の生命が国外からの脅威
書籍,前掲佐藤功,ポケット註釈全書憲法(上)〔新版〕,〔甲A143〕413頁,7,6,I0000031,結婚の自由をすべての人に訴訟（同性婚訴訟）,【札幌】上告受理申立て理由書,係)が家族の基軸であると されていた思想を根本的に改める意味をもつ」(前掲佐藤功『ポケット註釈全書憲法(上) 〔新版〕』〔甲A143〕413頁)、「家族に関する憲法上の規定には、先の条文〔ワイマ ール憲法119条を指す――引用者注〕に代表さ
書籍,,学問の自由が危ない,"所収,88頁",7,3,I0000146,「学術会議の独立性」を市民で守ろう ～会員任命拒否理由の情報公開訴訟～,甲A46 裁決書,"りするのを禁止 したものと理解するのが妥当である。」(「学問の自律と藤法」,前 『学問の自由が危ない』所収,88頁) d石川健治教授もまた,概要,「憲法23条の本領は、専門領域の固有 法則,理屈論理,つまり自律性を保障する"
書籍,日本応用心理学会編,心理学講座第8巻,"(中山書店,昭和28年)",7,3,I0000031,結婚の自由をすべての人に訴訟（同性婚訴訟）,【札幌・第４回】原告ら第４準備書面　※裁判所の釈明への回答,"(京都印書館,昭和21年)(甲A201)82~83頁。 53 日本応用心理学会編『心理学講座第8巻』(中山書店,昭和28年)(甲A202)26 頁。 54 日本応用心理学会編『心理学講座第8巻』(甲A202)28頁。 5"
書籍,,性のあり方の多様性,日本評論社,7,5,I0000031/I0000075/I0000111/I0000134/I0000159,結婚の自由をすべての人に訴訟（同性婚訴訟）,風間孝先生 赤枝香奈子先生 意見書　「同性カップルの権利と異性愛規範」,対称の百年間」『クィア・スタディーズを ひらく』晃洋書房。 二宮周平編、2017『性のあり方の多様性』日本評論社。 動くゲイとレズビアンの会、1993『日本精神医学と同性愛(第1版)』動くゲイとレズビ アンの会。 渡辺大輔
書籍,,性的精神病質,『色情狂篇』等),7,7,I0000031/I0000159,結婚の自由をすべての人に訴訟（同性婚訴訟）,【九州・第６回】原告ら第１６準備書面　※同性愛の社会に対する位置づけ等,9)年、『Psychopathia Sexualis』(後に邦訳される際の邦題は『性的精神病質』、『色情狂篇』等) を出版した。『Psychopathia Sexualis』では、異性愛による生殖目的の性交 のみを模
書籍,長谷部恭男,憲法第7版,(新世社・2018年),7,5,I0000031/I0000141,結婚の自由をすべての人に訴訟（同性婚訴訟）,木村草太先生 意見書　※憲法 14 条１項適合性について,」は、生殖関係を指すとの理解がある。例えば、札幌訴訟の準備 書面では、長谷部恭男『憲法第7版』(新世社・2018年)187 頁の「『両性の合意』という 文言からすると、憲法は同性間の家庭生活を異性間のそれと同程度に
書籍,石川健治他,憲法訴訟の十字路―実務と学知のあいだ,弘文堂335頁,7,2,I0000131,夫婦別姓も選べる社会へ！訴訟,【東京】20241220_第７準備書面（学説の状況）,の『総合的衡量による合理性判断の枠組み』の問題点」(甲A171) 石川健治他『憲法訴訟の十字路―実務と学知のあいだ』弘文堂335頁 (2019年) 「夫婦の 96%以上が夫の氏を選択している日本社会にあって、自己の婚姻前からの氏を保
書籍,梅謙次郎,民法要義巻ノ四,(甲A188),7,6,I0000031,結婚の自由をすべての人に訴訟（同性婚訴訟）,【札幌・第５回】原告ら第６準備書面　※被告第２準備書面に対する反論等,」法律のひろば69巻4 号(2016年)(甲A245)67頁参照。 2 梅謙次郎『民法要義巻ノ四』(甲A188)118頁。 3 旧民法人事編の起草者も「婚姻ハ男女ノ会社」であるとして同旨の説明をしている。熊野 敏三『民
書籍,,立憲主義と日本国憲法第6版,162頁,7,4,I0000131,夫婦別姓も選べる社会へ！訴訟,【東京】20241220_第７準備書面（学説の状況）,之 「第6章包括的人権と法の下の平等」「II 法の下の平等」(甲A181) 『立憲主義と日本国憲法第6版』162頁 (2024年) 「ほぼ96 パーセントの夫婦が夫の氏に統一している。これは、法的には差別ではないとしても、
書籍,中川善之助,親族法(上),"(青林書院,昭和33年)",7,5,I0000031,結婚の自由をすべての人に訴訟（同性婚訴訟）,【札幌・第４回】原告ら第４準備書面　※裁判所の釈明への回答,"昭和24年)(甲A206)61~62頁(山 中康雄執筆部分)。 61 中川善之助『親族法(上)』(青林書院,昭和33年)(甲A207)158~159頁。 62 中川善之助『親族法(上)』(甲A207)194頁。 63"
書籍,穂積重遠,親族法大意,(1917年),7,7,I0000031/I0000134/I0000159,結婚の自由をすべての人に訴訟（同性婚訴訟）,【札幌】上告受理申立て理由書,岸本辰雄『民法正義人事編巻之壱』(甲A186)192~193頁。 26 穂積重遠『親族法大意』(1917年)(甲A196)61頁。 に際してこの点の考慮を怠ることは許されないと述べる学説27も見られる ようになるが
書籍,奥田義人,親族法論,(有斐閣書房、1 898),7,5,I0000031,結婚の自由をすべての人に訴訟（同性婚訴訟）,二宮周平先生 意見書　※民法学者による本件についての意見,其共同生活ハ男女双方ノ自由意思ニ基キタルモ ノナルコトヲ要ス」記述した(奥田義人『親族法論』(有斐閣書房、1 898)108頁)。彼らの次の世代である穂積重遠は「婚姻トハ終生ノ共 同生活ヲ目的トスル一男一女ノ法律
書籍,,1945年のクリスマス,(柏書房、1995),6,6,I0000031,結婚の自由をすべての人に訴訟（同性婚訴訟）,二宮周平先生 意見書　※民法学者による本件についての意見,したい という熱意を持っていた(ベアテ・シロタ・ゴードン〔平岡磨紀子構 成・文〕『1945 年のクリスマス』(柏書房、1995)153頁)。それが、 現在の24条1項前半の「婚姻は、両性の合意のみに基づいて成立し」 となって実現
書籍,SWASH編,セックスワーク・スタディーズ,(日本 評論社),6,3,I0000064,「セックスワークにも給付金を」訴訟 【アーカイブ】,訂正申立書（証拠説明書(5)について）,下記の通り訂正する。 記 訂正前 「どうすれば安全に働けるか」SWASH編 『セックスワーク・スタディーズ』(日本 評論社)160頁(写し) 訂正後 「どうすれば安全に働けるか」SWASH編『セックスワーク・スタディーズ』(日
書籍,,公的資金助成法精義,(信山社、2007年),6,6,I0000064,「セックスワークにも給付金を」訴訟 【アーカイブ】,甲31：意見書（新井誠教授）,同 様の事情にありながら、合理性のない差別をなすことは平等原則違反」(碓井光 明『公的資金助成法精義』(信山社、2007年) 149頁)であると指摘される。 裁判例においても、災害復興事業における自立支援金の支給要件が憲法
書籍,康純編,性別に違和感がある子どもたち,(甲A180),6,3,I0000031,結婚の自由をすべての人に訴訟（同性婚訴訟）,【札幌・第４回】原告ら第４準備書面　※裁判所の釈明への回答,",平田俊明「西洋精神医学における同性愛の扱いの変遷」(甲A48)9 9頁,康純編『性別に違和感がある子どもたち』(甲A180)56~57頁。 76 針間克己「LGBTと精神医学」精神科治療学31巻8号(2016年)(甲A217) 9"
書籍,,憲法第六版,"(岩波書店,2015年)",6,4,I0000031,結婚の自由をすべての人に訴訟（同性婚訴訟）,【大阪・第４回】原告ら第３準備書面　※被告第１準備書面に対する反論等,"ら,後段列挙事由である「社会的身分」の意義につい 97 芦部信喜(高橋和之補訂)『憲法第六版』(岩波書店,2015年)(甲A15)131 頁,134頁。 98 前揭日本弁護士連合会「同性の当事者による婚姻に関する意"
書籍,長谷部恭男・編,注釈日本国憲法(3),(有斐閣、2020年),6,6,I0000076/I0000096/I0000141/I0000155,「琉球人のご先祖の遺骨返還を」訴訟【アーカイブ】,第2準備書面,橋・立憲主義〔4版〕314頁)でもある」という、重要な権利である(長谷部恭男・編『注釈日本国憲法(3)』(有斐閣、2020年)297頁)。 そして、民事訴訟における「訴えは、原告の請求についての審判を目的とする訴訟法律関係を
書籍,青山道夫編,注釈民法(20)親族(1),"(有斐閣,昭和41年)",6,3,I0000031/I0000159,結婚の自由をすべての人に訴訟（同性婚訴訟）,【札幌・第４回】原告ら第４準備書面　※裁判所の釈明への回答,"2〕」法学セミナー356号(昭和59 年)(甲A222)60頁 83 青山道夫編『注釈民法(20)親族(1)』(有斐閣,昭和41年)(甲A209)189~19 0頁(上野雅和執筆部分)。 84 青山道夫・有地亨編『新版注釈民法(2"
書籍,直・堀場清子,祖母・母・娘の時代,(岩波書店、1985),6,6,I0000031,結婚の自由をすべての人に訴訟（同性婚訴訟）,二宮周平先生 意見書　※民法学者による本件についての意見,よ う奨励され、「子宝報国」の表現も用いられるようになった(鹿野政 直・堀場清子『祖母・母・娘の時代』(岩波書店、1985) 123、164 頁)。 こうした過去の経緯を踏まえると、国が婚姻制度の意義・目的を生 殖・子育て
書籍,中川淳,親族法逐条解説,(甲A376),6,5,I0000031/I0000159,結婚の自由をすべての人に訴訟（同性婚訴訟）,【九州・第６回】原告ら第１６準備書面　※同性愛の社会に対する位置づけ等,ごときは、社会観念上、婚姻意思の存在を肯 定することはできない」と説いた(中川淳『親族法逐条解説』(甲A376) 72頁)。 このように、日本国憲法等制定期より後も、同性愛を異常性欲として病理 と見なす誤った科学的、医
書籍,渡辺康行,「内心の自由,の法理』(岩波書店・2019年),5,1,I0000123,県知事の公務での護国神社参拝取りやめをー政教分離原則の違反を問うー,甲18（稲正樹意見書）,念』(信山社・2015年)705-730頁、725-729 頁。のちに、渡辺康行『「内心の自由」の法理』(岩波書店・2019年)の第3部第6章に収録。 19 佐々木弘通 「神社大祭の奉賛会発会式への市長の出席・祝辞と
書籍,辻村,ジェンダーと人権,(2008年),5,4,I0000031/I0000131,夫婦別姓も選べる社会へ！訴訟,甲A014_辻村先生意見書（令和2年3月26日）,官解説でも、憲法24条1項適合性に関する学説状況に関連し て、違憲説として、辻村『ジェンダーと人権』(2008年)を引用して、「夫婦が 同氏を称することは、婚姻の成立のために不必要に荷重された要件となってお り違憲である
書籍,,国際・比較法季刊,第67巻第1号、ケ ンブリッジ大学出版局、2018年1月;,5,1,I0000155,人質司法に終止符を！訴訟,甲A59：調査報告書【国連人権条約機関が採択した一般的意見及び勧告の法的権威と条約解釈上の意義について】,nitoring Bodies Before Domestic Courts)、『国際・比較法季刊』第67巻第1号、ケ ンブリッジ大学出版局、2018年1月; - 岩澤雄司「国際人権基準の国内的影響:日本の経験」(The
書籍,,実務担当者のための逐条解説公文書管理法・施行令,"(ぎょうせい,2019年)",5,5,I0000146,「学術会議の独立性」を市民で守ろう ～会員任命拒否理由の情報公開訴訟～,甲A37 答申書,"(同第4,3,(7))(内閣府大臣官房公文書管理課職員らによる公文書管理研究会編『実務担当者のための逐条解説公文書管理法・施行令』(ぎょうせい,2019年)34,35,279頁)。加えて、留意事項として、上記「重要又は異例な事項」については、「ある業"
書籍,渋谷秀樹,憲法〔第3版〕,463頁,5,5,I0000031/I0000132/I0000134,結婚の自由をすべての人に訴訟（同性婚訴訟）,安西文雄先生意見書（2024年1月24日）,(28) 156頁。 42 駒村・前出注(9) 18頁~19頁。 43 渋谷秀樹『憲法〔第3版〕』463頁(有斐閣、2017年)。 44 渋谷秀樹「統治構造において司法権が果たすべき役割 〔第3部〕 憲法論からみた同性
書籍,長谷部恭男,憲法〔第7版〕,新世社(2019年),5,4,I0000030/I0000031/I0000111/I0000132,「海外でも国民審査を」訴訟【アーカイブ】,意見書（興津征雄神戸大学教授）,適合的解釈の比較研究』有斐閣(2018年)179- 212頁。 20 長谷部恭男『憲法〔第7版〕』新世社(2019年)430頁。 .21 長谷部・前揭注(20)439頁。 権利行使の方法ないし手続にかかわる。権利の実体
書籍,我妻榮編,戦後における民法改正の経過,"(日本評論新社,昭和31年)",5,5,I0000031/I0000131/I0000134/I0000159,結婚の自由をすべての人に訴訟（同性婚訴訟）,【札幌・第４回】原告ら第４準備書面　※裁判所の釈明への回答,"法と現行民法の規定を対照したものとして,「新旧規定対照表(我妻 榮編)」我妻榮編『戦後における民法改正の経過』(日本評論新社,昭和31年)(甲A20 0)351~378頁参照。 49 青山道夫・有地亨編『新版注釈民法(21)親族("
書籍,二宮周平編,新注釈民法,(有斐閣、2017),5,5,I0000031/I0000067/I0000134/I0000159,結婚の自由をすべての人に訴訟（同性婚訴訟）,二宮周平先生 意見書　※民法学者による本件についての意見,ていた事実をふまえ、これをなくし、婚姻の自由を確 立することにあった(二宮周平編『新注釈民法』(有斐閣、2017) 70 頁〔二宮周平〕)。上述のような同性愛者の社会的地位に鑑みて、同 性婚は想定されていなかった。
書籍,,日本国憲法成立史第三巻,(有斐閣、1994年),5,5,I0000031,結婚の自由をすべての人に訴訟（同性婚訴訟）,【東京二次・第４回】原告ら第３準備書面（24条）,/04/ 117shoshi.html)参照。 【14】 佐藤達夫(佐藤功補訂)『日本国憲法成立史第三巻』(有斐閣、1994年)(甲A 205)122頁によれば、GHQ 草案23条の最初の部分「家族八人類社会ノ基底ニシ テ其ノ
書籍,佐藤幸治,日本国憲法論(第2版),333-334頁,5,4,I0000031/I0000060/I0000129/I0000132,ジャーナリストに渡航の自由を！訴訟【アーカイブ】,原告第６準備書面,、2012) 〔高見勝利〕によれば、文面違 憲説が多数説である。 17 佐藤幸治『日本国憲法論(第2版)』333-334頁(成文堂、2020)。 18 芦部信喜『憲法(第7版)』240頁(岩波書店、2019)、長谷部恭男『憲法
書籍,薬師寺志光,日本親族法論上巻,(南郊 社、1939),5,3,I0000031/I0000134/I0000159,わたしたちはもう待てない〜同性婚仙台家事審判事件,甲B265意見書2025年3月27日,)108頁、中 川善之助『親族・相続』(岩波書店、1933)56 頁、薬師寺志光『日本親族法論上巻』(南郊 社、1939)352-354、418頁、中川善之助『日本親族法——昭和 17年』(日本評論社、1942) 189
書籍,,明治神宮外苑誌,252頁,5,5,I0000120,神宮外苑を守ろう訴訟｜100年の歴史と3000本超の樹木を未来へ,【訴訟２・新宿区訴訟】訴状｜2023年7月25日,計画されている絵画館前の芝生広場は、「一 望広潤なる芝生は外苑提案の主調なり」(『明治神宮外苑誌』252頁)と記載されている。 これを踏まえて、日本イコモスは、「日本の近代を代表する、国民の貢献により創り出 された「神
書籍,,条解行政手続法(第2版),165頁,5,4,I0000060,ジャーナリストに渡航の自由を！訴訟【アーカイブ】,原告第４準備書面,ることが予定されている考慮事項や方針は、審査基準の内 容として掲げるべきである(『条解行政手続法(第2版)』165頁[須 田守]、『行政手続法 現代行政法学全集』191頁[高橋滋]、臨時行政改 革推進審議会(第3次行革審)行政手
書籍,大村敦志,民法読解親族編,(有斐閣、 2015),5,5,I0000031/I0000134/I0000159,わたしたちはもう待てない〜同性婚仙台家事審判事件,甲B265意見書2025年3月27日,も概説書類でも、近年に至る までこの点に触れるものはほとんどなかった」(大村敦志『民法読解 親族編』(有斐閣、 2015)32-33頁)と述べ、近年この状況が変わってきたことを示唆するが、現在も、確かに 概説書類で同性婚
書籍,,色情狂篇,等),5,3,I0000031,結婚の自由をすべての人に訴訟（同性婚訴訟）,【九州・第６回】原告ら第１６準備書面　※同性愛の社会に対する位置づけ等,hopathia Sexualis』(後に邦訳される際の邦題は『性的精神病質』、『色情狂篇』等) を出版した。『Psychopathia Sexualis』では、異性愛による生殖目的の性交 のみを模範とするヴィク
書籍,日本法医学会の翻訳により,色情狂編,として出版され、我が国にも紹介された21,5,3,I0000031/I0000159,結婚の自由をすべての人に訴訟（同性婚訴訟）,【札幌・第４回】原告ら第４準備書面　※裁判所の釈明への回答,"ラフト=エビングの『性 的精神病質』(1886年刊)が,日本法医学会の翻訳により『色情狂編』 として出版され、我が国にも紹介された21。同書は,「凡そ人類は有情な り,情は男女の愛情を以てその本源とす」22,「男"
書籍,宇賀克也,行政法概説Ⅰ第６版,２７頁,5,1,I0000159,日本でもマリアージュしたいねん～海外で成立した同性婚の受理を求める裁判～,c231009家事審判申立書（民法の全条文が同性婚と両立すること等）,にその根 拠が規定されていなければならない」というものである。（甲Ａ５宇賀克也 『行政法概説Ⅰ第６版』２７頁以下） (2) 婚姻届を不受理処分とする場合における、「法律にその根拠が規定されて い」ることとは、「当該婚姻が禁
書籍,南野千惠子監修,解説性同一性障害者性別取扱特例法,"(日本加除出版,2004年)",5,5,I0000031/I0000159,結婚の自由をすべての人に訴訟（同性婚訴訟）,【名古屋・第３回】原告ら第２準備書面　※被告第１準備書面に対する反論等,"点、性同一性障害者の性別の取扱いの特例に関する法律の解説書である,南野千惠子監修『解説 性同一性障害者性別取扱特例法』(日本加除出版,2004年)(甲A159)81頁では、「『性』と『性別』の用例については、何らかの基準があるわけではない"
書籍,清水伸編,逐条日本国憲法審議録,"(日本 世論調査研究所,1962年)",5,5,I0000031,結婚の自由をすべての人に訴訟（同性婚訴訟）,【札幌・第３回】原告ら第２準備書面　※被告第１準備書面に対する反論等,"て,両性の合意だけで成立さ せようと云う趣意であります」と答弁している。清水伸編『逐条日本国憲法審議録』(日本 世論調査研究所,1962年)(甲A152)481頁参照。 23 前掲長谷部恭男編『注釈日本国憲法(2)』(甲A1"
書籍,,PsychopathiaSexualis,のアメリカ版(米語版),4,3,I0000031,結婚の自由をすべての人に訴訟（同性婚訴訟）,【九州・第６回】原告ら第１６準備書面　※同性愛の社会に対する位置づけ等,lis の初邦訳について 邦訳の 原典は原著第何版か?」(甲A360))。なお、『Psychopathia Sexualis』 のアメリカ版(米語版)の出版は、1892(明治25)年または1893 (明治26)年であり、邦訳本の出版は、世界的に見
書籍,小山剛,「憲法上の権利,の作法(第3版),4,4,I0000031/I0000106/I0000117/I0000151,立候補年齢引き下げ訴訟,第5準備書面,題なのか、と いうことを見極めることは難しい面もある(このことについて、小山剛 『「憲法上の権利」の作法(第3版)』(尚学社、2016年) 166 頁を参 照)。たとえば、国政選挙における全国の投票所を減らすような例を
書籍,須藤陽子編,ホーンブック地方自治法,(北樹出版、2020年),4,2,I0000141,要件を満たす島民の請求を市長が拒否！石垣島住民投票の権利を問う裁判【アーカイブ】,上告理由書｜2024年5月24日,理に基づく 直接民主主義的な要素を盛り込んだ」と指摘される(人見剛 須藤陽子編 『ホーンブック 地方自治法』(北樹出版、2020年)96頁)。 たとえば地方自治法94条の議会に代えて町村総会を置くことができ る旨の規定も直接民主
書籍,,リーガルクエスト憲法II人権[第3版],有斐閣73頁,4,4,I0000131,夫婦別姓も選べる社会へ！訴訟,【東京】20241220_第７準備書面（学説の状況）,である。」(49頁) 淺野博宣 「第3章 平等」(甲A182) 『リーガルクエスト憲法II 人権[第3版]』有斐閣73頁 (2022年) 「夫婦同氏制(民750 条)のように、法・制度として性別に基づいて区別しているわけでは
書籍,,一歩前へ出る司法,"(日本評論社,2017 年)",4,4,I0000031,結婚の自由をすべての人に訴訟（同性婚訴訟）,【札幌・第３回】原告ら第２準備書面　※被告第１準備書面に対する反論等,"「実質的には『厳格な合理性の基準』を採 用している」ものと評している。泉徳治ほか『一歩前へ出る司法』(日本評論社,2017 年)(甲A162)168~169頁,203~204頁。 39 ### (2) 婚姻の意義ないし"
書籍,高橋和之,体系憲法訴訟,"(岩波書店, 2017)",4,3,I0000031/I0000155,結婚の自由をすべての人に訴訟（同性婚訴訟）,【東京・第５回】当事者尋問採用を求める意見,"す。 2 野中俊彦ほか『憲法II(第4版)』(有斐閣, 2006) 3 高橋和之『体系憲法訴訟』(岩波書店, 2017) 4 秋山幹男ほか『コンメンタール民事訴訟法IV(第2版)』(日本評論 者,2019) 5 門口"
書籍,,同・第4版,),4,1,I0000080,地方議会に横行する「少数派議員潰し」に立ち向かう訴訟【アーカイブ】,土屋訴訟・甲第40〜53号証,"同。 第3版』)120頁~121頁,大橋真由美「地方議会議員の懲罰と司法権」 (『同・第4版』) 126頁などを参照。 (3) 永田秀樹「市議会議員の出席停止処分に関する司法審査」(法学セミナー 増刊24号・新・判"
書籍,宇賀克也,地方自治法概説,(有斐閣、2023年),4,2,I0000141/I0000169,要件を満たす島民の請求を市長が拒否！石垣島住民投票の権利を問う裁判【アーカイブ】,甲第41号証、意見書-自治体と民主制に関する憲法の規範構造-名古屋学院大・飯島滋明｜2024年（上告条件上告受理申立書提出の後）,困難であるから次善の策として議会制民主 主義を採用している」と指摘する(宇賀克也『地方自治法概説』 (有斐閣、2023年)45頁。ゴシックは飯島強調)。宇賀克 也東京大学教授(当時)が「直接民主制」は「間接民主制」より
書籍,和田于一,婚姻法論,(大阪巌松堂書店、 1925年),4,2,I0000134/I0000159,わたしたちはもう待てない〜同性婚仙台家事審判事件,甲B265意見書2025年3月27日,24年)2、遠藤登喜夫 『親族相続法綱領』(巌松堂書店、1924年)3、和田于一『婚姻法論』(大阪巌松堂書店、 1925年)4、岩田新『親族相続法綱要』(同文館、1926年) 5)においても、昭和時代の主要 な概
書籍,,広辞苑第三版,(岩波書店),4,4,I0000031,結婚の自由をすべての人に訴訟（同性婚訴訟）,【九州・第６回】原告ら第１６準備書面　※同性愛の社会に対する位置づけ等,ても、「同性愛」の項目に「異常性欲の一種」との記載が残 っていた(甲A370-1『広辞苑 第三版』(岩波書店) 抄本(「同性」の項))。 同性愛を「異常性欲の一種」であるとしていた『広辞苑』の記述が改められたの は、前
書籍,,感染症法書籍,283 頁,4,1,I0000081,市街地でＢＳＬ４の研究をしないでください,【旧訴】原告第１準備書面前半,"も含まれている。 (8)感染症法56条の21は教育訓練を定めていることについて、『感染症法書籍』283 頁では,「一種病原体等及び二種病原体等の危険性にかんがみ、当該病原体等の 適正な取扱いを確保し、感染症の発生の予"
書籍,樋口陽一,憲法I,(青林書院、1998年),4,2,I0000141,要件を満たす島民の請求を市長が拒否！石垣島住民投票の権利を問う裁判【アーカイブ】,上告理由書｜2024年5月24日,定されているが、地方自治の次元では憲法上積極的に位置づけられ ている」(樋口陽一『憲法I』(青林書院、1998年)364頁)。 そして憲法95条の「直接民主制」に関しては人見剛早稲田大学教授(行 政法)の下記の
書籍,渡辺康行・宍戸常寿・松本和彦・工藤達朗,憲法I基本権第2版,449 頁,4,4,I0000131/I0000155/I0000164,引越しで選挙権が制限されない未来へ！訴訟,原告準備書面⑵_20260718,いるという自覚があるのかもしれな い。」(渡辺康行・宍戸常寿・松本和彦・工藤達朗『憲法I 基本権 第2版』449 頁〔渡辺康行執筆部分〕)と評している。 原告の主張はこうした学説による裏付けのあるものであり、「独自の見解」で
書籍,,憲法の境界,(羽鳥書店、2009年),4,4,I0000031,結婚の自由をすべての人に訴訟（同性婚訴訟）,【札幌】上告受理申立て理由書,6号1367頁 等)の背後にも窺われる。長谷部恭男「国籍法違憲判決の思考様式」同『憲法の境界』 (羽鳥書店、2009年)(甲A359)61頁以下参照。 婚姻の自由の保障根拠である憲法24条1項は、「婚姻は、両性の合
書籍,,憲法の理性(増補新装版),128頁,4,4,I0000131,夫婦別姓も選べる社会へ！訴訟,【東京】20241220_第７準備書面（学説の状況）,係を逆転させるものでもない」(7頁) 長谷部恭男(甲A189) 『憲法の理性(増補新装版)』128頁 (2016年) 「婚姻の自由(中略)など、国会による制度の設営があってはじめて存立しうる権利であっても、各
書籍,大林啓吾・柴田憲司編,憲法判例のエニグマ,"(成文堂,2018年)",4,4,I0000031,結婚の自由をすべての人に訴訟（同性婚訴訟）,【名古屋・第３回】原告ら第２準備書面　※被告第１準備書面に対する反論等,"思われる」旨を説いている。 20 御幸聖樹「『尊重』の意味」大林啓吾・柴田憲司編『憲法判例のエニグマ』(成文堂,2018年)(甲A157)は,憲法判例における「尊重」の語の用法を整理検討した上で,「『尊重』の対象となる権利"
書籍,芦部信喜,憲法学II人権総論,(有斐閣 199 4年),4,3,I0000031/I0000139,既婚を理由に法的性別取扱い変更を認めないのは違憲！「なんでうちらが離婚せなあかんの？」裁判,2024年7月16日付申立書（公開用編集版）,である社会の多元性の確保が可能となる」と指摘する 所以である(甲D10・芦部信喜『憲法学II 人権総論』(有斐閣 199 4年)393頁)。 これに対し、憲法24条は、「婚姻の自主性を宣言し、個人を自己目的と する個人主義的
書籍,辻村みよ子責任編集,憲法研究,第4号(2019年1月),4,4,I0000031/I0000131,夫婦別姓も選べる社会へ！訴訟,甲A014_辻村先生意見書（令和2年3月26日）,駒村教授の指摘参照。 12 榊原富士子「夫婦別姓訴訟と憲法」 辻村みよ子責任編集『憲法研究』第4号(2019年1月) 187頁をもとに、その後の展開を追加している。 13 詳細は、https://sentakut
書籍,宇賀克也,新・情報公開法の逐条解説(第8版),3 3頁,4,4,I0000146/I0000150,「学術会議の独立性」を市民で守ろう ～会員任命拒否理由の情報公開訴訟～,第１事件　訴状｜2024年2月20日,批判を可能にし、主権者としての責任ある意思形成を促 進すると指摘される(宇賀克也『新・情報公開法の逐条解説(第8版)』3 3頁)。また、情報公開は、その法理念的基礎を憲法上の国民主権に有して おり、ここから得た情報により行政への適切な参加
書籍,二宮周平編,新注釈民法（１７）,〔神 谷遊〕（有斐閣，２０１７年）１８９頁,4,1,I0000031,結婚の自由をすべての人に訴訟（同性婚訴訟）,【東京 二次提訴】訴状（20210326提訴分）,負う（民法７５２条）。これは婚姻の本質的義務と されている（甲Ａ４３・二宮周平編『新注釈民法（１７）』〔神 谷遊〕（有斐閣，２０１７年）１８９頁）。この義務に基づき， 婚姻したカップルの一方は，他方に対し，同居・協力・扶助
書籍,青山道夫・有地亨編,新版注釈民法(21)〔復刊版〕,"[上野雅和](有斐閣,1989年)",4,3,I0000031/I0000139,結婚の自由をすべての人に訴訟（同性婚訴訟）,【札幌・東京・名古屋・大阪】訴状　東京地裁20190214提訴分,"な役割がある。婚姻の「心理的社会的利益」である。(甲A 16・青山道夫・有地亨編『新版注釈民法(21)〔復刊版〕』 [上野雅和](有斐閣,1989年)179頁)。 このように、法律婚は、親密な関係を基礎に生活をともにしよ うとする当事"
書籍,,旅券法逐条解説,1 68頁,4,4,I0000060,ジャーナリストに渡航の自由を！訴訟【アーカイブ】,原告第４準備書面,法制上は、旅券は個別に特定され た渡航に対して発行されるとの前提に立って」いた(『旅券法逐条解説』1 68頁)。 以上のとおり、平成元年改正前の旅券法の下では、法制上、渡航先を個 別に特定した一般旅券を発行することとな
書籍,,日本国憲法[第4版],366頁,4,4,I0000131,夫婦別姓も選べる社会へ！訴訟,【東京】20241220_第７準備書面（学説の状況）,する。」(15頁) 松井茂記 「第14章平等権」(甲A186) 『日本国憲法[第4版]』366頁 (2022年) 「かつて『家』制度の下では妻は夫の家の姓を名乗っていたことに照らすと、この規定は一見中立的
書籍,佐藤幸治,日本国憲法論〔第2版〕,(成文堂、 2020年),4,4,I0000031/I0000132/I0000151,結婚の自由をすべての人に訴訟（同性婚訴訟）,【札幌】上告受理申立て理由書,2年)82頁、前掲高橋和之『立憲 主義と日本国憲法〔第5版〕』476頁、佐藤幸治『日本国憲法論〔第2版〕』(成文堂、 2020年)53~54頁等参照。 115 前掲千葉勝美「同性婚認容判決と司法部の立ち位置」(甲A501)20
書籍,中川善之助,略說身分法學,(岩波書店、1 930),4,4,I0000031,結婚の自由をすべての人に訴訟（同性婚訴訟）,二宮周平先生 意見書　※民法学者による本件についての意見,得る目的のために婚姻するものでは決してない」 と批判する立場もあった(中川善之助『略說身分法學』(岩波書店、1 930)101頁)。 しかし、家を維持するためには、後継ぎの確保が必須であり、また、 富国強兵にはより多
書籍,,競売の法と経済学,(信山社、2001年),4,2,I0000071/I0000119,コロナ禍、日本社会の理不尽を問う（コロナ特措法違憲訴訟）【アーカイブ】,甲第６０号証の１：阿部泰隆先生　意見書,22号(平成10年夏号)80-90頁による。 - 地域政策学会賞(2002年) 『競売の法と経済学』(信山社、2001年)による。 - 都市住宅学会・著作賞(2003年) 『競売の法と経済学』信山社、2001年)による。
書籍,宇賀克也,行政法概説I行政法総論〔第7版〕,(有斐閣、2020年),4,4,I0000064/I0000095,「セックスワークにも給付金を」訴訟 【アーカイブ】,第4準備書面,・家賃支援給付金給付規程)の法的性質は、 行政法学における「給付規則」(宇賀克也『行政法概説I 行政法総論〔第7版〕』 (有斐閣、2020年)326頁、塩野宏『行政法Ⅰ[第6版] 行政法総論』(有斐 閣、2015年)119頁)に当たり、各
書籍,宇賀克也,行政法概論I行政法総論,有斐閣375頁,4,2,I0000063,クルド難民収容者暴行被害国賠訴訟【アーカイブ】,上告受理申立理由書,理されている(塩野宏『行政法Ⅰ[第六版] 行政法総論』有斐閣147頁、 宇賀克也『行政法概論I 行政法総論』有斐閣375頁、西埜章『国賠法コン メンタール 第3版』勁草書房207頁。なお、下山憲治・友岡史仁・筑紫圭 一『行政法』
書籍,中川善之助,親族法上巻,(青林書院、1960),4,4,I0000031,結婚の自由をすべての人に訴訟（同性婚訴訟）,二宮周平先生 意見書　※民法学者による本件についての意見,うなものも婚姻的 法律要件としては否認されなければならない」と記し(中川善之助 『親族法 上巻』(青林書院、1960)158~159 頁)、同じく我妻栄も、 「婚姻をする意思(婚姻意思)とは、夫婦関係を成立させるとい
書籍,赤川学監訳,われら勝ち得し世界,弘文堂,3,1,I0000031,結婚の自由をすべての人に訴訟（同性婚訴訟）,風間孝先生 赤枝香奈子先生 意見書　「同性カップルの権利と異性愛規範」,"and Intimate Life, Routledge(=2015、赤川学監訳『われら勝ち得し世界』弘文堂。) 70 砂川秀樹監修・編集、2001『パレード:東京レズビアン&ゲイパレード 2000 の記録』ポ ット出版"
書籍,,ゲイ・スタディーズ,172頁,3,2,I0000031,結婚の自由をすべての人に訴訟（同性婚訴訟）,【九州・第４回】原告ら第７準備書面　※スティグマについての書面,都の責任を認め、高裁判決(甲A9号証)は確定した (以上、甲A182号証・風間ら『ゲイ・スタディーズ』172頁以下)。 この事件では、入浴を覗かれたメンバーは、直ちにはそのことを報告しなかっ た。いじめられ、嘲笑されること
書籍,ドイツ憲法判例研究会編,ドイツの憲法判例,(信山社、一九九六),3,3,I0000046/I0000064,在外選挙権確認訴訟【アーカイブケース】,甲２０：戸波江二「最高裁判所の憲法判例と違憲審査の活性化」,以下参照。 (8) さしあたり、ドイツ・アメリカについて、ドイツ憲法判例研究会編『ドイツの憲法判例』(信山社、一九九六)、憲 法訴訟研究会=芦部信喜編『アメリカ憲法判例』(有斐閣、一九九八)所収の判例参照。 (9) 立法
書籍,的正当化とともに再構成しようとする小川亮,一元的司法審査論,(東京大学出版会、2025),3,1,I0000132,「わたしの体は母体じゃない」訴訟,甲143：小川意見書,裁量論及び違憲審査論を、功利主義の学術 的正当化とともに再構成しようとする小川亮『一元的司法審査論』(東京大学出版会、2025)がある。なお、哲学 の査読付論文として、「どこまでも主観的な解釈の方法論」法と哲学第5号(2
書籍,俊義・芦部信喜,全訂日本國憲法,"(日本評論社,1978年)",3,3,I0000031,結婚の自由をすべての人に訴訟（同性婚訴訟）,【大阪・第４回】原告ら第３準備書面　※被告第１準備書面に対する反論等,"学協会編『註解日本國憲法上巻』(甲A19)469~471頁,宮澤 俊義・芦部信喜『全訂日本國憲法』(日本評論社,1978年)(甲A182)261頁,佐 藤功『ポケット註釈全書憲法(上)〔新版〕』(有斐閣,1983年)("
書籍,渥美東洋,刑事訴訟法,"(有斐閣, 2006)",3,3,I0000130/I0000155,人質司法に終止符を！訴訟,訴状_20250324,"ological Analysis (1982)p.196(甲A12)、渥美東洋『刑事訴訟法』(有斐閣, 2006)331頁 (甲A13)参照)。われわれの実務的な感覚に照らしても、例えば軽微な交通事犯 や入管法違"
書籍,,判例プラクティス憲法[第3版],信山社 (2022年),3,3,I0000131,夫婦別姓も選べる社会へ！訴訟,【東京】20241220_第７準備書面（学説の状況）,り続ける。」(22頁) 淺野博宣 「夫婦同氏制」(甲A179) 『判例プラクティス憲法[第3版]』信山社 (2022年)83頁 「憲法24条2項に違反しないとした判断もその理由づけが分かりづらい。夫婦同氏制がもたら
書籍,清野謙次,古代人骨の研究に基づく日本人種論,"岩波書店,1949, p.101. (11)",3,1,I0000076,「琉球人のご先祖の遺骨返還を」訴訟【アーカイブ】,甲15,"・遺稿』京都大学医学部病理学教室,1956, pp.8-9. (10) 清野謙次『古代人骨の研究に基づく日本人種論』岩波書店,1949, p.101. (11) 清野謙次『日本石器時代人研究』岡書院,1928, p.49. (12) 角"
書籍,,同Ⅱ・第7版,),3,1,I0000080,地方議会に横行する「少数派議員潰し」に立ち向かう訴訟【アーカイブ】,土屋訴訟・甲第40〜53号証,"II・第6版』)316 頁~317頁,中嶋直木「地方議会議員の懲罰と司法審査」(『同Ⅱ・第7版』) 300頁~301頁,濱秀和「出席停止の懲罰決議と司法審査」(『地方自治判例 百選』)102頁~103頁,常岡孝好「地"
書籍,,同・第2版,),3,1,I0000080,地方議会に横行する「少数派議員潰し」に立ち向かう訴訟【アーカイブ】,土屋訴訟・甲第40〜53号証,"号2頁)は、行政事 (15) 101頁,拙稿「議員の懲罰決議に対する取消訴訟」(『同・第2版』)106頁 ~107頁,野村武司「議員懲罰規定の遡及適用」(『同・第4版』)224頁な どを参照。 (11)中川剛「議員"
書籍,,地方自治判例百選,),3,1,I0000080,地方議会に横行する「少数派議員潰し」に立ち向かう訴訟【アーカイブ】,土屋訴訟・甲第40〜53号証,"第4版』)224頁な どを参照。 (11)中川剛「議員に対する懲罰処分の性質」(『地方自治判例百選』)90頁~ 91頁,岡田雅夫「議員に対する懲罰処分の性質」(『同・第3版』)116頁~ 117頁,大橋真由美「議員に対す"
書籍,,変態性欲論,(1915年),3,2,I0000031,結婚の自由をすべての人に訴訟（同性婚訴訟）,【東京二次・第４回】原告ら第２準備書面（婚姻の目的論）,"れ,日本社会で「性慾學」が流行した。 当時の性科学者である澤田順次郎と羽太鋭治の『変態性欲論』(1915年)は,同性間の性欲を「性欲本能の倒錯」「正常ならざる性欲」を意味する変態性欲のひとつとし,「不自然な性欲」,"
書籍,小南又一郎,実用法医学綱要,"(京都印書館,昭和21年)",3,3,I0000031,結婚の自由をすべての人に訴訟（同性婚訴訟）,【札幌・第４回】原告ら第４準備書面　※裁判所の釈明への回答,"間孝・河口和也『同性愛と異性愛』(甲A24)104~105頁。 52 小南又一郎『実用法医学綱要』(京都印書館,昭和21年)(甲A201)82~83頁。 53 日本応用心理学会編『心理学講座第8巻』(中山書店,昭和28"
書籍,穂積重遠・中川善之助編,家族制度全集法律篇1婚姻,"(河 出書房,昭和12年)",3,3,I0000031,結婚の自由をすべての人に訴訟（同性婚訴訟）,【札幌・第４回】原告ら第４準備書面　※裁判所の釈明への回答,"192)198~199頁。 39 中川善之助「婚姻法概説」穂積重遠・中川善之助編『家族制度全集法律篇1 婚姻』(河 出書房,昭和12年)(甲A193)20頁。 40 中川善之助『日本親族法』(日本評論社,昭和17年)(甲A194)"
書籍,大村敦志,家族法[第3版],(有斐閣、2010),3,3,I0000031,結婚の自由をすべての人に訴訟（同性婚訴訟）,【東京二次・第8回】原告第16準備書面（憲法14条1項）,家族法——民法を学ぶ[第4版]』(有斐閣、2019)5頁、甲A376・ 大村敦志『家族法[第3版]』(有斐閣、2010)25頁、甲A377・二宮 周平『家族法第5版』(新世社、2019)1頁)、それらはまさしく民法及 び
書籍,刊行委員会編,家族法学の現在と未来,(信山社、2024),3,3,I0000132/I0000134/I0000159,わたしたちはもう待てない〜同性婚仙台家事審判事件,甲B265意見書2025年3月27日,の家族法改正―比較によって考える」潮見佳男先生追悼 論文集(家族法)刊行委員会編『家族法学の現在と未来』(信山社、2024)5頁)が、現行民法上の 同性婚の成立可能性を判断するにあたって現行民法はもはや戦後民法ではないという
書籍,,家族法論,(法律文化社、1958),3,3,I0000031,結婚の自由をすべての人に訴訟（同性婚訴訟）,二宮周平先生 意見書　※民法学者による本件についての意見,は社会の経済 的、政治的条件または道徳的理念によって異なるものである(青山道 夫『家族法論』(法律文化社、1958)62~63 頁)。婚姻法はカップル としての共同生活に社会的承認を付与するものであり、時代、社会
書籍,,尋常小学修身書,(1910年),3,3,I0000031,結婚の自由をすべての人に訴訟（同性婚訴訟）,二宮周平先生 意見書　※民法学者による本件についての意見,姻制度の目的 は生殖と子育てに結びつけられることが多かった。例えば、国定教科 書『尋常小学修身書』(1910年)は、「女子が内に居て一家の世話を なし、家庭の和楽を図るは、やがて一国の良風美俗を造るゆえんなり。 女子の
書籍,詳細は拙著,平等なき平等条項論,東京大学出版会 2008 年),3,3,I0000031/I0000064/I0000159,結婚の自由をすべての人に訴訟（同性婚訴訟）,木村草太先生 意見書　「札幌判決を踏まえた意見書」,あることに基づく差別も当然に同条後段 により禁止されるべきこととなる。詳細は拙著『平等なき平等条項論』東京大学出版会 2008 年)。 また、平等権に基づく不合理な区別の禁止という観点から見ても、差別感情への迎合が、 立法
書籍,,弾劾裁判所年報,1号31頁,3,1,I0000090,司法の独立を脅かす岡口裁判官の罷免訴追に反対します！【アーカイブ】,意見書（山元一）,"できる。」、とする。 24 参照,永田一元「裁判官弾劾法第2条についての一考察」『弾劾裁判所年報』1号31頁。 25 永田・前掲注(24)31頁。 (同条3項),と規定していた。本項を受けて、判事懲戒法が制定された。判"
書籍,杉原泰雄,憲法II統治の機構《有斐閣法学叢書》,177頁,3,3,I0000117,立候補年齢引き下げ訴訟,訴状,、成年者でさえあれば一律にこれらの権利を認める選挙制度である(甲B17:杉原泰雄『憲法II統治の機構《有斐閣法学叢書》』177頁(有斐閣、1989年))。 まず、憲法15条3項は選挙一般における普通選挙の原則を定めたものであり、この保障が被
書籍,,憲法I基本法,"(日本評論社,2016 年)",3,3,I0000031,結婚の自由をすべての人に訴訟（同性婚訴訟）,【札幌・東京・名古屋・大阪】訴状　東京地裁20190214提訴分,"は憲法上許されない,と解すべきではなかろう」(甲A 37・渡辺康行・宍戸常寿ほか『憲法I 基本法』(日本評論社,2016 年)456頁)としており、憲法24条1項は同性カップルの婚姻を禁止す るものではないとしている。"
書籍,長谷部恭男,憲法[第7版],172 頁,3,3,I0000031/I0000117/I0000132,結婚の自由をすべての人に訴訟（同性婚訴訟）,大野友也先生 意見書 ※憲法14条1項（法の下の平等）についての意見書,2点の立証が政府側に課されることとなる。辻村・前掲注(1) 161頁、長谷部恭男『憲法[第7版]』172 頁(新世社、2018年)。芦部信喜は、 性別に基づく差別については「厳格な合理性の審査」に服するとして、その審査
書籍,,憲法〔第4版〕,(勁草書房、2021),3,3,I0000031,結婚の自由をすべての人に訴訟（同性婚訴訟）,二宮周平先生 追加意見書,、近代家族解体の論理をも含意したものとして読むことが できるだろう」と指摘する(『憲法〔第4版〕』(勁草書房、2021) 279頁)。 ここで指摘される近代家族を法的に考察すると、法律婚主義、異 性愛規範、嫡出親子原理
書籍,長谷部恭男,憲法の理性,(東京大学出版会、2006年),3,1,I0000031,結婚の自由をすべての人に訴訟（同性婚訴訟）,【札幌】上告受理申立て理由書,のかという疑問を生ずることになる70 68 婚姻の自由の性質について、長谷部恭男『憲法の理性』(東京大学出版会、2006年) 133頁は、「婚姻は、それに関わる法制度の存在を前提としており、婚姻の自由とは、 法の設
書籍,高橋和之,憲法判断の方法,(有斐閣、1995年),3,3,I0000031/I0000104,結婚の自由をすべての人に訴訟（同性婚訴訟）,【札幌】上告受理申立て理由書,」芦部信喜編『講座憲法訴訟第2巻』(有斐閣、1987年)77 ~78頁、高橋和之『憲法判断の方法』(有斐閣、1995年)12~13頁参照。 105 直接的に社会状況の変化に触れるものではないが、取材の自由の保障に関する
書籍,芦部信喜,憲法学Ⅱ人権総論,（有斐閣 １９９４年）３９３頁,3,2,I0000031,結婚の自由をすべての人に訴訟（同性婚訴訟）,【東京 二次提訴】訴状（20210326提訴分）,である社会の多元性の確保が可能となる」 と指摘する所以である（甲Ａ１７・芦部信喜『憲法学Ⅱ 人権総論』 （有斐閣 １９９４年）３９３頁）。 これに対し，憲法２４条は，「婚姻の自主性を宣言し，個人を自己 目的とする個人主義的
書籍,,憲法学読本第3版,(有斐閣、2018年),3,3,I0000064,「セックスワークにも給付金を」訴訟 【アーカイブ】,第3準備書面,的に捉え、差別の問題は二重構造になっていること を指摘するものとして安西文雄ほか『憲法学読本 第3版』(有斐閣、2018年) 17 103頁以下〔安西文雄〕が挙げられる。差別の「問題の根底には、差別の犠牲者 の社会的構成
書籍,喜著・高橋和之補訂,憲法第七版,(岩波書店、2019),3,3,I0000030/I0000031/I0000131,結婚の自由をすべての人に訴訟（同性婚訴訟）,【東京二次・第8回】原告第16準備書面（憲法14条1項）,思想に由来し、常に最高の目的とされてきた(甲A370・芦部信 喜著・高橋和之補訂『憲法第七版』(岩波書店、2019)129頁)。 そうであれば、そのように憲法の中核をなす「平等」を保障するための憲法 14条1項への
書籍,戸松秀典,憲法訴訟(第2版),(有斐閣、2008年),3,3,I0000031/I0000131,結婚の自由をすべての人に訴訟（同性婚訴訟）,【札幌・第２回】控訴人ら第７準備書面（求釈明に対する回答補足）,れを立法不作為の問題 として構成する必要性は認められないものと解される。戸松秀典『憲法訴訟(第2版)』 (有斐閣、2008年)(甲A505)151~152頁参照。国会の立法義務の懈怠を 直接に違憲審査の対象とするよりも、国
書籍,,改訂親族法逐条解説,94頁,3,3,I0000131,夫婦別姓も選べる社会へ！訴訟,【東京】20250815_第13準備書面（憲法24条1項違反）,され、それが誤って受理された場合には、婚姻は有効に成立し てはいる」(甲A23・『改訂 親族法逐条解説』94頁)と解されてお り、また、別氏のまま海外で婚姻した日本人夫婦の婚姻も有効である 旨、裁判所は繰り返し判断している(
書籍,新堂幸司,新民事訴訟法,[第6版]277頁,3,2,I0000117,立候補年齢引き下げ訴訟,控訴理由書,安定が得られるならば、そのような訴訟物についても確認の利益が認められる(新堂幸司『新民事訴訟法』[第6版]277頁、伊藤眞『民事訴訟法』[第8版]201頁)。控訴人能條及び控訴人久保も、被控訴人を相手方とすることによ
書籍,中川善之助,新訂親族法,(青林書院新社、1965年),3,2,I0000031/I0000131,結婚の自由をすべての人に訴訟（同性婚訴訟）,【札幌】上告受理申立て理由書,法学の現在と近未来』(法律文化 社、2012年)269頁参照。 10 中川善之助『新訂親族法』(青林書院新社、1965年)160~161頁、我妻榮 (有斐閣、1961年)(甲A208)14、18頁、中川淳『親族法逐
書籍,信喜ほか編,日本立法資料全集別巻339,(信山社、2005),3,3,I0000031,結婚の自由をすべての人に訴訟（同性婚訴訟）,二宮周平先生 意見書　※民法学者による本件についての意見,法親族編(明治三十一年)完〕』(京都法政大學講義録、1898〔芦部 信喜ほか編『日本立法資料全集別巻339』(信山社、2005)〕)280、2 82 頁)。婚姻の目的として当事者からは子の生育が、社会からは妻子 の保護者の確定、
書籍,,早すぎた男南部陽一郎物語時代は彼に追いついたか,２０２１年、講談社ブルーバックス、２１６〜２１７頁,3,2,I0000106,本人の意思を無視して日本国籍を一方的にはく奪する「国籍法11条1項は違憲」訴訟,【訴訟１】上告受理申立て理由書（一部カラー）2024年12月21日,国人のままでは米国での研究生活が続けられなくなると危惧したためであった（中嶋 彰『早すぎた男 南部陽一郎物語 時代は彼に追いついたか』２０２１年、講談社ブルーバックス、２１６〜２１７頁）。 #### イ 外的事情（歴史的事情、政治、社会及び経済的環境等）
書籍,宇野重規,民主主義とは何か,49頁,3,3,I0000117/I0000146,立候補年齢引き下げ訴訟,訴状,の自己統治」という民主政治の基礎が築かれ、その営みが徹底された(甲B1:宇野重規『民主主義とは何か』49頁(講談社、2020年))。市民は、誰でも民会と呼ばれる全体集会に参加し、発言し、投票する権利を持ち、「戦争や外交を
書籍,星野英一編,民法典の百年IV,"(有斐閣,1998)",3,3,I0000031,結婚の自由をすべての人に訴訟（同性婚訴訟）,【東京二次・第４回】原告ら第２準備書面（婚姻の目的論）,"8 前田陽一「民法七四二条・八○二条(婚姻無効・縁組無効)」広中俊雄,星野英一編『民法典の百年IV』(有斐閣,1998)8~9頁参照)。 明治民法でも,産子の能力は,婚姻の無効・取消原因や離婚理由ともされず,解釈論上も,"
書籍,熊野敏三・岸本辰雄,民法正義人事編卷之壱,(甲A186),3,3,I0000031,結婚の自由をすべての人に訴訟（同性婚訴訟）,【札幌・第５回】原告ら第６準備書面　※被告第２準備書面に対する反論等,"本辰雄『民法正義人事編巻之壱』(甲A186)143頁。 48 熊野敏三・岸本辰雄『民法正義人事編卷之壱』(甲A186)156頁。 49 浅古弘ほか編『日本法制史』(甲A178)314頁。 50 なお,旧民法人事編以前の慣習に"
書籍,梅謙次郎,民法要義巻之四,甲Ａ９・１１８頁,3,2,I0000031/I0000159,日本でもマリアージュしたいねん～海外で成立した同性婚の受理を求める裁判～,c231009家事審判申立書（民法の全条文が同性婚と両立すること等）,ベカラザルハ言ハズシテ明カナリ。故ニ我民法ニ於テハ 之ガ規定ヲ設ケズ」（梅謙次郎『民法要義巻之四』・甲Ａ９・１１８頁） （現代語訳・・・外国の法律のなかには、しばしば、当事者双方が共に男 子又は女子の場合においては婚姻
書籍,岡村司,民法親族編(明治三十一年)完〕,"(京都法 「政大學講義録,1898〔芦部 信喜ほか編『日本立法資料 全集別巻339』(信山社, 2005)",3,3,I0000031,結婚の自由をすべての人に訴訟（同性婚訴訟）,【大阪・第５回】証拠説明書５（甲A227から307）,"作成者 立証趣旨 甲A 239- 40 岡村司『民法親族編(明治 三十一年)完〕』(京都法 「政大學講義録,1898〔芦部 信喜ほか編『日本立法資料 全集別巻339』(信山社, 2005))) 280,"
書籍,長谷部恭男編,注解日本国憲法(2),(有斐閣、2017年),3,3,I0000111/I0000131,日米同性カップル在留資格訴訟  〜家族そろって日本で暮らすために〜【アーカイブ】,近藤敦教授意見書（添付資料）,基本的人 権の事件簿〔第5版〕(有斐閣、2015年) 33-34頁。長谷部恭男編『注解日本国憲法(2)』 (有斐閣、2017年)〔川岸令和執筆〕。白水隆「同性愛者に対する公共施設宿泊拒否」長谷 部恭男ほか編『憲法判例百選Ⅰ〔
書籍,法学協会,注解日本國憲法上巻,"(有斐閣,1 953年)",3,3,I0000031/I0000139,結婚の自由をすべての人に訴訟（同性婚訴訟）,【札幌・東京・名古屋・大阪】訴状　東京地裁20190214提訴分,"個人主義的家族観に基づいた、家族生活の法律的調整を要 求し」(甲A19・法学協会『注解日本國憲法 上巻』(有斐閣,1 953年)470頁),「憲法24条と両立しない旧法の規定は改廃 され,婚姻の自由が大幅に増大した」のである"
書籍,加藤聖文監修・編,海外引揚関係史料集成(国内編)第9巻,"ゆまに書房, 2002, p.124.)",3,1,I0000132,「わたしの体は母体じゃない」訴訟,甲19：旧優生保護法に基づく優生手術等を受けた者に対する一時金の支給等に関する法律第21条に基づく調査報告書（抜粋）,"。 49 博多引揚援護局「局史」(昭和22年9月)p.108.(加藤聖文監修・編『海外引揚関係史料集成(国内編)第9巻』 ゆまに書房, 2002, p.124.)。二日市保養所については上坪隆『昭和史の記録 水子の譜—引揚孤児と犯された女た"
書籍,熊本悦明編,現代の性(からだの科学臨時増刊),"(日本評論社,昭和56年)",3,3,I0000031,結婚の自由をすべての人に訴訟（同性婚訴訟）,【札幌・第４回】原告ら第４準備書面　※裁判所の釈明への回答,"愛』(甲A213)32頁。 72 小林司「文化論的にみた性のありかた」熊本悦明編『現代の性(からだの科学臨時増刊)』 (日本評論社,昭和56年)(甲A215)180頁。 73 宮本忠雄・平山正実「性行動の心理的異常」熊本悦明編『現代の性"
書籍,中川善之助,略說身分法学,(岩波書店、1930年),3,3,I0000031/I0000134/I0000159,わたしたちはもう待てない〜同性婚仙台家事審判事件,甲B265意見書2025年3月27日,て、人は子を得る目的のために婚姻す るものでは決して」ないとしていた(中川善之助『略說身分法学』(岩波書店、1930年) 101 頁)。また婚姻制度は、「婚姻のために婚姻する」結合の中から、「道徳社会上の要求の 主要
書籍,中川善之助はその著,略説身分法学,(岩波書店、1930),3,3,I0000031/I0000134/I0000159,わたしたちはもう待てない〜同性婚仙台家事審判事件,甲B265意見書2025年3月27日,されると考えられていた男女間の優 劣を前提とするものであった。中川善之助はその著『略説身分法学』(岩波書店、1930) 107 頁において、婚姻の原理を説明するにあたって、「妻の女性的劣位は法律が之を無能力 とするこ
書籍,,相関社会科学,第22号(2012年),3,3,I0000031,結婚の自由をすべての人に訴訟（同性婚訴訟）,【札幌・第７回】原告ら第１３準備書面　※明治期以降の社会の認識、差別・スティグマ、同性婚の実現と尊厳,とされている(甲A398号証、石原英樹「日本における同性愛に対する寛容性の拡大」『相関社会科学』第22号(2012年))。 しかしながら、日本社会には、これまで見てきた通り、同性愛者を含む性的マイノリティに対する根強
書籍,前掲高橋和之,立憲主義と日本国憲法〔第5版〕,476頁,3,2,I0000031/I0000132,結婚の自由をすべての人に訴訟（同性婚訴訟）,【札幌】上告受理申立て理由書,114 芦部信喜『憲法学I 憲法総論』(有斐閣、1992年)82頁、前掲高橋和之『立憲 主義と日本国憲法〔第5版〕』476頁、佐藤幸治『日本国憲法論〔第2版〕』(成文堂、 2020年)53~54頁等参照。 115 前掲千葉勝美「同性婚認
書籍,,立憲主義と日本国憲法第5版,87~88頁,3,3,I0000031,結婚の自由をすべての人に訴訟（同性婚訴訟）,【東京二次・第7回】原告第１４準備書面（憲法２４条２項に関する主張の補充）,の有無を検討する緩やかな審査はなされないと、高橋教授 は説いている(甲A344・『立憲主義と日本国憲法 第5版』87~88頁、 甲A345・巻美矢紀 法律時報118頁)。 ### (2)上記の規範的統制力が、立法・司法の場で実際に
書籍,,編集復刻版優生保護法関係資料集成第2期市民運動編第8巻,"六花出版, 2021, p.288.)",3,1,I0000132,「わたしの体は母体じゃない」訴訟,甲25：優生保護法から母体保護法へー平成８年改正以降,"ついて(与党厚生調整会議及び与党福祉PT三座長試案)」(平成8年6 月10日)(『編集復刻版 優生保護法関係資料集成 第2期 市民運動編 第8巻』六花出版, 2021, p.288.) 46 南野知恵子「優生保護法の一部改正について」『看護』49巻1号, 1997."
書籍,下山憲治・友岡史仁・筑紫圭一,行政法,日本評論社 87 頁,3,2,I0000063,クルド難民収容者暴行被害国賠訴訟【アーカイブ】,上告理由書,ンメ ンタール 第3版』勁草書房 207頁。なお、下山憲治・友岡史仁・筑紫圭一 『行政法』日本評論社 87 頁は他事考慮と同一の類型として整理している。) (2) 目的違反・動機違反とされる拘束は憲法31条にも
書籍,中川善之助監修,註解親族法,(法文閣、1949年),3,3,I0000031,結婚の自由をすべての人に訴訟（同性婚訴訟）,【札幌】上告受理申立て理由書,』(青林書院、1958年)(甲A207)158~159頁。 31 中川善之助監修『註解親族法』(法文閣、1949年)(甲A206)61~62頁(山 中康雄執筆部分)。現行民法施行年(昭和23年〔1948年〕)に優生
書籍,長谷部恭男編,註釈日本国憲法(2),477頁,3,3,I0000060/I0000106,ジャーナリストに渡航の自由を！訴訟【アーカイブ】,原告第６準備書面,19)、長谷部恭男『憲法(第7版)』 253頁(新世社、2018)、長谷部恭男編『註釈日本国憲法(2)』477頁(有斐閣、2017) 〔宍戸常寿〕。 15 が当該渡航先における日本国民の一般的な信用又は利益を著しく害してい
書籍,,講座家族問題と家族法,パンフ レット(酒井書店、1957),3,3,I0000031,結婚の自由をすべての人に訴訟（同性婚訴訟）,二宮周平先生 意見書　※民法学者による本件についての意見,の親から守らなければならないほど家は封建的だと発 言したり(宗像誠也「家と教育」『講座 家族問題と家族法』パンフ レット(酒井書店、1957)より)、当時の農村では、農業収入は家に 帰属し、各構成員はこれにより庇護を受け、夫婦
書籍,川井進ほか編,講座現代家族法,（日本評論社，１９９２年),3,3,I0000031,結婚の自由をすべての人に訴訟（同性婚訴訟）,【東京 二次提訴】訴状（20210326提訴分）,利であることが強調された（甲Ａ２０・棚村政行「現代アメリカ家族 法」川井進ほか編『講座 現代家族法』（日本評論社，１９９２年)１４ １頁）。 夫婦を含め広く避妊薬・避妊具の使用を禁じたコネティカット州法の合 憲性が問われ
書籍,木棚照一,逐条注解国籍法,〔日本加除 出版、2003年〕 339頁,3,3,I0000106,本人の意思を無視して日本国籍を一方的にはく奪する「国籍法11条1項は違憲」訴訟,【訴訟１】証拠説明書（３）,側が、外国籍の取 得は日本国籍の放棄をも合意して いるという「擬制」(木棚照一 『逐条注解 国籍法』 〔日本加除 出版、2003年〕 339頁)に 固執しても、そう考えない人々が 増加することは止められない。そ のとき、
書籍,集刊行委員会編,21世紀の家族と法,(法学書院、2008),2,2,I0000134/I0000159,わたしたちはもう待てない〜同性婚仙台家事審判事件,甲B265意見書2025年3月27日,」(棚村政行「事実婚・同性婚の法的保護」小野幸二教授古希記念論文 集刊行委員会編『21世紀の家族と法』(法学書院、2008) 319-320 頁)ところ、現行民法上で同性カ ップルが婚姻の届出をすることができないと解しなが
書籍,二宮周平編,LGBTQの家族形成支援,(信山社、2023),2,2,I0000134/I0000159,わたしたちはもう待てない〜同性婚仙台家事審判事件,甲B265意見書2025年3月27日,ではない。 14日本における同性カップルによる子育て等の現状について、二宮周平編『LGBTQ の家族形成支援』 (信山社、2023)19 頁以下、杉山麻里子「セクシュアルマイノリティの家族形成」二宮周平・風間 『家族の変容と法制度
書籍,,LGBTQの家族形成支援:生殖補助医療・養子&里親による,"信山社. 平山亮,2023,「質問紙調査から把握される性的マイノリティとその家族の『実",2,2,I0000031,結婚の自由をすべての人に訴訟（同性婚訴訟）,新ヶ江章友先生 意見書,":33-46. 二宮周二,2019,『家族法』 新世社. ————, 2022,『LGBTQ の家族形成支援:生殖補助医療・養子&里親による』 信山社. 平山亮,2023,「質問紙調査から把握される性的マイノリティとその家族の『実態』」『家族研究 年報』48:4"
書籍,前川直哉,〈男性同性愛者〉の社会史,"(作品社,平成29年)",2,1,I0000031,結婚の自由をすべての人に訴訟（同性婚訴訟）,【札幌・第４回】原告ら第４準備書面　※裁判所の釈明への回答,"日米女性ジャーナル17号(平成6年)(甲A181)37~ 40頁。 9 前川直哉『〈男性同性愛者〉の社会史』(作品社,平成29年)(甲A182)28頁。 10 熊野敏三『民法草案人事編理由書上巻』(明治21年頃)(甲A183)。"
書籍,伊藤眞ほか編,これからの民事実務と理論,"(民事法研 究会,2019年)",2,2,I0000031,結婚の自由をすべての人に訴訟（同性婚訴訟）,【大阪・第４回】原告ら第３準備書面　※被告第１準備書面に対する反論等,"97)684~ 685頁参照。 116 福田剛久「判例の形成と学説」伊藤眞ほか編『これからの民事実務と理論』(民事法研 究会,2019年)61頁。 60 【リンクはご自由にお貼りください】 【有償配布及び Web(ホームペー"
書籍,大谷藤郎,らい予防法廃止の歴史―愛は打ち克ち城壁崩れ陥ちぬ―,"勁草書房, 1996, pp.344-347, 352-358,368-379. 22",2,1,I0000132,「わたしの体は母体じゃない」訴訟,甲25：優生保護法から母体保護法へー平成８年改正以降,"ます。そういう点で、どういった扱いができるかということは、この法 21 大谷藤郎『らい予防法廃止の歴史―愛は打ち克ち城壁崩れ陥ちぬ―』勁草書房, 1996, pp.344-347, 352-358,368-379. 22 『朝日新聞』夕刊,1994.1."
書籍,野中=江橋=浦部=戸波,ゼミナール憲法裁判,(日本評論社、一九八一),2,2,I0000046/I0000123,在外選挙権確認訴訟【アーカイブケース】,甲２０：戸波江二「最高裁判所の憲法判例と違憲審査の活性化」,・権利救済と実際上の当事者の社会的地位との落差について、野中=江橋=浦部=戸波 『ゼミナール憲法裁判」(日本評論社、一九八一)二九八頁以下〔江橋執筆〕参照。 (35) 戸波「国の関与しない違憲判決?」法学教室一六六号(一九
書籍,日本経済団体連合会,ダイバーシティ・インクルージョン社会の実現に向けて,(2017年5月16日),2,2,I0000031,結婚の自由をすべての人に訴訟（同性婚訴訟）,【東京・第５回】証拠説明書８（甲A211－1から211-68）,211- 62 日本経済団体連合会 『ダイバーシティ・ インクルージョン社 会の実現に向けて』 (2017年5月16日) 写 2017年(平成29 年)5月16日 日
書籍,栗城壽夫・戸波江二・嶋崎健太郎編,ドイツの憲法判例III,信山社(2008),2,2,I0000031/I0000151,結婚の自由をすべての人に訴訟（同性婚訴訟）,渡邉泰彦先生 意見書,以下、三宅雄彦「生活パートナーシップ法の合憲性」栗城壽夫・戸波江二・嶋崎健太郎編『ドイツの憲法判例III』信山社(2008)189頁以下で紹介している。 (15) 両裁判については、渡邉・前掲産大法学43巻3・4号を参照。 (
書籍,及びウィリアム・A・シャバス,ノワクのCCPR解説第3版改訂版,(2019 年),2,1,I0000128,人種差別的な職務質問をやめさせよう！訴訟｜#STOPレイシャルプロファイリング,甲76　E.テンダイ・アチウメ「意見書」,文書: CCPR/C/96/D/1493/2006、及びウィリアム・A・シャバス『ノワクのCCPR解説 第3版改訂版』(2019 年)CCPR第2条第84段落 121 ウィリアム・A・シャバス「ノワクのCCPR解説第3版」 (2019年)
書籍,,ファーストステップ憲法,145頁,2,2,I0000031,結婚の自由をすべての人に訴訟（同性婚訴訟）,安西文雄先生意見書（2024年1月24日）,ュー・プロセス条項は国家か 28 工藤達朗「憲法における婚姻と家族」赤坂正浩ほか『ファーストステップ憲法』 145頁、1 53頁~154頁(有斐閣、2005年)は、「婚姻の自由の根拠条文は、13条ではなく、2 4条である」とし
書籍,,世界の人権保障,(三省堂、2017年),2,2,I0000031/I0000090,結婚の自由をすべての人に訴訟（同性婚訴訟）,鈴木賢先生 意見書　※台湾で施行された同性間の婚姻に関わる法律について,階級、党派の別なく、法律上一律平等であ る」。 4 李仁淼「台湾」 中村睦男ほか『世界の人権保障』(三省堂、2017年)161頁以下参照。 2 が可能だったのは、この憲法にはもともと近代立憲主義的諸価値が盛り込まれてい
書籍,,中小企業信用保険公庫,(2004年に中小企業金融公庫が信用保険業務を継承し2008年に株式会社日本政策金融公 庫に組織変更),2,2,I0000064,「セックスワークにも給付金を」訴訟 【アーカイブ】,甲94：福島県コロナ拡大防止給付金要項,証に対して再保険を行なう (信用保証協会のリスクをカバーする) 政府機関 として『中小企業信用保険公庫』 (2004年に中小企業金融公庫が信用保険業務を継承し2008年に株式会社日本政策金融公 庫に組織変更)が設立され、ここ
書籍,近藤敦,人権法,(日本評論社、2020年),2,2,I0000031/I0000111,日米同性カップル在留資格訴訟  〜家族そろって日本で暮らすために〜【アーカイブ】,近藤敦教授意見書（添付資料）,21年)212頁、辻村みよ子『憲法〔第7版〕』(日本評論社、)150頁、 近藤敦『人権法』(日本評論社、2020年)95、100頁(以下、近藤、2020年と略す)。 27 このような人権条約適合的解釈、すなわち
書籍,近藤敦,人権法〔第2版〕,(日本評論社、2020年),2,2,I0000111/I0000135,日米同性カップル在留資格訴訟  〜家族そろって日本で暮らすために〜【アーカイブ】,近藤敦教授意見書（添付資料）,・三宅雄彦編『ド イツの憲法判例』(信山社、2021年)162頁。 36 近藤敦『人権法〔第2版〕』(日本評論社、2020年)135頁。君塚正臣「同性愛者に対す る公共施設宿泊拒否」長谷部恭男ほか編『憲法判例百選I〔第6
書籍,村上正直,人種差別撤廃条約と日本,日本評論社、2005 年、20~21頁,2,2,I0000085/I0000096,「人種差別を許さない」訴訟　～警察官による母子の不当聴取と個人情報の漏洩～,甲２４　意見書（青山学院大学教授申惠丰） ,目的又は効果」が必要である。目的又は効果のいずれか が存在すれば足りる(村上正直『人種差別撤廃条約と日本』日本評論社、2005 年、20~21頁)。そのような目的がなく、又はその存在が立証できない場合で あっても、行為の「効果
書籍,,児童の権利に関する条約,(平成6 年条約第62号),2,2,I0000085/I0000087,「人種差別を許さない」訴訟　～警察官による母子の不当聴取と個人情報の漏洩～,甲２４　意見書（青山学院大学教授申惠丰） ,『市民的及び政治的権利に関する国際規約』 (昭和54年条約第7号)を、平成6年に『児童の権利に関する条約』(平成6 年条約第62号)をそれぞれ批准した。これらの条約には、児童が出生によっ ていかなる差別も受けない旨の規定が設け
書籍,,全訂日本国憲法(第2版),643頁,2,2,I0000030,「海外でも国民審査を」訴訟【アーカイブ】,上告受理申立理由書,定めるところは、すべて、国民審査に参加する資格に ついて準用されるべきである」(『全訂日本国憲法(第2版)』643頁)と述 べる。選挙権と投票権とは、国民主権に不可欠の参政権として同一の性質を有 し、憲法によって同等の保護が与え
書籍,早津裕貴,公務員の法的地位に関する日独比較法研究,(日本評論社、2022年),2,1,I0000116,「会計年度任用職員にも労働基本権を！」訴訟,書証（甲２６）_意見書 ※期日において甲２７と訂正,とができる」ことを前提に論ずる必要があるとしていた(同136頁)。 2 早津裕貴『公務員の法的地位に関する日独比較法研究』(日本評論社、2022年)の第2編第3章参照。 3 こういった基本的発想については、西谷敏『労働組合法〔第3版〕』(有斐
書籍,,公文書問題日本の「闇,の核心』113頁,2,1,I0000146,「学術会議の独立性」を市民で守ろう ～会員任命拒否理由の情報公開訴訟～,準備書面１２（文書の不存在等に対して存在が認められた判例及び事例について）｜2026年6月9日,や情報公開法の適用を逃れようとする手口」として批判されている ところである(前掲『公文書問題 日本の「闇」の核心』113頁及び11 4頁(甲A97))。 また、被告は、「仮に被告の各職員において…行政文書を取得すること があっ
書籍,荒木尚志,労働時間の法的構造,(有斐閣、2001年),2,1,I0000070,「人間を育てる教員に、人間らしい働き方を」訴訟【アーカイブ】,第10回裁判資料_鑑定意見書（高橋哲先生）実印差し替え,1月15日第200回国会衆議院文部科学委員会会議録7号11 頁。 21 荒木尚志『労働時間の法的構造』(有斐閣、2001年)247-248頁。なお、「純粋指揮命令下」 説に立つ見解においても、「『指揮命令』の存在は緩やかに
書籍,西谷敏,労働法〔第3版〕,(日本評論社、2020 年),2,2,I0000070/I0000116,「会計年度任用職員にも労働基本権を！」訴訟,書証（甲２６）_意見書 ※期日において甲２７と訂正,、合理的 根拠を欠く規制緩和は憲法27条2項の趣旨に反する」とされている(西谷敏『労働法〔第3版〕』(日本評論社、2020 年)27頁)。 16 こういった基本的発想に関しては、早津・前掲注11)74頁以下参照。 17
書籍,秋吉仁美編,医療訴訟,(青林書 院、2009),2,1,I0000132,「わたしの体は母体じゃない」訴訟,甲143：小川意見書,を概観しつつこの点を指摘するものとして、坂田大悟「美容整形を巡る問題」秋吉仁美編『医療訴訟』(青林書 院、2009)。 きた42。すなわち、現在、医師によって担われている行為のうち、美容整形や眼科のレーシック手
書籍,,同II・第6版,),2,1,I0000080,地方議会に横行する「少数派議員潰し」に立ち向かう訴訟【アーカイブ】,土屋訴訟・甲第40〜53号証,"行政判例百選Ⅰ』)」64頁~ 66頁,安念潤司「地方議会議員の懲罰と司法審査」(『同II・第6版』)316 頁~317頁,中嶋直木「地方議会議員の懲罰と司法審査」(『同Ⅱ・第7版』) 300頁~301頁,濱秀和「出席停"
書籍,,同II・第7版,),2,1,I0000080,地方議会に横行する「少数派議員潰し」に立ち向かう訴訟【アーカイブ】,土屋訴訟・甲第40〜53号証,"」(『同Ⅱ・第7版』)310頁~311頁,磯村篤範「空港騷 音と供用関連瑕疵」(『同II・第7版』)494頁~495頁などを参照。 (39) 古城誠「定期航空運送事業免許と第三者の原告適格」(『行政判例百選II. 35"
書籍,,同・第3版,),2,1,I0000080,地方議会に横行する「少数派議員潰し」に立ち向かう訴訟【アーカイブ】,土屋訴訟・甲第40〜53号証,"『地方自治判例百選』)90頁~ 91頁,岡田雅夫「議員に対する懲罰処分の性質」(『同・第3版』)116頁~ 117頁,大橋真由美「議員に対する懲罰処分の性質」(『同・第4版』)223 頁などを参照。 (12) 芦部"
書籍,,同性婚-誰もが自由に結婚する権利,(明石書店、甲A15),2,2,I0000031,結婚の自由をすべての人に訴訟（同性婚訴訟）,【九州・第３回】原告ら第４準備書面（婚姻できないことによる、法律上・事実上の不利益）,が発信されているところであるが、例えば、原告らから既に証拠として提出して いる『同性婚-誰もが自由に結婚する権利』(明石書店、甲A15)では、以下 のような当事者の声が紹介されている(以下のページ数は全て甲A15のもの。 また、複数の
書籍,,同性婚法制化のためのQ&A,(岩波書店、初版、2024年2月),2,2,I0000031/I0000134,わたしたちはもう待てない〜同性婚仙台家事審判事件,第１準備書面2024年10月1日,トし た。最新のものでは、「結婚の自由をすべての人に」訴訟全国弁護団連絡会 著の『同性婚法制化のためのQ&A』(岩波書店、初版、2024年2月) や千葉勝美著の『同性婚と司法』(岩波書店、初版、2024年2月)など がヒットする。
書籍,日法制意見・大蔵省主計局共済課監修,国家公務員等共済組合関係通達実例集,133頁,2,2,I0000067,「同性パートナーにも犯罪被害の遺族給付金を」訴訟,控訴理由書,"集』968頁(2001年),昭和38年9月28日法制意見・大蔵省主計局共済課監修『国家公務員等共済組合関係通達実例集』133頁以下(ぎょうせい、1966年)参照),裁判例において、近親婚の禁止に触れる内縁関係は,遺族年金が公的給付でもあっ"
書籍,村上重良著,国家神道,(岩波新七七○、岩波書店、一九七〇年),2,2,I0000123,県知事の公務での護国神社参拝取りやめをー政教分離原則の違反を問うー,甲51 招魂社の発生 津田勉,天史」(明治四十四年刊行。復刻版 マツノ書店復 平成三年)。 (1) 村上重良著『国家神道」(岩波新七七○、岩波書店、一九七〇年)。 (13) 『白石正一郎日記』(『白石家文書』所収、下関市教育委員会編集・刊行、
書籍,三輪富十・岩崎勝三郎,国籍法注釈,(榊原文盛堂・小林仙鶴堂、1899(明治32),2,2,I0000106,本人の意思を無視して日本国籍を一方的にはく奪する「国籍法11条1項は違憲」訴訟,【訴訟１】証拠説明書（１）,いて、「一国に不忠不義なる者に科する人為的制裁を意味」する(三輪富十・岩崎勝三郎『国籍法注釈』(榊原文盛堂・小林仙鶴堂、1899(明治32)年)とする解説がなされていたこと。(546頁) 自己の志望によって外国国籍
書籍,岩沢雄司,国際法[第2版],の50 8頁,2,2,I0000131,夫婦別姓も選べる社会へ！訴訟,【東京】202508225_第19準備書面（条約）,様に、原則として直接適用可能であると 推定されるべきである(甲A350・岩沢雄司『国際法[第2版]』の50 8頁、514頁、523~525頁)。 そのようにして推定した上で、直接適用可能性を根拠づける基準では なく、これ
書籍,杉原泰雄,地方自治の憲法論(補訂版),154頁,2,2,I0000117,立候補年齢引き下げ訴訟,訴状,性やそれらの意味内容を明らかにすることも困難」であると指摘する(甲B7:杉原泰雄『地方自治の憲法論(補訂版)』154頁(勁草書房、2011年))。国民主権原理は「人民による、人民のための政治」を徹底して求めるものであるところ(同1
書籍,杉原泰雄,地方自治の憲法論[補訂版],185頁,2,2,I0000117,立候補年齢引き下げ訴訟,控訴理由書,な形で具体化したのが、議会に代わる町村総会(地方自治法94条。甲B66:杉原泰雄『地方自治の憲法論[補訂版]』185頁参照)である。そこでは「選挙権を有する者」=18歳以上の住民が構成員となり職務執行を行うこととされていることから
書籍,,変態・資料,(1926),2,2,I0000031,結婚の自由をすべての人に訴訟（同性婚訴訟）,風間孝先生 赤枝香奈子先生 意見書　「同性カップルの権利と異性愛規範」,)、『性』(1920)、『性欲と人 生』(1920)、『変態性欲』(1922)、『変態・資料』(1926)、『セックス』 (1926)、『犯罪科学』(1930)、『犯罪公論』(1931)といった雑誌が次々に発行され
書籍,,変態心理,(1917),2,2,I0000031,結婚の自由をすべての人に訴訟（同性婚訴訟）,風間孝先生 赤枝香奈子先生 意見書　「同性カップルの権利と異性愛規範」,であった。とりわけこの時期の性欲学の流行を支えたのは雑誌群である。主な ものでも『変態心理』(1917)、『性之研究』(1919)、『性』(1920)、『性欲と人 生』(1920)、『変態性欲』(1922)、『変
書籍,,変態性欲,(1922),2,2,I0000031,結婚の自由をすべての人に訴訟（同性婚訴訟）,風間孝先生 赤枝香奈子先生 意見書　「同性カップルの権利と異性愛規範」,)、『性之研究』(1919)、『性』(1920)、『性欲と人 生』(1920)、『変態性欲』(1922)、『変態・資料』(1926)、『セックス』 (1926)、『犯罪科学』(1930)、『犯罪公論』(1931)
書籍,,変態性欲心理,(1913年),2,2,I0000031,結婚の自由をすべての人に訴訟（同性婚訴訟）,風間孝先生 赤枝香奈子先生 意見書　「同性カップルの権利と異性愛規範」,alis (1886年)は、「色情狂編」(『裁判医学雑誌』1891-95年)や 『変態性欲心理』(1913年)として出版され、日本でも大きな影響力をもった。性科学は 日本では性欲学と訳されたが、性欲学の書物や雑誌が次
書籍,後掲,天皇と神道,173~193頁,2,2,I0000123,県知事の公務での護国神社参拝取りやめをー政教分離原則の違反を問うー,甲45 佐々木弘通「信教の自由・政教分離」,は、 以下の三つに整理できるルールによってこの問題に対処した(ウッダード・ 後掲『天皇と神道』173~193頁)。[A] 戦没者の葬儀や記念式典などは、私的 になされるべきであり、公的な主催はむろん、公共施設の使用
書籍,,夫婦同氏制は、婚姻前の氏を通称として使用することまで許さないというものではなく･･･,(民集 2595 頁,2,2,I0000131,夫婦別姓も選べる社会へ！訴訟,【東京】20241220_第７準備書面（学説の状況）,の合理性を損うものであってはならない。このように考えると、平成27年大法廷判決の『夫婦同氏制は、婚姻前の氏を通称として使用することまで許さないというものではなく･･･』(民集 2595 頁)と述べたことは、すでに多くの指摘があるように、夫婦同氏制の合理性を維持するための説明であると同時に
書籍,,女装と日本人,講談社,2,2,I0000031,結婚の自由をすべての人に訴訟（同性婚訴訟）,風間孝先生 赤枝香奈子先生 意見書　「同性カップルの権利と異性愛規範」,初出 1885年)。 前川直哉、2011『男の絆』筑摩書房。 三橋順子、2008『女装と日本人』講談社。 森鴎外、1972「ヰタ・セクスアリス」『森鴎外全集第五巻』岩波書店(初出 1909 年)。 湯沢雍彦、2005
書籍,,実務戸籍法改訂版,(法務省民事局法務研究会編、1990年),2,2,I0000106,本人の意思を無視して日本国籍を一方的にはく奪する「国籍法11条1項は違憲」訴訟,【訴訟１】第３回期日報告集会資料（第２弾）_20230313,失し、かつ外国で居住する者に国籍喪失届の届出義務がないことを認める。(17頁) 『実務戸籍法 改訂版』 (法務省民事局法務研究会編、1990年)225ページ 国籍喪失届の届出人について 「国籍喪失者本人については、外国人で
書籍,,実務注釈定期借家法,(信山社、2000年),2,2,I0000071/I0000119,コロナ禍、日本社会の理不尽を問う（コロナ特措法違憲訴訟）【アーカイブ】,甲第６０号証の１：阿部泰隆先生　意見書,と経済学』信山社、2001年)による。 - 都市住宅学会・著作賞(2003年) 『実務注釈定期借家法』(信山社、2000年)による。 - 都市住宅学会賞・著作賞(2004年) 「民法と行政法における違法性と救済手段の違いと
書籍,,家族と法,40頁,2,2,I0000031/I0000131,結婚の自由をすべての人に訴訟（同性婚訴訟）,【九州・第４回】原告ら第８準備書面　※被告第２準備書面第１（「現行の婚姻制度の由来、沿革、趣旨、目的等」）への反論等,現するための婚姻制度があっ た。」との記載がある。 この部分の筆者である二宮は、『家族と法』40頁において、家族の機 能・目的を詳細に記述しており、すなわち、「今日においても家族には多 様な機能がある。家族の中で
書籍,二宮周平・風間,家族の変容と法制度の再構築,(法律文化社、2022),2,2,I0000134/I0000159,わたしたちはもう待てない〜同性婚仙台家事審判事件,甲B265意見書2025年3月27日,)19 頁以下、杉山麻里子「セクシュアルマイノリティの家族形成」二宮周平・風間 『家族の変容と法制度の再構築』(法律文化社、2022) 136 頁、同『ルポ同性カップルの子ど もたち』(岩波書店、2016)などがある。杉山が述べる
書籍,,家族問題と家族法II,61~62頁,2,2,I0000031,結婚の自由をすべての人に訴訟（同性婚訴訟）,【九州・第４回】原告ら第８準備書面　※被告第２準備書面第１（「現行の婚姻制度の由来、沿革、趣旨、目的等」）への反論等,婚姻はつねに親子関係を予定し」という部分は、執行嵐=有地亨 「婚姻と社会統制」(『家族問題と家族法II』61~62頁)の孫引きで あるところ、ここは、有史以来人類には様々な形態の婚姻があったことを 示した上で、親子関係とは必
書籍,大村敦志,家族法(第3版),(有斐閣法律叢書、2010),2,2,I0000134/I0000159,わたしたちはもう待てない〜同性婚仙台家事審判事件,甲B265意見書2025年3月27日,民法は、抽象的・定型的に、男女間において婚 姻を認めたものである」として大村敦志『家族法(第3版)』(有斐閣法律叢書、2010)が 引用されているが、不適切な引用であると考える。大村敦志が「異性性の消滅」という項目 の中
書籍,柳勝司編,家族法(第4版),(嵯峨野書院、2019),2,2,I0000134/I0000159,わたしたちはもう待てない〜同性婚仙台家事審判事件,甲B265意見書2025年3月27日,処遇を否定する見解は見当たらない。 16 2022)50-51 頁、柳勝司編『家族法(第4版)』(嵯峨野書院、2019)65-66 頁)、松川正毅 『民法親族・相続(第7版)』(有斐閣アルマ、2022)70 頁)、事
書籍,,家族法(第5版),(新世社、2022),2,2,I0000134/I0000159,わたしたちはもう待てない〜同性婚仙台家事審判事件,甲B265意見書2025年3月27日,類で同性婚に触れるものが増加したとはいえ、立法論や比較法に徹するもの(二宮周 平『家族法(第5版)』(新世社、2022)33-35 頁)、同性婚が認められないことを当然の前 提とするもの(前田陽一・本山敦・浦野由紀子『民
書籍,窪田充見,家族法〔第2版〕,"(有斐閣,2013 145 ~146頁",2,2,I0000031,結婚の自由をすべての人に訴訟（同性婚訴訟）,【大阪・第５回】証拠説明書５（甲A227から307）,"成者 立証趣旨 甲A 239- 30の1 【窪田充見『家族法〔第2 版〕』(有斐閣,2013 145 ~146頁 (特に155頁) 写し 2013年 窪田充見 「窪田充見教授は、同"
書籍,,家族法第6版,(新世社・2024年),2,2,I0000031,結婚の自由をすべての人に訴訟（同性婚訴訟）,【大阪】上告理由書,と司法の権限分配を何ら侵害するものではない こと 二宮周平教授は、最近改訂された『家族法 第6版』(新世社・2024年) において、次のように指摘する。 「(同性婚の法制化は)条文の語句修正で足りる。これは、同性婚を法
書籍,植木淳,平等原則と差別禁止法理,152 頁,2,1,I0000129,「共働き妻を亡くした夫にも遺族年金を」訴訟,甲33　大阪大学　松本和彦先生　意見書（憲法）,『平等原則解 釈論の再構成と展開』 115 頁(法律文化社、2023年)と植木淳『平等原則と差別禁止法理』 152 頁(成文堂、2023年)がある。また、この2つの原理を意識した教科書として、佐々木 くみほか『憲法II人権(第
書籍,白水隆,平等権解釈の新展開,(三省堂、2020年),2,2,I0000031,結婚の自由をすべての人に訴訟（同性婚訴訟）,【札幌】上告受理申立て理由書,と平等な尊厳」憲法研究4号(2019年)(甲A158) 113頁。 58 白水隆『平等権解釈の新展開』(三省堂、2020年)107頁。 59 植木淳「日本国憲法と家族制度」名城法学71巻1号(2021年)39~40頁。 6
書籍,,弾劾裁判所報,2011 年号4頁,2,1,I0000090,司法の独立を脅かす岡口裁判官の罷免訴追に反対します！【アーカイブ】,意見書（山元一）,"ので あると解される」、としている。柳瀬昇「裁判官弾劾制度をめぐる憲法上の論点」『弾劾裁判所報』2011 年号4頁。 9 参照,土屋孝次「裁判官弾劾制度に関する国会権限の現代的意義」『弾劾裁判所法』2000年号7頁。"
書籍,,当世書生気質,(1885 年),2,1,I0000031,結婚の自由をすべての人に訴訟（同性婚訴訟）,風間孝先生 赤枝香奈子先生 意見書　「同性カップルの権利と異性愛規範」,体的な交流をさす「男色」を肯定する考えも根強く存在していた。例えば、坪内 逍遙の『当世書生気質』(1885 年)には、遊郭で女性と交流することを意味する女色より も男色が優れていると主張する人物が登場する。その男子学
書籍,,性之研究,(1919),2,2,I0000031,結婚の自由をすべての人に訴訟（同性婚訴訟）,風間孝先生 赤枝香奈子先生 意見書　「同性カップルの権利と異性愛規範」,の性欲学の流行を支えたのは雑誌群である。主な ものでも『変態心理』(1917)、『性之研究』(1919)、『性』(1920)、『性欲と人 生』(1920)、『変態性欲』(1922)、『変態・資料』(1926)、『
書籍,谷口洋幸,性的マイノリティと国際人権法,日本加除出版(2022),2,2,I0000031,結婚の自由をすべての人に訴訟（同性婚訴訟）,渡邉泰彦先生 意見書,"2 Rees v. United Kingdam 事件などについて、谷口洋幸『性的マイノリティと国際人権法』日本加除出版(2022)198頁以下に紹介されている。 3 NJW 1993, 3058 f. = FamRZ 1993"
書籍,,性的マイノリティ判例【解説,150-153頁,2,2,I0000031,結婚の自由をすべての人に訴訟（同性婚訴訟）,【札幌・東京・名古屋・大阪】証拠説明書１(甲A1から137),"馬場里美「遺族年金の同性 パートナーへの支給―ヤン グ対オーストラリア事件」 (『性的マイノリティ判例 【解説』150-153頁,信 山社) 写し 2011年 11月30 日発行 馬場"
書籍,,意思に反しても氏の変更をして婚姻をするのか、意思に反しても婚姻をしないこととするのかという選択を迫るもの,(令和3年最大決における草野耕一裁判官反対意見),2,2,I0000131,夫婦別姓も選べる社会へ！訴訟,【東京】20241220_第７準備書面（学説の状況）,か、当然に24条1項に照らして審査されることになろう。日本において夫婦同氏制は、『意思に反しても氏の変更をして婚姻をするのか、意思に反しても婚姻をしないこととするのかという選択を迫るもの』(令和3年最大決における草野耕一裁判官反対意見)となっている。憲法適合性審査に当たっては、氏の変更を強いることの憲法適合
書籍,渋谷秀樹,憲法(第2版),(平成25年・有斐閣),2,2,I0000080/I0000159,地方議会に横行する「少数派議員潰し」に立ち向かう訴訟【アーカイブ】,土屋訴訟・甲第40〜53号証,前掲論文(「地方議会議員の懲罰と司法審査」)401頁。 (37) なお、渋谷秀樹『憲法(第2版)』(平成25年・有斐閣)656頁は、「地 議会の議員が住民代表の地位を有することを考えると、すべての懲戒処分 を司法審査の
書籍,樋口陽一,憲法(第4版),(勁草書房、2021年),2,2,I0000064,「セックスワークにも給付金を」訴訟 【アーカイブ】,甲31：意見書（新井誠教授）,で、そ れらを理由とする不均衡取扱いは原則的に許されない差別となる」(樋口陽一 『憲法(第4版)』(勁草書房、2021年)212頁)といった考え方に依って立つな らば、「『社会的身分』、つまり一定の否定的・消極的な社会
書籍,辻村,憲法(第6版),460頁,2,2,I0000131/I0000159,夫婦別姓も選べる社会へ！訴訟,甲A014_辻村先生意見書（令和2年3月26日）,らは、司 法積極主義が望ましいという観点にたって論じることを支持したい。辻村前掲『憲法(第6版)』 460頁参照。 89 辻村前掲注(17) 『憲法と家族』252-257頁、275-281頁、辻村前掲注(59) 『ジェ
書籍,,憲法(第8版),240頁,2,2,I0000129/I0000146,「学術会議の独立性」を市民で守ろう ～会員任命拒否理由の情報公開訴訟～,準備書面３（本件任命拒否とその意思決定過程の重大性）｜2025年2月25日,の世界からの学問への介入・干渉を防ぐことを、 その目的とするものと考えられる」(『憲法(第8版)』240頁)。 また、「学術活動は多くの内容に関わる規制があってはじめて成り立つし、 社会に貢献し得る成果を産み出すことも
書籍,,憲法1基本権,(日本評論社、2016),2,1,I0000159,日本でもマリアージュしたいねん～海外で成立した同性婚の受理を求める裁判～,c240126補充書面４（24条は14条適合性の根拠にならないこと）,裁量の限界を画するものとされているのである。」とする。ここで千葉は、 渡辺康行ら『憲法1基本権』(日本評論社、2016)454頁〔宍戸常寿執 筆部分〕を参照文献としてあげる。 (1)しかしながら、「夫婦が同等の権利を
書籍,,憲法II(第4版),"(有斐閣, 2006)",2,1,I0000031,結婚の自由をすべての人に訴訟（同性婚訴訟）,【東京・第５回】当事者尋問採用を求める意見,"経験的資料を提出することは実際上訴訟 当事者の責務とされる(資料2・野中俊彦ほか『憲法II (第4版)』(有斐閣, 2006) 293頁ないし294頁)。したがって、裁判所は両当事者の提出する証拠によ り立法事実の正確な認識"
書籍,大道聡,憲法II-人権(第2版),(日本評論社、2021年),2,1,I0000064,「セックスワークにも給付金を」訴訟 【アーカイブ】,甲31：意見書（新井誠教授）,れるようになってきている」と指摘する、新井誠・曽我部真裕・佐々木くみ・横 大道聡『憲法II-人権(第2版)』(日本評論社、2021年) 〔佐々木執筆部分〕68 頁も参照)。なお、ここで「当人の意思では左右できない一定のスティグマ
書籍,芦部信喜編,憲法III人権(2),354頁,2,2,I0000046/I0000155,在外選挙権確認訴訟【アーカイブケース】,甲２１：「在外日本人の選挙権行使と立法の不作為」と題する意見書,俊彦『ファンダ メンタル憲法』294頁(有斐閣1994年)。 (38)芦部信喜編『憲法III人権(2)』354頁以下(有斐閣1981年、中村睦男・執筆)。中村教授 は生存権侵害に対する司法救済のあり方として、①法律の存在を前
書籍,和之・高見勝利,憲法I〔第5版〕,(有斐閣、2012年),2,2,I0000031/I0000135,難民帰化訴訟〜真に社会の一員へ〜,甲36・意見書,人権)』(信山社、2011年)294頁、野中俊彦・中村睦男・高橋 和之・高見勝利『憲法I〔第5版〕』(有斐閣、2012年) 292-3頁〔野中〕、浦部法穂『全 訂憲法学教室〔第3版]』(日本評論社、2016年)116頁、
書籍,,憲法I基本権〔第2版〕,(日本評論社、2023年),2,2,I0000031/I0000151,結婚の自由をすべての人に訴訟（同性婚訴訟）,【札幌】上告受理申立て理由書,法に基づく)生活パートナーシップとの間に差異(距離)を設け 129 渡辺康行ほか『憲法I基本権〔第2版〕』(日本評論社、2023年)485頁(宍戸 常寿執筆部分)。 ることを要請しているものとする理解(距離要請)が否定され13
書籍,,憲法Ⅱ人権第2版,(日本評論社、2021),2,1,I0000132,「わたしの体は母体じゃない」訴訟,甲143：小川意見書,由・権利制約は人格権侵害と見做す、という趣旨とも理解で きる。 14 新井誠ほか『憲法Ⅱ 人権 第2版』(日本評論社、2021) 46頁[横大道聡執筆部分]。 15 例えば、佐藤・前掲注(12) 198頁注9。 16 土井真
書籍,芦部信喜,憲法〔新版〕,(岩波書店、一九九七),2,2,I0000046/I0000111,在外選挙権確認訴訟【アーカイブケース】,甲２０：戸波江二「最高裁判所の憲法判例と違憲審査の活性化」,実質的判例変更 「を小法廷で行うことにも重大な問題があろう。 (14) 芦部信喜『憲法〔新版〕』(岩波書店、一九九七) 一四九頁。 (15) 目的効果基準の違憲審査基準としての明確性について詳細に分析した最近の論稿と
書籍,治編,憲法の争点,有斐閣(2008年),2,2,I0000030/I0000123,「海外でも国民審査を」訴訟【アーカイブ】,意見書（興津征雄神戸大学教授）,"2年) 171-180頁,177頁。安念潤司「司法権の概念」大石真=石川健 治編『憲法の争点』有斐閣(2008年)250-253頁,251頁は、「法令を適用することによって解 決し得べき紛争」の意義について、「訴訟"
書籍,憲法理論研究会編,憲法の可能性,(敬文堂、2019年),2,2,I0000106/I0000135,難民帰化訴訟〜真に社会の一員へ〜,甲36・意見書,8年) 199、228頁、館田晶子「人権としての国籍の可能 性」憲法理論研究会編『憲法の可能性』(敬文堂、2019年)111頁、菅原真「コスモポリ タニズム:グローバル時代の『国籍/市民権』再考」横大道聡・新井誠・菅
書籍,南野森編,憲法学の世界,１ ７７ 頁,2,2,I0000031,結婚の自由をすべての人に訴訟（同性婚訴訟）,【東京・二次】上告理由書第二分冊,れた 身分制の 廃止を 原点と し （ 木村草太「 法の 下の 平等」 南野森編『 憲法学の 世界』 １ ７７ 頁（ ２ ０ １ ３ 年））、 憲法も １ ４条２ 項で 身分制を 廃し て い る が 、 上記の よ う
書籍,浦部法穂,憲法学教室〔第3版〕,(日本評論社、2016年),2,2,I0000135/I0000151,難民帰化訴訟〜真に社会の一員へ〜,甲36・意見書,日本国憲法概説〔全訂第5版〕』(学陽書房、1996年)252頁。 36 浦部法穂『憲法学教室〔第3版〕』(日本評論社、2016年)310-311頁。 37 佐藤幸司、前掲注23、217頁。学説の分布状況については、土井真一「
書籍,大石真,憲法概論II:基本権保障,430頁,2,2,I0000117,立候補年齢引き下げ訴訟,訴状,の国民投票(96条1項)で表決権を行使する、という2つしかない(甲B18:大石真『憲法概論II:基本権保障』430頁(有斐閣、2021年)。なお、直接参政権ではないものの直接民主制的なシステムとしても、国民審査(79条2項、3項
書籍,木谷明ほか編,憲法的刑事弁護,111頁,2,2,I0000155,人質司法に終止符を！訴訟,証拠説明書(7)20260508【甲A102-139】_リンク付き,A126 「接見禁止と接見の自由」 (木谷明ほか編『憲法的刑事 弁護』111頁) 写し 2017.7.10 木下昌彦神戸大 学教授
書籍,憲法的刑事手続研究会編,憲法的刑事手続,(日本評論社、1997年),2,1,I0000130,日本の「黙秘権」を問う訴訟 〜56時間にわたる侮辱的な取調べは違法〜 ,甲４号証（安部祥太氏意見書）,"せた改正草案で ある。 126 小坂井久「第38条第1項」憲法的刑事手続研究会編『憲法的刑事手続』 (日本評論社、1997年)412~416頁も参照。 127 Government Printing Bureau, T"
書籍,法セミ増刊,憲法訴訟,(1983),2,2,I0000046/I0000111,日米同性カップル在留資格訴訟  〜家族そろって日本で暮らすために〜【アーカイブ】,笹田栄司教授意見書（添付資料）,。 (9)笹田・前掲注(1)199頁。 (10)野中俊彦「訴訟要件論」法セミ増刊『憲法訴訟』(1983) 169頁。 (11)笹田・前掲注(1)200頁以下。 (12)神橋一彦『行政救済法〔第2版〕』(信山社、2
書籍,戸松秀典=野坂泰司,憲法訴訟の現状分析,68頁,2,2,I0000031/I0000060,ジャーナリストに渡航の自由を！訴訟【アーカイブ】,原告第６準備書面,ってきたものである。参照、宍戸常寿「合憲・違憲の裁判の方 法」戸松秀典=野坂泰司『憲法訴訟の現状分析』68頁以下(有斐閣、2012)。現状の的確 な整理として、山田哲史「日本における『憲法適合的解釈』論の現状分析」土井真一
書籍,赤坂正浩,憲法講義(人権),(信山社、2011年),2,2,I0000132/I0000135,難民帰化訴訟〜真に社会の一員へ〜,甲36・意見書,ついて」 青山ローフォーラム12巻1号 (2023年)45 頁。 18 赤坂正浩『憲法講義(人権)』(信山社、2011年)294頁、野中俊彦・中村睦男・高橋 和之・高見勝利『憲法I〔第5版〕』(有斐閣、2012年) 29
書籍,自治大学校編,戦後自治史IV衆議院議員法の改正,7頁,2,2,I0000117,立候補年齢引き下げ訴訟,訴状,引き下げて、20歳・25歳にするといいう意見が多かった」(甲B20:自治大学校編『戦後自治史IV 衆議院議員法の改正』7頁以下(1961年))。これらの議論に際しては、参政権が国民主権原理に基づく国民の権利であるとの発想はほとん 28
書籍,憲法普及会編,新しい憲法明るい生活,(1947),2,2,I0000031/I0000131,夫婦別姓も選べる社会へ！訴訟,甲A004_二宮先生意見書（平成23年12月5日）,らの男女は結婚や夫婦生活に対して全く自分で責任をおう必要があ る」(憲法普及会編『新しい憲法 明るい生活』(1947)より)と、国民に対し て訴えかけた「民主的な家族」の習俗、慣行ではないのである。 広渡教授は、夫婦同氏制の根
書籍,,新ハイブリッド民法5家族法,(法律文化社、2021),2,2,I0000134/I0000159,わたしたちはもう待てない〜同性婚仙台家事審判事件,甲B265意見書2025年3月27日,という用語だけではなく戸籍 法の規定における用語に触れるものもある(青竹美佳ほか『新ハイブリッド民法5家族法』 (法律文化社、2021)105 頁)が、いずれも民法や戸籍法などの「夫婦」という文言の文理 を唯一の根拠としている。
書籍,美濃部達吉,新憲法逐条解説,日本評論社(1947年),2,2,I0000134/I0000159,わたしたちはもう待てない〜同性婚仙台家事審判事件,甲B265意見書2025年3月27日,有し自己の収入を得て自活することを要求 することは不可能』(注 13 美濃部達吉『新憲法逐条解説』日本評論社(1947年)63 頁参照。) であると述べていたように、性別役割分業論に基づく実質的不平等(妻の隷従)容認論
書籍,杉原康雄編集代表,新版体系憲法事典,(青林書院、2008),2,2,I0000067,「同性パートナーにも犯罪被害の遺族給付金を」訴訟,第8準備書面,し、審査基準の厳格化を主張する(安西文雄「第2節 法の下の平等」杉原康雄編集代表『新版 体系憲法事典』(青林書院、2008) 450~454頁)。教授によれば、例えば、人種差別の場合、「問題の根源に は、社会的・文化的レヴ
書籍,頁や有地亨,新版家族法概論(補訂版),(法律文化社、2005),2,2,I0000134/I0000159,わたしたちはもう待てない〜同性婚仙台家事審判事件,甲B265意見書2025年3月27日,助『日本親族法―昭和十七年』(日本評論社、1942)213-215 頁や有地亨 『新版家族法概論(補訂版)』(法律文化社、2005)82 頁等を参照。中川は、フランス民法において 教会法由来の「明文なければ無効なし」の原則が採用
書籍,有地亨編,新版注釈民法(21)親族(1)【復刊版】,〔上 野雅和〕(有斐閣、1989),2,2,I0000031,結婚の自由をすべての人に訴訟（同性婚訴訟）,【九州】訴状　福岡地裁20190905提訴分(2021年2月追加提訴分とほぼ同内容）,安定、情緒的満足、社会生活上の地位の強化などがある( 甲A7・青山道夫、有地亨編『新版注釈民法(21)親族(1)【復刊版】』〔上 野雅和〕(有斐閣、1989)179頁)。 婚姻にかかる利益が与えられていることからも、婚姻の自由は人格的自律に不
書籍,,新版注釈民法(23),甲Ａ２１・５９１頁,2,1,I0000159,日本でもマリアージュしたいねん～海外で成立した同性婚の受理を求める裁判～,c231009家事審判申立書（民法の全条文が同性婚と両立すること等）,び非 嫡出子の出生による氏の本来的取得を定めた規定であるところ（中川善之助 ら編『新版注釈民法(23)』、甲Ａ２１・５９１頁〔梶村太市〕）、氏に関する 規定であるという性質上、婚姻当事者の性別とは関係がない。 具体的に見ても
書籍,於保不二雄・中川淳編,新版注釈民法(25)親族(5)〔改訂版〕,(有斐 閣),2,2,I0000031,結婚の自由をすべての人に訴訟（同性婚訴訟）,【東京 二次提訴】証拠説明書１(甲A1から144),甲A49 於保不二雄・中川淳編『新 版注釈民法(25)親族 (5) 〔改訂版〕』(有斐 閣)1-21頁 写し 2004年 山本正憲 【親
書籍,青山道夫・有地亨編,新版注釈民法(２１)〔復刊版〕,［上野雅和］（有斐閣，１９８９年）１７９頁,2,1,I0000031,結婚の自由をすべての人に訴訟（同性婚訴訟）,【東京 二次提訴】訴状（20210326提訴分）,な役割がある。婚姻の「心理的社会的利益」である。（甲Ａ １６・青山道夫・有地亨編『新版注釈民法(２１)〔復刊版〕』 ［上野雅和］（有斐閣，１９８９年）１７９頁）。 このように，法律婚は，親密な関係を基礎に生活をともにしよ うとする当事
書籍,松本英昭,新版逐条地方自治法(第9次改訂版),(平成29年・学陽書房),2,2,I0000080/I0000117,地方議会に横行する「少数派議員潰し」に立ち向かう訴訟【アーカイブ】,土屋訴訟・甲第40〜53号証,"逐条地方自治法(第11次改訂版)』(平成5年・ 学陽書房)374頁以下,松本英昭『新版逐条地方自治法(第9次改訂版)』 (平成29年・学陽書房)488頁以下などを参照。 566(282) 「地方議会による議員懲罰とその司法審査に関する再"
書籍,,新版防犯保安警察概説,(立花書房、1987年),2,2,I0000064,「セックスワークにも給付金を」訴訟 【アーカイブ】,甲102：意見書（岩切大地教授）,え方」警察学論集38巻6号(1985年)69頁。同旨として、防犯保 安協会(編)『新版防犯保安警察概説』(立花書房、1987年)391頁。 28 101 国会衆地方行政委員会議録18号8頁(昭和59年6月26日) 〔鈴木良一
書籍,二宮周平編,新註釈民法(17)親族(1)§§725~791,(有斐閣、2017),2,2,I0000134/I0000159,わたしたちはもう待てない〜同性婚仙台家事審判事件,甲B265意見書2025年3月27日,戦後における民法改正の経過』 (日本評論社、1956)131 頁以下、二宮周平編『新註釈民法(17)親族(1)§§725~791』 (有斐閣、2017)[床谷文雄]166 頁31)。氏について性別の規範的効力を否定する条文をも 31 当初は「夫婦ハ
書籍,,日本と世界の学際交流,辻村みよ子著作集8巻476頁,2,2,I0000131,夫婦別姓も選べる社会へ！訴訟,【東京】20241220_第７準備書面（学説の状況）,辻村みよ子 「新型コロナとジェンダー・選択的夫婦別姓制」(甲A184) 『日本と世界の学際交流』辻村みよ子著作集8巻476頁 (2024年) 「夫婦の一方が旧姓を捨てることを強制する点は憲法 13 条の氏名権(人
書籍,松井茂記,日本国憲法,104頁,2,2,I0000046/I0000116,在外選挙権確認訴訟【アーカイブケース】,甲２１：「在外日本人の選挙権行使と立法の不作為」と題する意見書,償などを通じ立法の不作為の合憲性を争う場合、を区別する(同)。 (39)松井茂記『日本国憲法』104頁(有斐閣1999年)。 (40)戸松秀典『憲法訴訟』148頁以下(有斐閣2000年)。 (41)戸松・前掲(40
書籍,佐藤幸治,日本国憲法論,(平成23年・成文堂),2,2,I0000080/I0000159,地方議会に横行する「少数派議員潰し」に立ち向かう訴訟【アーカイブ】,土屋訴訟・甲第40〜53号証,懲罰議決と裁判権」) 109頁も、同様の意見を提示している。 (18) 佐藤幸治『日本国憲法論』(平成23年・成文堂) 594頁。もっとも、佐藤 教授は、前掲論文(「『部分社会』と司法審査―地方議会の議員の懲罰をめ
書籍,,日本学術会議の使命,"所収,79頁",2,2,I0000146,「学術会議の独立性」を市民で守ろう ～会員任命拒否理由の情報公開訴訟～,甲A46 裁決書,"本学術会議と科 学者の社会的責任-法的位置づけ,政治との関係」岩波ブックレッ ト『日本学術会議の使命』所収,79頁)。そして,学術会議の社 会的責任と学問の自由との関係を、次のように指摘する(同11~14 頁)。 3 「科"
書籍,,日本思想大系,書簡二四二 岩波書店 一九七八年),2,1,I0000123,県知事の公務での護国神社参拝取りやめをー政教分離原則の違反を問うー,甲51 招魂社の発生 津田勉,久坂玄瑞遭暴』、一坂太郎著、東行庵発行、一九九四年)。 (30)「父兄宛書簡」(『日本思想大系』書簡二四二 岩波書店 一九七八年)。 (33) 田中助一著『吉田松陰の墓と松陰神社】22頁・17頁(松陰神社維持会発行、
書籍,中川善之助,日本親族法——昭和17年,(日本評論社、1942),2,2,I0000134/I0000159,わたしたちはもう待てない〜同性婚仙台家事審判事件,甲B265意見書2025年3月27日,光『日本親族法論上巻』(南郊 社、1939)352-354、418頁、中川善之助『日本親族法——昭和 17年』(日本評論社、1942) 189 頁などがある。特に 1920 年代に同性婚の可能性に触れるものが多くなるが、おそらく
書籍,中川善之助,日本親族法―昭和十七年,(日本評論社、1942),2,2,I0000134/I0000159,わたしたちはもう待てない〜同性婚仙台家事審判事件,甲B265意見書2025年3月27日,意思の欠如(同条第1号)および形式的要件の欠 19 この点について、中川善之助『日本親族法―昭和十七年』(日本評論社、1942)213-215 頁や有地亨 『新版家族法概論(補訂版)』(法律文化社、2005)82 頁等を参照
書籍,柳川勝二,日本親族法論,(清水書店、1924年),2,2,I0000134/I0000159,わたしたちはもう待てない〜同性婚仙台家事審判事件,甲B265意見書2025年3月27日,た。 3 異論が全くなかったわけではないが、大正時代の主要な概説書(柳川勝二『日本親族法論』 (清水書店、1924年)1、外岡茂十郎『親族法講義』(敬文堂書店、1924年)2、遠藤登喜夫 『親族相続法綱領』(巌松
書籍,牧野菊之助,日本親族法論全,(巌松堂書店、1908),2,2,I0000134/I0000159,わたしたちはもう待てない〜同性婚仙台家事審判事件,甲B265意見書2025年3月27日,のが多数存在している。比較的詳細な 記述のあるもののみを取り上げると、牧野菊之助『日本親族法論全』(巌松堂書店、1908) 169、199頁、岡村司『親族法』(金刺芳流堂、1922)109、111頁、遠藤登喜夫『親族相
書籍,杣正夫,日本選挙制度史:普通選挙法から公職選挙法まで,285頁,2,2,I0000117,立候補年齢引き下げ訴訟,訴状,法にあたる現職議員の競争者排除の保身策」であると説明されている(甲B14:杣正夫『日本選挙制度史:普通選挙法から公職選挙法まで』285頁(九州大学出版会、1986年))。 主権者から投票で選ばれた代表者に過ぎない議員たちが、勝手に国民の被選挙権を剥
書籍,宇賀克也・小幡純子編,条解・国家賠償法,(2019年、弘文堂),2,2,I0000031,結婚の自由をすべての人に訴訟（同性婚訴訟）,駒村圭吾先生　意見書,ると構成すれば、両者 は整合的に理解されることになるだろう。宇賀克也・小幡純子編『条解・国家賠償法』 (2019年、弘文堂)209頁[宇賀克也執筆]。 4宇賀・前注3)450頁。 5前注3)参照。 ・なお、「当該立法の内
書籍,,条解国家賠償法,203頁,2,2,I0000030/I0000063,「海外でも国民審査を」訴訟【アーカイブ】,上告受理申立理由書,される場合を狭く解しすぎていることを 批判している」(宇賀克也「立法と国家賠償」『条解国家賠償法』203頁)と評さ れている。たとえば、西埜章教授は、「立法裁量の範囲が広いことは否めないに しても、立法行為もまた憲法規
書籍,,毎日新聞,(昭和62年8月18日),2,1,I0000132,「わたしの体は母体じゃない」訴訟,甲19：旧優生保護法に基づく優生手術等を受けた者に対する一時金の支給等に関する法律第21条に基づく調査報告書（抜粋）,"た占領下京都の600日』藤原書店, 2015, pp.103- 104. 73 『毎日新聞』(昭和62年8月18日) (「引揚げ港・博多を考える集い」編集委員会『戦後50年引揚げを憶う (続)一証言・二日市保養所"
書籍,須藤陽子,比例原則の現代的意義と機能,(法律文化社、2010年),2,2,I0000071/I0000090,コロナ禍、日本社会の理不尽を問う（コロナ特措法違憲訴訟）【アーカイブ】,甲第５７号証：横大道聡先生　意見書,、常に問題を抱えた規制と評価されることになる19。それは、「感 15 須藤陽子『比例原則の現代的意義と機能』(法律文化社、2010年)256-257頁、角松生 史「日本行政法における比例原則の機能に関する覚え書き――裁量統制との
書籍,橋場弦,民主主義の源流古代アテネの実験,116頁,2,2,I0000117,立候補年齢引き下げ訴訟,訴状,なく、「市民の家に生まれた男子は満18歳で」市民として登録された(甲B2:橋場弦『民主主義の源流 古代アテネの実験』116頁(講談社、2016年))。「すべての公職が抽選で選ばれ」、すべての市民が「ポリスを運営していく責任を負う可能性」
書籍,伊藤眞,民事訴訟法,[第8版]201頁,2,2,I0000117,立候補年齢引き下げ訴訟,控訴理由書,いても確認の利益が認められる(新堂幸司『新民事訴訟法』[第6版]277頁、伊藤眞『民事訴訟法』[第8版]201頁)。控訴人能條及び控訴人久保も、被控訴人を相手方とすることにより、その地位の終局的な安定を得ることがで
書籍,高橋宏志,民事訴訟法概論,349頁,2,1,I0000080,地方議会に横行する「少数派議員潰し」に立ち向かう訴訟【アーカイブ】,  オンブズマン情報公開訴訟・控訴答弁書,間に、上級裁判所に対し、その取消し または変更を求める不服申立てをいう(高橋宏志『民事訴訟法概論』 349頁)。 そして、不服の有無は既判力の及ぶ事項を基準として判断され、既 判力の生じない判決理由中の判断について、上
書籍,,民事訴訟法第7版,(有斐閣2020年),2,2,I0000052,警察庁が保有する秘密個人情報ファイル簿の情報公開訴訟,上告受理申立理由書,であ」 る「ときには、裁判所は、その不明瞭を正す釈明を行うべきである」(伊藤 眞『民事訴訟法第7版』(有斐閣2020年)327頁)。 (2)さらに、情報公開は、「主権者である国民の信託を受けて活動を行う政府 が、主権者に
書籍,門口正人編集代表,民事証拠法大系・第2巻,"(青林書 院,2004)",2,1,I0000031,結婚の自由をすべての人に訴訟（同性婚訴訟）,【東京・第５回】当事者尋問採用を求める意見,"主尋問代替・補完機能及び証拠開示機能等が 挙げられるが(資料1・門口正人編集代表『民事証拠法大系・第2巻』(青林書 院,2004)114頁)、あくまでも尋問の実施を前提としたものである。「人証につ いての交互尋問制を前提としつ"
書籍,門口正人編集代表,民事証拠法大系・第3巻,"(青林書院, 2003)",2,1,I0000031,結婚の自由をすべての人に訴訟（同性婚訴訟）,【東京・第５回】当事者尋問採用を求める意見,"は必ずしもいえないとの認識が一般的である」と いう説明(資料5・門口正人編集代表『民事証拠法大系・第3巻』(青林書院, 2003) 128頁)も、民事訴訟における当事者尋問の重要性を示している。 (5) さらには、本訴訟の特殊"
書籍,山本敬三監修,民法7家族,(有斐閣、2023),2,2,I0000134/I0000159,わたしたちはもう待てない〜同性婚仙台家事審判事件,甲B265意見書2025年3月27日,マ、2022)70 頁)、事実婚的保護の可能性にしか 触れないもの(山本敬三監修『民法7家族』(有斐閣、2023) 51頁)など、現行民法におけ る同性婚が成立し得ない根拠または仕組みを検討するものが依然として皆無
書籍,前田陽一・本山敦・浦野由紀子,民法VI親族・相続(第6版),(有斐閣、 16 大島梨沙「日本における『同性婚』問題」法セ 706 号7頁,2,2,I0000134/I0000159,わたしたちはもう待てない〜同性婚仙台家事審判事件,甲B265意見書2025年3月27日,、同性婚が認められないことを当然の前 提とするもの(前田陽一・本山敦・浦野由紀子『民法 VI 親族・相続(第6版)』(有斐閣、 16 大島梨沙「日本における『同性婚』問題」法セ 706 号7頁、棚村政行「日本における同性婚及び同 性パ
書籍,野英一編,民法典の百年I,(有斐閣、1998),2,2,I0000031,結婚の自由をすべての人に訴訟（同性婚訴訟）,二宮周平先生 意見書　※民法学者による本件についての意見,は、二宮周平「日本民法の展開 (3) 判例の法形成〜内縁」広中俊雄・星 野英一編『民法典の百年I』(有斐閣、1998)341 頁以下)。このよう に、現実の家族共同生活の存在を根拠に法的保護を認めてきたのだか ら、同性
書籍,,民法草案人事篇理由書,(1888),2,2,I0000134/I0000159,わたしたちはもう待てない〜同性婚仙台家事審判事件,甲B265意見書2025年3月27日,ノトスル。何トナレハ虚無ノモノハ道理上効果ヲ生スルノ謂ハレナケ レバナリ。」 (『民法草案人事篇理由書』(1888)74-75頁) 同条は下記のとおりに定めていたが、明治民法以降の民法(後述)と異なり、不成立事由 を限定列挙
書籍,,民法要義巻之四親族編,(有斐閣書房、1899),2,2,I0000031,結婚の自由をすべての人に訴訟（同性婚訴訟）,二宮周平先生 意見書　※民法学者による本件についての意見,ノアルヘカラサル ハ言ハスシテ明カナリ。故二我民法ニ於テハ之カ規定ヲ設ケス」 (『民法要義 巻之四 親族編』(有斐閣書房、1899)118頁)と記し、 法典調査会委員だった奥田義人は、「婚姻ハ男女ノ自由ノ意思二基ク 結合ナラサル
書籍,松川正毅,民法親族・相続(第7版),(有斐閣アルマ、2022),2,2,I0000134/I0000159,わたしたちはもう待てない〜同性婚仙台家事審判事件,甲B265意見書2025年3月27日,柳勝司編『家族法(第4版)』(嵯峨野書院、2019)65-66 頁)、松川正毅 『民法親族・相続(第7版)』(有斐閣アルマ、2022)70 頁)、事実婚的保護の可能性にしか 触れないもの(山本敬三監修『民法7家族』(有斐閣、20
書籍,上坪隆,水子の譜—引揚孤児と犯された女たちの記録―,"現代史出版会, 1979, p.187. 64 天児都「九大医学部グループも国の密命で」",2,1,I0000132,「わたしの体は母体じゃない」訴訟,甲19：旧優生保護法に基づく優生手術等を受けた者に対する一時金の支給等に関する法律第21条に基づく調査報告書（抜粋）,"妊娠中絶始末記」 『サンデー毎日』 1953.3.29, p.6. 63 上坪隆『水子の譜—引揚孤児と犯された女たちの記録―』現代史出版会, 1979, p.187. 64 天児都「九大医学部グループも国の密命で」(九大医学部産婦人科教室同窓会誌"
書籍,,法の理論3,(成文堂・1983),2,1,I0000132,「わたしの体は母体じゃない」訴訟,甲175：小西意見書,、10頁。 38 金澤文雄「法的に空虚な領域の理論―ヒルシュ・山中批判に答えて」『法の理論3』(成文堂・1983)1頁以下、同、前掲注13、98 頁。 39 アルトゥール・カウフマン (著) 上田健二(訳) 『法哲
書籍,林修三,法令用語の常識,19~20頁,2,2,I0000146,「学術会議の独立性」を市民で守ろう ～会員任命拒否理由の情報公開訴訟～,甲A46 裁決書,"1項)、公正取引委員会(独占禁止法第27条第2項)な どの例が挙げられる(林修三『法令用語の常識』19~20頁)。 もともと「所轄」という用語は,行政機関の上下関係を表すもの ではなく,私立学校や宗教法人の「所轄庁」が"
書籍,我妻栄,法律学全集家族法,"(有斐 閣,1961年)",2,2,I0000031,結婚の自由をすべての人に訴訟（同性婚訴訟）,【札幌・東京・名古屋・大阪】訴状　東京地裁20190214提訴分,"(21)〔復刊版〕』〔青山道夫・有地亨〕 (有斐閣,1989年)152頁,我妻栄『法律学全集 家族法』(有斐 閣,1961年)9頁)。 法律婚について,人が,望む相手と意思の合致のみにより婚姻をなしう ることは、近代になっ"
書籍,高窪喜八郎,法律学説判例総覧第5巻の2親族編第1続編,418-419 頁,2,2,I0000134/I0000159,わたしたちはもう待てない〜同性婚仙台家事審判事件,甲B265意見書2025年3月27日,ノ意思ヲ以テ婚姻意思ト為シ難イカ故 ニ無効テアル(親族法 160)」 高窪喜八郎『法律学説判例総覧第5巻の2親族編第1続編』418-419 頁 具体的に、岡村は「婚姻ノ無効及取消ハ法律ニ明文アル場合ノ外生スルコトナシ但当事者 ノ異性ニ関スル条件
書籍,,法治主義の諸相,(有斐 閣、2001年),2,2,I0000060,ジャーナリストに渡航の自由を！訴訟【アーカイブ】,原告第９準備書面,題となる」としている。 2 塩野宏「VII 審査基準について-一つの事例研究―」『法治主義の諸相』(有斐 閣、2001年)257頁は、「処分に際して行政庁の裁量が認められるときが、 審査基準設定の典型事例である。･･･
書籍,,注解法律学全集2憲法II〔第21条~第40条〕,(甲A144),2,2,I0000031,結婚の自由をすべての人に訴訟（同性婚訴訟）,【名古屋・第５回】原告ら第３準備書面,『新・コンメンタール憲法(第2版)』(甲A148)301頁。 26 樋口陽一ほか『注解法律学全集2憲法II〔第21条~第40条〕』(甲A144)132 頁(中村睦男執筆部分) 17 定するのと趣を異にしている」 27 ② 佐藤功『ポケット註釈全書憲
書籍,,犯罪公論,(1931),2,2,I0000031,結婚の自由をすべての人に訴訟（同性婚訴訟）,風間孝先生 赤枝香奈子先生 意見書　「同性カップルの権利と異性愛規範」,変態・資料』(1926)、『セックス』 (1926)、『犯罪科学』(1930)、『犯罪公論』(1931)といった雑誌が次々に発行され たのである。そしてこれらの雑誌の想定された読者は知識人ではなく一般の人々であり
書籍,,犯罪科学,(1930),2,2,I0000031,結婚の自由をすべての人に訴訟（同性婚訴訟）,風間孝先生 赤枝香奈子先生 意見書　「同性カップルの権利と異性愛規範」,変態性欲』(1922)、『変態・資料』(1926)、『セックス』 (1926)、『犯罪科学』(1930)、『犯罪公論』(1931)といった雑誌が次々に発行され たのである。そしてこれらの雑誌の想定された読者は知識
書籍,拙著,現代刑事訴訟法論,勁草書房、一九七七年、二〇二頁,2,1,I0000049,レペタ訴訟【アーカイブ】,甲13：小田中聰樹「裁判と国民ー裁判の公開を中心に」（法律時報）,細に論じたことがあるので、くわしいことは紙数の関係上それに譲ることにしたい(拙著『現代刑事訴訟法論』勁草書房、一九七七年、二〇二頁以下)。結論的にいえば、報道機関による写真撮影、録画、テレビ放送は、法廷の静穏を害しない態
書籍,,現代家族法の展開,(一粒社、1990),2,2,I0000031,結婚の自由をすべての人に訴訟（同性婚訴訟）,二宮周平先生 意見書　※民法学者による本件についての意見,り、ナチスドイツの影響がうかがえないでもないが(久貴忠 彦「結婚と健康診断書」同『現代家族法の展開』(一粒社、1990)83 頁)、第2次大戦後、当事者双方の心身の健康性を担保し、母子保護 を図るものとして定着していく。
書籍,,現代社会学事典,"弘文堂: 259-2 Weeks, Jefferey, 2007, The World",2,2,I0000031,結婚の自由をすべての人に訴訟（同性婚訴訟）,風間孝先生 赤枝香奈子先生 意見書　「同性カップルの権利と異性愛規範」,"epresentations 30: 138-161. 大庭健 2012「規範」『現代社会学事典』弘文堂: 259-2 Weeks, Jefferey, 2007, The World We Have Won: The"
書籍,,琉球民俗誌,(1978),2,2,I0000076,「琉球人のご先祖の遺骨返還を」訴訟【アーカイブ】,甲15,"金関丈夫博士古希記念委員会 『日本民族と南方文化』平凡社,1968. (42) 『琉球民俗誌』 (1978) 収録の「琉球の旅」,p.268. (43) 許鴻樑「琉球人頭骨,人類学的研究」『国立台湾大学解剖学研究室"
書籍,井村恒郎ほか編,異常心理学講座第1部D第2,"(みすず書房,昭 和30年)",2,2,I0000031,結婚の自由をすべての人に訴訟（同性婚訴訟）,【大阪・第４回】原告ら第３準備書面　※被告第１準備書面に対する反論等,"理学講座第8巻』(甲A148)30頁。 10 加藤正明「異常性欲」井村恒郎ほか編『異常心理学講座第1部D第2』(みすず書房,昭 和30年)(甲A149)28頁。 11 加藤正明「異常性欲」井村恒郎ほか編『異常心理学講座第4巻』(み"
書籍,,異性特質の相互享有,だと考える」 (前揭中川(1930),2,2,I0000134/I0000159,わたしたちはもう待てない〜同性婚仙台家事審判事件,甲B265意見書2025年3月27日,しては、何等かより明確な、又より近 接な目標が存して居なければならぬ。私はそれを『異性特質の相互享有』だと考える」 (前揭中川(1930) 101-102頁。下線は筆者による) 確かに、中川善之助の「異性特質の相互享有」と
書籍,,目的論的解釈,である」 という(前掲山本(2021),2,2,I0000134/I0000159,わたしたちはもう待てない〜同性婚仙台家事審判事件,甲B265意見書2025年3月27日,現在その規定が何を目 的としていると考えられるか』という観点からする解釈、つまり『目的論的解釈』である」 という(前掲山本(2021) 44 頁、前掲星野(2010) 152-153 頁)。同性婚の成立可能性のよ う
書籍,高橋和之,立憲主義と日本国憲法(5版),328頁,2,2,I0000117,立候補年齢引き下げ訴訟,第4準備書面,る方向」で用いられる場合には「憲法上の権利と構成す る実益」(甲B47:高橋和之『立憲主義と日本国憲法(5版)』328頁(有斐 閣、2020年))が存在し、「被選挙権保障の拡大には肯定的な評価」(甲 B48:新井誠「意見書」3頁)が
書籍,高橋和之,立憲主義と日本国憲法(第3版),149頁,2,1,I0000131,夫婦別姓も選べる社会へ！訴訟,甲A017_高橋先生意見書（平成26年7月29日）,式的にではなく実質的に保障するのが、日本国憲法の意味だと いうことです(高橋和之『立憲主義と日本国憲法(第3版)』149頁参照)。形式的に平 等扱いをすることが実質的平等を害することを知りながらあえて形式的平等を定めている とすれば、
書籍,高橋和之,立憲主義と日本国憲法(第6版),(有斐閣・2024),2,2,I0000129/I0000132,「わたしの体は母体じゃない」訴訟,甲175：小西意見書,び34条に関し原告らが主張する利益が特定の法制度を前提とするもの 49 高橋和之『立憲主義と日本国憲法(第6版)』(有斐閣・2024)288頁。 等とはいえない以上、このような利益に関して憲法24条2項が立法裁量の限界を画する機能を有
書籍,高橋和之,立憲主義と日本国憲法[第6版],(有斐閣、2024),2,2,I0000132,「わたしの体は母体じゃない」訴訟,甲143：小川意見書,2 015)581-582頁でも指摘されている。 佐藤のほかにも例えば、高橋和之『立憲主義と日本国憲法 [第6版]』(有斐閣、2024)は、「新しい人権の承認 のためには、少なくとも次の二点の論証が必要である。①自律的生のために不可欠な
書籍,高橋和之,立憲主義と日本国憲法〔第6版〕,525頁,2,2,I0000155/I0000164,引越しで選挙権が制限されない未来へ！訴訟,原告準備書面⑵_20260718,ものにとどまる。これに対して、選挙権制限は、それが - 3 たとえば、高橋和之『立憲主義と日本国憲法〔第6版〕』525頁は、審査基準を3段階に区別し た上で、ぞれぞれ「厳格な審査」「通常審査」「緩やかな審査」と呼ぶ。 7 無作為の
書籍,井田良・松原芳博編,立法学のフロンティア3立法実践の変革,(サカニシヤ出版、2014),2,2,I0000134/I0000159,わたしたちはもう待てない〜同性婚仙台家事審判事件,甲B265意見書2025年3月27日,あると思われる。また大島梨沙「家族制改革における立法の位置」 井田良・松原芳博編『立法学のフロンティア3立法実践の変革』(サカニシヤ出版、2014)214頁もこ の点を指摘している。なお、「同性婚は法解釈ではなく立法によって導入されるべき」
書籍,井戸田侃編,総合研究=被疑者取調べ,(日 本評論社、1991年),2,1,I0000130,日本の「黙秘権」を問う訴訟 〜56時間にわたる侮辱的な取調べは違法〜 ,甲４号証（安部祥太氏意見書）,された供述の強要そのものである。被 155 田宮裕「取調べ問題の展望」井戸田侃編『総合研究=被疑者取調べ』(日 本評論社、1991年)788頁、田口守一『刑事訴訟法〔第7版〕』(弘文 堂、2017年)140~141頁。 156
書籍,,編集復刻版性と生殖の人権問題資料集成第23巻,"不二出版, 2002, pp.363, 372.)",2,2,I0000132,「わたしの体は母体じゃない」訴訟,甲47：国民優生法の制定過程,"口局「国民優生法ニ関スル法規及通牒集」(昭和 18年3月)pp.11, 48.(『編集復刻版 性と生殖の人権問題資料集成 第23巻』不二出版, 2002, pp.363, 372.) 167 第75回帝国議会衆議院国民優生法案委員会議録(速記)第4回,"
書籍,,編集復刻版性と生殖の人権問題資料集成第8巻,"不二出版,2001,p.60.)",2,2,I0000132,「わたしの体は母体じゃない」訴訟,甲19：旧優生保護法に基づく優生手術等を受けた者に対する一時金の支給等に関する法律第21条に基づく調査報告書（抜粋）,"人 付サンガー夫人小伝(よみうり叢書3)』読売新聞社, 1946, p.1. (『編集復刻版性と生殖の人権問題資料集成 第8巻』不二出版,2001,p.60.)、太田典礼『堕胎禁止と優生保護法』 経営者科学協会, 1967, p.162. 第1編-"
書籍,藤倉皓一郎・小杉文夫編,衆議のかたち2,"(羽鳥書店, 2017年)",2,2,I0000031,結婚の自由をすべての人に訴訟（同性婚訴訟）,【札幌・第５回】原告ら第６準備書面　※被告第２準備書面に対する反論等,"性婚の相手方を配偶者と認め ない連邦法の規定と合衆国憲法」藤倉皓一郎・小杉文夫編『衆議のかたち2』(羽鳥書店, 2017年)(甲A247)77頁参照。また、近年において婚姻を男女間の結合に限定す るための改正がなされた"
書籍,衆議院事務局,衆議院議員選挙法改正案の沿革,122頁,2,2,I0000117,立候補年齢引き下げ訴訟,訴状,上に於ても余程高めてあったのであります」などと述べていた(甲B19:衆議院事務局『衆議院議員選挙法改正案の沿革』122頁(1919年))。 1900年に初めての法改正が行われた。選挙権の納税要件が緩和され、選挙人の人数が倍増した。被
書籍,,行政判例百選II・第4版,),2,1,I0000080,地方議会に横行する「少数派議員潰し」に立ち向かう訴訟【アーカイブ】,土屋訴訟・甲第40〜53号証,"版)』) 236頁~237頁などを参照。 (34) 小高剛「審議会と行政手続」(『行政判例百選II・第4版』)270頁~271 頁,仲正「運輸審議会の審理手続」(『同Ⅰ・第5版』)248頁~249頁,大沢 光「運輸審議会の審理手"
書籍,,行政判例百選Ⅰ,),2,1,I0000080,地方議会に横行する「少数派議員潰し」に立ち向かう訴訟【アーカイブ】,土屋訴訟・甲第40〜53号証,"審査」(『同II・第7版』)394 頁~395頁,室井力「議員の懲罰と裁判権」(『行政判例百選Ⅰ』)」64頁~ 66頁,安念潤司「地方議会議員の懲罰と司法審査」(『同II・第6版』)316 頁~317頁,中嶋直木「地方"
書籍,高橋滋,行政手続法,434-435頁,2,2,I0000060,ジャーナリストに渡航の自由を！訴訟【アーカイブ】,原告第６準備書面,2015)、大橋洋一『行政法Ⅰ(第4 版)』239頁(有斐閣、2019)、高橋滋『行政手続法』434-435頁 (ぎょうせい、1996)、 南博方=高橋滋編『注釈行政手続法』510頁〔井口実〕(第一法規、2000)
書籍,櫻井敬子・橋本博之,行政法(第4版),(弘 文堂・2013年),2,1,I0000116,「会計年度任用職員にも労働基本権を！」訴訟,書証（甲２９） ※期日において甲３０と訂正,視角において新たな公法論を展開することを封じ るものではない。櫻井敬子・橋本博之『行政法(第4版)』(弘 文堂・2013年)8頁以下。 2) 公法・私法をめぐる戦後の学説史の分析・評価を加える代 表的論考として、塩野宏『
書籍,本博之,行政法[第5版],120、121頁,2,2,I0000092,イラク戦争検証報告書情報公開訴訟【アーカイブ】,原告準備書面(1),程審査を、 さまざまな場面で用いている。」と指摘されている(櫻井敬子・橋 本博之『行政法[第5版]』120、121頁)。「行政文書を開示 することによる利益ないし公益性」は、重要な考慮要素として「相 当の理由」の判断の際
書籍,塩野宏,行政法Ⅰ[第六版]行政法総論,有斐閣147頁,2,1,I0000063,クルド難民収容者暴行被害国賠訴訟【アーカイブ】,上告受理申立理由書,に誤認があれば、行政行為を行った判断には、裁量の逸脱・濫用が 認められる(塩野宏『行政法Ⅰ [第六版] 行政法総論』有斐閣147頁、 宇賀克也『行政法概論I 行政法総論』有斐閣375頁、岡田正則『行政法 14 I 行政法総論』 日本評論
書籍,宇賀克也,行政法〔第2版〕,323頁,2,1,I0000095,『宮本から君へ』助成金不交付決定取消訴訟【アーカイブ】,控訴答弁書_211015,克也・前掲『行政法概説I 行政法総 論〔第7版〕』325頁、(d)宇賀克也・前掲『行政法〔第2版〕』323頁、(e) 藤田宙靖『新版 行政法総論(上)』(青林書院、2020年)327頁、(f)大橋 洋一『行政法I 現代行
書籍,橋本博之,行政法〔第6版〕,(弘文堂、2019年),2,2,I0000071/I0000095,コロナ禍、日本社会の理不尽を問う（コロナ特措法違憲訴訟）【アーカイブ】,甲第５７号証：横大道聡先生　意見書,概説Ⅰ 行政法総論〔第7版〕』(有斐閣、2020年)63頁。櫻井敬子・ 橋本博之『行政法〔第6版〕』(弘文堂、2019年) 25頁等も参照。 12 比例原則は憲法第13条、平等原則は憲法第14条に由来すると説明されるのが
書籍,小早川光郎,行政法上,(1999年),2,2,I0000031/I0000080,地方議会に横行する「少数派議員潰し」に立ち向かう訴訟【アーカイブ】,土屋訴訟・甲第40〜53号証,法案の検討」法時 71巻8号(1999年) 79頁をも参照。 (3) 小早川光郎『行政法上』(1999年) 93頁以下を 参照。 (4) 兼子仁【条例をめぐる法律問題」(1978年) 148頁。 (5)「北海道畜
書籍,宇賀克也,行政法概説II〔第7版〕行政救済法,(2021年、有 斐閣),2,2,I0000031,結婚の自由をすべての人に訴訟（同性婚訴訟）,駒村圭吾先生　意見書,ることをもって違法性を認定する「公権力発動要件 欠如説」が対立している。宇賀克也『行政法概説II〔第7版〕行政救済法』(2021年、有 斐閣)450-451頁。もっとも、両者の対立も、ある意味で相対的であり、絶対に相いれな いものではない
書籍,駒村・鈴木編,表現の自由1,(尚学社、2011年),2,2,I0000095,『宮本から君へ』助成金不交付決定取消訴訟【アーカイブ】,意見書,法学46巻2号、2012年)、杉原周治「国家による芸術支援と憲 法」駒村・鈴木編『表現の自由1』(尚学社、2011年)、若林朋子 「進化を迫られる芸術 文化助成一可能性と諸課題」 小林真理編著『文化政策の現在3文化政
書籍,阿部和文,表現・集団・国家,(信山社、2019年),2,2,I0000095,『宮本から君へ』助成金不交付決定取消訴訟【アーカイブ】,意見書,究紀要」43巻、2013年)、ドイツの映画検閲に焦点を当てたも のとして阿部和文『表現・集団・国家』(信山社、2019年)、ほかに金ヨンロンほか編 『言論統制の近代を問いなおす』(花鳥社、2017年)、工藤安代 『パブリ
書籍,伊藤正己,裁判官と学者の間,(有斐閣、一九九三),2,2,I0000046/I0000130,在外選挙権確認訴訟【アーカイブケース】,甲２０：戸波江二「最高裁判所の憲法判例と違憲審査の活性化」,な日本の社会風土にも原因の一端があると考えられる(323)。 (19) 伊藤正己『裁判官と学者の間』(有斐閣、一九九三)一一六頁以下。なお、松井茂記・前出注(2)〔憲法判例)二 六七頁以下、戸波・前出注(3) 一一四頁以
書籍,岡口基一,裁判官は劣化しているのか,"(羽鳥書店, 2019年)",2,2,I0000090,司法の独立を脅かす岡口裁判官の罷免訴追に反対します！【アーカイブ】,意見書（山元一）,"り禁止されるもの ではないということができる。」、とする。 74 参照,岡口基一『裁判官は劣化しているのか』 (羽鳥書店, 2019年),岡口・前掲(71)。 75 この点は木村・前掲注(69)も、「『洗脳』という言葉は、(中略"
書籍,川善之助,親族・相続,(岩波書店、1933),2,2,I0000134/I0000159,わたしたちはもう待てない〜同性婚仙台家事審判事件,甲B265意見書2025年3月27日,114頁、野田孝明『親族法講義案』(巌松堂書店、1933)108頁、中 川善之助『親族・相続』(岩波書店、1933)56 頁、薬師寺志光『日本親族法論上巻』(南郊 社、1939)352-354、418頁、中川善之助
書籍,野上久幸,親族法・三省堂コンメンタール,(三省堂、1928年),2,2,I0000134/I0000159,わたしたちはもう待てない〜同性婚仙台家事審判事件,甲B265意見書2025年3月27日,綱要』(同文館、1926年) 5)においても、昭和時代の主要 な概説書(野上久幸『親族法・三省堂コンメンタール』(三省堂、1928年)6、河邊久雄講述 『親族法講義』(日本大学出版部、1930年)7等)においても婚姻は当事者間の精神
書籍,穂積重遠,親族法大意(改訂版),(岩 波書店、1925年),2,2,I0000134/I0000159,わたしたちはもう待てない〜同性婚仙台家事審判事件,甲B265意見書2025年3月27日,に対して正当なものとし て法的保護を与えるものと考えられてきたのである(穂積重遠『親族法大意(改訂版)』(岩 波書店、1925年)53 頁)。そして、婚姻制度の法的保護の対象は、時代や地域とともに変容 する習俗上の「結婚」の
書籍,野田孝明,親族法講義案,(巌松堂書店、1933),2,2,I0000134/I0000159,わたしたちはもう待てない〜同性婚仙台家事審判事件,甲B265意見書2025年3月27日,雄講述『親族法講義』(日本大学 出版部、1930)94-95、114頁、野田孝明『親族法講義案』(巌松堂書店、1933)108頁、中 川善之助『親族・相続』(岩波書店、1933)56 頁、薬師寺志光『日本親族法論上巻
書籍,岩田新,親族相続法綱要,(同文館、1926年),2,2,I0000134/I0000159,わたしたちはもう待てない〜同性婚仙台家事審判事件,甲B265意見書2025年3月27日,、1924年)3、和田于一『婚姻法論』(大阪巌松堂書店、 1925年)4、岩田新『親族相続法綱要』(同文館、1926年) 5)においても、昭和時代の主要 な概説書(野上久幸『親族法・三省堂コンメンタール』(三省堂、19
書籍,遠藤登喜夫,親族相続法綱領,(巌松堂書店、1924年),2,2,I0000134/I0000159,わたしたちはもう待てない〜同性婚仙台家事審判事件,甲B265意見書2025年3月27日,924年)1、外岡茂十郎『親族法講義』(敬文堂書店、1924年)2、遠藤登喜夫 『親族相続法綱領』(巌松堂書店、1924年)3、和田于一『婚姻法論』(大阪巌松堂書店、 1925年)4、岩田新『親族相続法綱要』(同文館、
書籍,岩田新,親族相続法網要,(同文館、1926),2,2,I0000134/I0000159,わたしたちはもう待てない〜同性婚仙台家事審判事件,甲B265意見書2025年3月27日,于一『婚姻法論』(大阪巌松堂書店、1925)13、125 頁、126頁、岩田新 『親族相続法網要』(同文館、1926)27 頁、森本富士雄『日本親族法』(文信社書店、1926) 44頁、野上久幸『親族法』(三省堂、19
書籍,金ヨンロンほか編,言論統制の近代を問いなおす,(花鳥社、2017年),2,2,I0000095,『宮本から君へ』助成金不交付決定取消訴訟【アーカイブ】,意見書,して阿部和文『表現・集団・国家』(信山社、2019年)、ほかに金ヨンロンほか編 『言論統制の近代を問いなおす』(花鳥社、2017年)、工藤安代 『パブリックアート政策 芸術の公共性とアメリカ文化政策の変遷』(勁草書房、2008年)
書籍,,註解日本国憲法上巻,(有斐閣・1953 年),2,2,I0000031,結婚の自由をすべての人に訴訟（同性婚訴訟）,【東京・第１０回】原告ら最終準備書面,る。憲法学の通説もそう解する。例えば、最も権威あ る憲法逐条解説書である法学協会『註解日本国憲法上巻』(有斐閣・1953 年)474頁は、憲法 24 条は、婚姻が「第三者の意思に」「干渉されない」 ことを示したとする。判例
書籍,中川善之助編,註釈親族法上,(有斐閣、1950),2,2,I0000134/I0000159,わたしたちはもう待てない〜同性婚仙台家事審判事件,甲B265意見書2025年3月27日,通じて戦後にかけて実質的意思説と呼ばれ、伝統的通説として定着した(中川善之助編 『註釈親族法上』(有斐閣、1950)162 頁[山中康雄]二宮周平編『新注釈民法』(有斐閣、 2017)141 頁[高橋朋子])34。中
書籍,,警察学論集,31巻4号23頁,2,1,I0000104,公安警察による市民運動の監視を許さない。市民の「もの言う」自由を守るための訴訟【アーカイブ】,控訴第３準備書面第３準備書面～警備公安警察による法的根拠のない個人情報の収集は、違憲・違法である～,視 できない問題となってきた」(濱田栄次「公害事犯の実態と取締まり上の諸 問題」『警察学論集』31巻4号23頁-39頁)との警備公安警察の認識は本 件情報収集に及ぶ警察の市民運動・大衆運動敵視の姿勢が顕著に表れてい
書籍,,近代の恋愛観,(1922),2,1,I0000031,結婚の自由をすべての人に訴訟（同性婚訴訟）,風間孝先生 赤枝香奈子先生 意見書　「同性カップルの権利と異性愛規範」,となる時期であるが、そのきっかけとなったのが厨川白村(くり やがわ はくそん)の『近代の恋愛観』(1922)であった。前年、『朝日新聞』 れた「近代の恋愛観」をもとに、その後執筆した、「再び恋愛を説く」「三たび恋愛に
書籍,宇賀,逐条解説,108頁,2,2,I0000082,隠される「国の事故調査」プロセスを明らかに！訴訟,甲１１（不開示処分に対する審査請求書）,て、一般的にいって、本号は、行政機関に広範な裁量を与える趣旨では ない。」(宇賀『逐条解説』108頁)。 不開示理由をみると、「開示する行政文書以外の資料は、事故調査の目的以外 には使用しないことを前提に提出を受
書籍,旅券法研究会,逐条解説旅券法,(大蔵省印刷局、1999),2,2,I0000060,ジャーナリストに渡航の自由を！訴訟【アーカイブ】,原告第７準備書面,行し得ることとしたものである」とする(強調は原告 代理人)。 また、旅券法研究会『逐条解説旅券法』(大蔵省印刷局、1999)120頁 は、「旅券発給制限事由に該当する者等に旅券を発給する場合に、その有効 地域、有効期間
書籍,行政研究会編,逐条解説災害法対策基本法,【第四次改訂版] 405頁,2,2,I0000061,野村ダム緊急放流による水害訴訟,西予市　準備書面（１２）2024年11月22日,448 大島博雅法律事務所→→→弁護士法人伊予大洲 003/007 行政研究会編『逐条解説災害法対策基本法』【第四次改訂版] 405頁、ぎょうせ い)。 発災当時の「西予市地域防災計画」(平成27年4月策定、甲B43)では、 西
書籍,全国選挙管理委員会,選挙制度国会審議録第一緝,5頁,2,2,I0000117,立候補年齢引き下げ訴訟,訴状,念に於きましても、欠くる所がないものと存ぜられる」(甲B21:全国選挙管理委員会『選挙制度国会審議録 第一緝』5頁以下(1951年)) と説明したり、女性参政権について「今日に於きましては一般に教養も進み、殊に近時或いは男子に伍し
書籍,,青山法学論集,第49巻第1号182頁,2,2,I0000131,夫婦別姓も選べる社会へ！訴訟,【東京】202508225_第19準備書面（条約）,は異なり得る(甲A350・ 517頁、甲A351・申「人権条約の直接適用可能性」『青山法学論集』 第49巻第1号182頁)。 さらに、国際法(条約や国際慣習法)が直接適用可能でなくとも、裁判 所は、国際法に照らして国
書籍,,(同1・第7版,),1,1,I0000080,地方議会に横行する「少数派議員潰し」に立ち向かう訴訟【アーカイブ】,土屋訴訟・甲第40〜53号証,"・第5版』)252頁~ 253頁,折橋洋介 「理由の提示(3)一旅券発給拒否」(『(同1・第7版』) 244頁~245頁などを参照。 (33) 熊本信夫「個人タクシー事業の免許申請の審査と公正手続一手続の瑕疵 (2)」"
書籍,,(同Ⅰ・第7版),),1,1,I0000080,地方議会に横行する「少数派議員潰し」に立ち向かう訴訟【アーカイブ】,土屋訴訟・甲第40〜53号証,"Ⅱ・第3版』)250頁~251頁,恒川隆生「個人タクシー 免許申請の審査手続」(『(同Ⅰ・第7版)』) 236頁~237頁などを参照。 (34) 小高剛「審議会と行政手続」(『行政判例百選II・第4版』)270頁~271"
書籍,,21世紀家族へ(第4版),有斐閣,1,1,I0000031,結婚の自由をすべての人に訴訟（同性婚訴訟）,風間孝先生 赤枝香奈子先生 意見書　「同性カップルの権利と異性愛規範」,日本評論社。 -―――、1958『親族法(上)』青林書院。 落合恵美子、2019『21世紀家族へ(第4版)』有斐閣。 田間泰子、2006『「近代家族」とボディ・ポリティクス』世界思想社。 塚原久美、2014『中絶技術とリプロダク
書籍,司法研修所,4訂紛争類型別の要件事実,(2022),1,1,I0000128,人種差別的な職務質問をやめさせよう！訴訟｜#STOPレイシャルプロファイリング,準備書面８（運用・国賠法上の違法についての主張立証責任等）,、不法行為(民法709条)の要件事実において違法性を不要とする議論 (司法研修所『4訂 紛争類型別の要件事実』(2022)59頁、大江忠『要件事実民法(6)法定債権〈第4版補訂版〉』(第一法規、2024)182頁)に合わせて、国家
書籍,,GHQサムス准将の改革—戦後日本の医療福祉政策の原点,"桐書房, 2007, p.7. 4 『読売新聞』1946.2.10、加藤静枝『産児制限と",1,1,I0000132,「わたしの体は母体じゃない」訴訟,甲19：旧優生保護法に基づく優生手術等を受けた者に対する一時金の支給等に関する法律第21条に基づく調査報告書（抜粋）,"領下のサムスおよび医療福祉関連年表」クロフォード・F・サムス(竹前栄 治編訳) 『GHQ サムス准将の改革—戦後日本の医療福祉政策の原点』桐書房, 2007, p.7. 4 『読売新聞』1946.2.10、加藤静枝『産児制限と婦人 付サンガー夫人小伝(よみう"
書籍,,Interactive憲法,59頁,1,1,I0000031,結婚の自由をすべての人に訴訟（同性婚訴訟）,【名古屋・第１０回】原告ら第１０準備書面　※大野友也先生意見書に関する書面,当時の認識や制憲者意思を主たる根拠とすること自 体に問題がある。長谷部恭男教授は『Interactive 憲法』・59頁 において、「制度が制憲者の考えていた通りに動く保証はもともと ない」上、「制憲者意思という概念そのものが随分怪
書籍,松井茂記,LAWINCONTEXT憲法,(有斐閣、201 0年),1,1,I0000031,結婚の自由をすべての人に訴訟（同性婚訴訟）,【札幌】上告受理申立て理由書,性婚と平等保護」法学論集43巻2号(2 009年)(甲A297)38頁、松井茂記『LAW IN CONTEXT 憲法』(有斐閣、201 0年)(甲A299)5~6頁、同「明文根拠を欠く基本的人権の保障」戸松秀典・野坂 泰司編『憲法訴訟の現
書籍,,LoveMakesAFamily,の 6 頁,1,1,I0000031,結婚の自由をすべての人に訴訟（同性婚訴訟）,【東京二次・第４回】原告ら第２準備書面（婚姻の目的論）,"既に56名もの当事者が子どもを育てていると回答しており(甲 A191・こどまっぷ『Love Makes A Family』の 6 頁),子どもも親の幸せを願っている。 ### (4)小括 以上から,子を産み育て次世代を育成するという婚姻の"
書籍,辻村みよ子,「権利,としての選挙権』(勁草書房、1989年),1,1,I0000123,県知事の公務での護国神社参拝取りやめをー政教分離原則の違反を問うー,甲39 安西文雄「国家と宗教」,(最決2014 (平26) 7・9判時2241号20頁)。 (13) 辻村みよ子『「権利」としての選挙権』(勁草書房、1989年)21-22頁。 (14) 倉田玲「公職選挙法第11条第1項第2号の憲法適合性の欠
書籍,配信記事,【詳細】3回目の緊急事態宣言どう変わる4都府県の具体的措置,(2021年4月25日),1,1,I0000071,コロナ禍、日本社会の理不尽を問う（コロナ特措法違憲訴訟）【アーカイブ】,甲第６０号証の２：阿部泰隆先生　添付資料,(上)(第2版)』(信山社、2016年) 266-275頁 3 NHK 配信記事『【詳細】3回目の緊急事態宣言 どう変わる 4都府県の具体的措置』 (2021年4月25日) https://www3.nhk.or.jp/news/html/20210423/k100
書籍,芹田健太郎,【講座国際人権法3】国際人権法の国内的実施,(信山社、2011),1,1,I0000096,「日本の入管収容は国際人権法違反」訴訟,甲A54　意見書「自由権規約の解釈方法について」（大阪大学大学院国際公共政策研究科准教授　髙田陽奈子）,おける国際人権規約の解釈適用——一般的意見と見解の法的地位をめぐって」芹田健太郎『【講座 国際人権法3】国際人権法の国内的実施』(信山社、2011)50頁。 る報告を検討する。委員会は、委員会の報告及び適当と認める一般的な性格を有する意見を締約国
書籍,,えびの市パートナーシップ宣誓制度,写し (保存 年月日 2022年 1月4日),1,1,I0000031,結婚の自由をすべての人に訴訟（同性婚訴訟）,【札幌・第４回】控訴人ら証拠説明書（甲A564-867）,1/partnership.html 甲A 607 開始しました『えびの市パートナーシップ宣誓制度』 写し (保存 年月日 2022年 1月4日) 宮崎県 えびの 市 えびの市で、パートナーシップ制度が始
書籍,外間守善,おもろさうし,(一九八五、岩波書店),1,1,I0000076,「琉球人のご先祖の遺骨返還を」訴訟【アーカイブ】,甲36,高明編『南島の古代文化』一九七三、毎日新聞社、一二八頁) - (37) 外間守善『おもろさうし』(一九八五、岩波書店)五七~六三頁 - (38) 死者の霊魂が葬所→ニライカナイ→御嶽と移動するという考えが、一般の人々
書籍,東京弁護士会・女性の権利に関する委員会編,これからの選択夫婦別姓,(日 本評論社、1990),1,1,I0000131,夫婦別姓も選べる社会へ！訴訟,甲A004_二宮先生意見書（平成23年12月5日）,関係の形成などの願いが込められていた (東京弁護士会・女性の権利に関する委員会編『これからの選択 夫婦別姓』(日 本評論社、1990)など参照)。加藤、東京家審や木下の指摘した夫婦同氏強制の 弊害の除去の視点、中川の父権主義批判
書籍,,はじめてのジェンダー【論,(有斐閣),1,1,I0000031,結婚の自由をすべての人に訴訟（同性婚訴訟）,【東京 二次提訴】証拠説明書１(甲A1から144),"上記訳文 甲A 34 『はじめてのジェンダー 【論』(有斐閣)抄本 32 頁~37頁,48頁~50 頁 写し 2017年8月10日"
書籍,山田鐐一・黒木忠正,よくわかる入管法,有斐閣、2006年、172頁,1,1,I0000096,「日本の入管収容は国際人権法違反」訴訟,甲A57　意見書（申惠丰青山学院大学教授）※日本の入管収容と国際人権法,るか認めないかの自由裁量の権限を法務大臣に与えたものではない(山田鐐一・黒木忠正『よくわかる入管法』有斐閣、2006年、172頁)。難民問題の社会的・人道的性格に照らして難民の受入れの責任を各国で分担し協力するという難民
書籍,今泉慎也編,アジアの司法化と裁判官の役割,(アジア経済研究所、2012年),1,1,I0000031,結婚の自由をすべての人に訴訟（同性婚訴訟）,鈴木賢先生 意見書　※台湾で施行された同性間の婚姻に関わる法律について,「台湾における『憲法の番人』―大法官による憲法解釈制度をめぐって―」今泉慎也編 『アジアの司法化と裁判官の役割』(アジア経済研究所、2012年)24頁以下参照。 6 なお、2022年1月から本法に代わって、憲法訴訟法が施行され、大法
書籍,,アステイオン,"68号,238頁",1,1,I0000136,地域による報酬格差は違憲！裁判官の独立と良心を守る訴訟,甲31号証｜全国地家裁所長の人事パターンの制度可に関する一考察ーその経歴的資源に着目してー（I）,",御厨貴(2008) 「近代思想の対比列伝――オーラル・ヒス から見る 第二回」『アステイオン』 68号,238頁。 (5) 矢口(2004)216頁。 (6) とはいえ、勇退勧告がなされる場合もある。下澤悦夫(22"
書籍,,アナーキー・国家・ユートピア,(木鐸社・2000),1,1,I0000132,「わたしの体は母体じゃない」訴訟,甲175：小西意見書,論』(八朔社・2020)196頁。 2 ロバート・ノージック(著)嶋津格(訳) 『アナーキー・国家・ユートピア』(木鐸社・2000)52頁。 3 山根純佳『産む産まないは女の権利か』(勁草書房・2004)53頁以下参照。 4 大林啓
書籍,法訴訟研究会=芦部信喜編,アメリカ憲法判例,(有斐閣、一九九八),1,1,I0000046,在外選挙権確認訴訟【アーカイブケース】,甲２０：戸波江二「最高裁判所の憲法判例と違憲審査の活性化」,例研究会編『ドイツの憲法判例』(信山社、一九九六)、憲 法訴訟研究会=芦部信喜編『アメリカ憲法判例』(有斐閣、一九九八)所収の判例参照。 (9) 立法裁量論を違憲審査の場面で用いることができるとすれば、それは、租税立法や
書籍,土屋孝次,アメリカ連邦議会と裁判官規律制度の展開,"(有 信堂,2008年)",1,1,I0000090,司法の独立を脅かす岡口裁判官の罷免訴追に反対します！【アーカイブ】,意見書（山元一）,"官訴追委員会事務局編『裁 判官弾劾制度の50年』 (2007年)48頁,土屋孝次『アメリカ連邦議会と裁判官規律制度の展開』(有 信堂,2008年)188頁以下。 16 樋口陽一ほか 『注解法律学全集 憲法IⅢ』 [樋口陽一執筆担当〕(青林書院"
書籍,斎藤眞・五十嵐武士訳,アメリカ革命,(研究社、1978年),1,1,I0000130,日本の「黙秘権」を問う訴訟 〜56時間にわたる侮辱的な取調べは違法〜 ,甲４号証（安部祥太氏意見書）,")内容の有利・不利を問題にした規定ではない136。 129 斎藤眞・五十嵐武士訳『アメリカ革命』(研究社、1978年)131頁 〔五十嵐武士訳〕。 130 R. Carter Pittman, The Colonia"
書籍,日本国際問題研究所,インド太平洋における法の支配の課題と海洋安全保障「カントリー・プロファイル,』(日本国際問題研究所、2017年3月),1,1,I0000096,「日本の入管収容は国際人権法違反」訴訟,甲A54　意見書「自由権規約の解釈方法について」（大阪大学大学院国際公共政策研究科准教授　髙田陽奈子）,「南シナ海仲裁判断の検討:歴史的権利および海洋地勢の法的地位」日本国際問題研究所『インド太平洋における法の支配の課題と海洋安全保障「カントリー・プロファイル」』(日本国際問題研究所、2017年3月)、13-14頁。 日本政府は、これまで世界貿易機関(WTO)紛争解決手続におい
書籍,鈴木秀美・三宅雄彦編,ガイドブックドイツの憲法判例,(信山社、2021年),1,1,I0000031,結婚の自由をすべての人に訴訟（同性婚訴訟）,【札幌】上告受理申立て理由書,(信山社、2018年)(甲A257)111~114頁 参照。鈴木秀美・三宅雄彦編『ガイドブックドイツの憲法判例』(信山社、2021年) 164頁は、ドイツの基本法と異なり、憲法24条の解釈については、個人を抑圧した戦 前の家制度への
書籍,市川正人,ケースメソッド憲法(第2版),(日 本評論社、平成21年),1,1,I0000064,「セックスワークにも給付金を」訴訟 【アーカイブ】,甲59：意見書（曽我部真裕教授）,5年) 19頁(同 『権利保障の諸相』(三省堂、平成26年)所収))、市川正人 『ケースメソッド憲法(第2版)』(日 本評論社、平成21年)第8章など参照。 他方、政府においても、宗教団体への支援を同一待遇説的な理由付けで正当化する
書籍,尹龍澤ほか編,コリアの法と社会,(日本評論社、2020年),1,1,I0000130,日本の「黙秘権」を問う訴訟 〜56時間にわたる侮辱的な取調べは違法〜 ,甲４号証（安部祥太氏意見書）,사 (2008년) 3쪽。 71 安部祥太「〈過去事清算〉とは何か」尹龍澤ほか編『コリアの法と社会』 (日本評論社、2020年)53~54頁。 72 韓寅燮「権威主義の体制下の司法府と刑事裁判―――――抑圧と抵抗のドラマ
書籍,,コンメンタール日本国憲法,"(日本評論社,1978年)",1,1,I0000090,司法の独立を脅かす岡口裁判官の罷免訴追に反対します！【アーカイブ】,意見書（山元一）,"止しているので、減俸処 分も認められない20。 17 宮沢俊義〔芦部信喜補訂〕 『コンメンタール日本国憲法』(日本評論社,1978年)629頁。 18 この点に関連して、弾劾と懲戒は法的性質が全く異なるという理由で、弾劾裁判所が"
書籍,,コンメンタール民事訴訟法IV,(日 本評論社),1,1,I0000031,結婚の自由をすべての人に訴訟（同性婚訴訟）,【九州・第３回】原告ら第４準備書面（婚姻できないことによる、法律上・事実上の不利益）,ついての証言を強いることは人情に反し情誼に もとる、などと説明されているところ(『コンメンタール民事訴訟法IV』(日 本評論社)182頁、『大コンメンタール刑事訴訟法第3卷第二版』(青林 - 19 - 書院)149頁)、同性カップ
書籍,,コンメンタール民事訴訟法IV(第2版),"(日本評論 者,2019)",1,1,I0000031,結婚の自由をすべての人に訴訟（同性婚訴訟）,【東京・第５回】当事者尋問採用を求める意見,"006) 3 高橋和之『体系憲法訴訟』(岩波書店, 2017) 4 秋山幹男ほか『コンメンタール民事訴訟法IV(第2版)』(日本評論 者,2019) 5 門口正人編集代表『民事証拠法大系・第3巻』(青林書院, 2003) 12"
書籍,宮澤俊義,コンメンタール篇日本国憲法,〔日本評論新社、 1955年〕198頁,1,1,I0000132,「わたしの体は母体じゃない」訴訟,控訴理由書_20260507,定し、全ての人間を自主的な人格として平等に尊重 しようとするものである(宮澤俊義『コンメンタール篇 日本国憲法』〔日本評論新社、 1955年〕198頁)。そして、『個人の尊重』は、憲法の基本原理としての性格 を持ち、憲法の全ての条項
書籍,,サッフォーとソクラテス,という書物を出版し、そのなかで同性愛は 人間の性愛のれっきとした一形態であって、犯罪者扱,1,1,I0000031,結婚の自由をすべての人に訴訟（同性婚訴訟）,河口和也先生 意見書　「欧米および国際社会における同性愛の権利主体形成の歴史」,して開業した人物であった。ヒルシュフェルトは、Th.ラーミンという変名に より、『サッフォーとソクラテス』という書物を出版し、そのなかで同性愛は 人間の性愛のれっきとした一形態であって、犯罪者扱いするのではなく、科学 的に検証
書籍,,ザ・フェデラリスト,"岩波書店,1999, p.247. (41)",1,1,I0000117,立候補年齢引き下げ訴訟,甲B26　国立国会図書館調査及び立法考査局政治議会課編「主要国における被選挙権年齢 (資料)」レファレンス833号,"下院議員に関する被選挙規定」 A. ハミルトンほか (斎藤眞・中野勝郎編訳) 『ザ・フェデラリスト』岩波書店,1999, p.247. (41) ジェイムズ・マディソン 「第62篇 上院の構成」 ハミルトンほか 同上,"
書籍,,シリーズ変貌する家族1「家族の社会史,"(岩波書 店,1991)",1,1,I0000031,結婚の自由をすべての人に訴訟（同性婚訴訟）,【大阪・第５回】証拠説明書５（甲A227から307）,"趣旨 甲A 239- 11 「利谷信義「家族法の実験」 『シリーズ変貌する家族 1 「家族の社会史』(岩波書 店,1991) 101頁 写し 1991年 (平成 3年) 月5日 利谷信義 「明治維新により政"
書籍,,シリーズ変貌する家族1家族「の社会史,"(岩波書 店,1991)",1,1,I0000031,結婚の自由をすべての人に訴訟（同性婚訴訟）,【東京・第５回】証拠説明書８（甲A211－1から211-68）,"211- 11 利谷信義「家族法の 「実験」 『シリーズ変 貌する家族 1家族 「の社会史』(岩波書 店,1991) 101 頁 写 1991年(平成3 年)7月5日"
書籍,,シリーズ変貌する家族1家族の社会史,"(岩波書店, 1991)",1,1,I0000031,結婚の自由をすべての人に訴訟（同性婚訴訟）,【東京二次・第４回】証拠説明書２(甲A145から191),"甲A146 利谷信義「家族 法の実験」『シ リーズ変貌す る家族 1 家 族の社会史』 (岩波書店, 1991)101 頁 写し 1991年(平 成3年)7月 5日"
書籍,坪井秀人編,ジェンダーと生政治,"臨川書店, 2019, p.47、杉山春『満州女塾』新潮社, 1996, pp.242",1,1,I0000132,「わたしの体は母体じゃない」訴訟,甲19：旧優生保護法に基づく優生手術等を受けた者に対する一時金の支給等に関する法律第21条に基づく調査報告書（抜粋）,"松原洋子「引揚者医療救護における組織的人工妊娠中絶─優生保護法前史—」坪井秀人編『ジェンダーと生政治』 臨川書店, 2019, p.47、杉山春『満州女塾』新潮社, 1996, pp.242-245. 44 厚生省医務局『"
書籍,佐藤英明,スタンダード所得税法[第4版],"(弘文堂,2024 年)",1,1,I0000152,保育料を経費に！訴訟,甲50：意見書（藤間大順　神奈川大学准教授）,"るだけこれを排除すべしとする考え方との広狭二様の考え方がある。 1 佐藤英明『スタンダード所得税法[第4版]』(弘文堂,2024 年)283 頁。 2 佐藤・前掲注(1) 284 頁参照。 2 所得税の建前としては,事業上の経費"
書籍,香奈子・今田絵里香編,セクシュアリティの戦後史,京都大学学術出版会,1,1,I0000031,結婚の自由をすべての人に訴訟（同性婚訴訟）,風間孝先生 赤枝香奈子先生 意見書　「同性カップルの権利と異性愛規範」,本における「レズビアン」カテゴリーの定着」、小山静子・赤枝 香奈子・今田絵里香編『セクシュアリティの戦後史』、京都大学学術出版会。 A記者・B記者・C記者、1930「同棲愛の家庭訪問」『婦人公論』5月号:18-25。 Butle
書籍,,セックス,(1926),1,1,I0000031,結婚の自由をすべての人に訴訟（同性婚訴訟）,風間孝先生 赤枝香奈子先生 意見書　「同性カップルの権利と異性愛規範」,欲と人 生』(1920)、『変態性欲』(1922)、『変態・資料』(1926)、『セックス』 (1926)、『犯罪科学』(1930)、『犯罪公論』(1931)といった雑誌が次々に発行され たのである。そしてこれら
書籍,日本経済団体連合会,ダイバーシティ・ンクルジョン「社会の実現に向けて,(2017 【年5月16日),1,1,I0000031,結婚の自由をすべての人に訴訟（同性婚訴訟）,【大阪・第５回】証拠説明書５（甲A227から307）,こと。 【意見書33頁】 甲A 239- 62 日本経済団体連合会『ダイ バーシティ・ンクルジョン 「社会の実現に向けて』(2017 【年5月16日) 写し 2017年 (平成 29年) 5 月16日 日本経済団体 連合会 日本
書籍,駒村圭吾編,テキストとしての判決,有斐閣 69頁,1,1,I0000131,夫婦別姓も選べる社会へ！訴訟,【東京】20241220_第７準備書面（学説の状況）,康行 「憲法判例のなかの家族一尊属殺重罰規定違憲」(2016年) 駒村圭吾編『テキストとしての判決』有斐閣 69頁 「ある権利が制度構築に依存していることを認めることが、『制度優先思考』を直線的に導くわけではない。」
書籍,,テクストとしての判決「近代,と「憲法」を読み解く』(有斐閣・2016年),1,1,I0000123,県知事の公務での護国神社参拝取りやめをー政教分離原則の違反を問うー,甲18（稲正樹意見書）,「精神的観念的基礎のない国家・公共は可能か?-津地鎮祭事件判決」駒村圭吾(編) 『テクストとしての判決 「近代」と「憲法」を読み解く』(有斐閣・2016年)157-229頁、226- 228頁。 39 体が旺盛に活動することが期待
書籍,佐々木掌子,トランスジェンダーの心理学,(晃洋出 版),1,1,I0000031,結婚の自由をすべての人に訴訟（同性婚訴訟）,【東京 二次提訴】証拠説明書１(甲A1から144),"甲A 134 佐々木掌子『トランスジェ ンダーの心理学』(晃洋出 版) 2頁~16頁,40頁~4 5頁 写し 2017年 佐々木"
書籍,研究会,ドイツの憲法判例V,(甲A257),1,1,I0000031,結婚の自由をすべての人に訴訟（同性婚訴訟）,【札幌・第１回】控訴人ら第２準備書面　※控訴答弁書に対する反論,"之「遺族扶助における生活パートナーの排除と一般的平等原則」ドイツ憲法判例 研究会『ドイツの憲法判例V』(甲A257)112頁。 20 由のない差別的取扱いとなるときは,憲法14条1項違反の問題を生ず ることはいうまでも"
書籍,ドイツ憲法判例研究会編,ドイツの憲法判例Ⅲ,(信山社、2008 年),1,1,I0000031,結婚の自由をすべての人に訴訟（同性婚訴訟）,【札幌】上告受理申立て理由書,界」8~9頁、三宅雄彦「生活パートナー シップ法の合憲性」ドイツ憲法判例研究会編『ドイツの憲法判例Ⅲ』(信山社、2008 年)191頁参照。 97 「一夫一婦ノ原則ハ、私個人ノ考ヘデアリマスガ、是ハ全ク世界通有ノ一大原則ダ
書籍,例研究会,ドイツの憲法判例Ⅳ,(信山社、2018年),1,1,I0000031,結婚の自由をすべての人に訴訟（同性婚訴訟）,【札幌】上告受理申立て理由書,之「遺族扶助における生活パートナーの排除と一般的平等原則」ドイツ憲法判 例研究会『ドイツの憲法判例Ⅳ』(信山社、2018年)(甲A257)111~114頁 参照。鈴木秀美・三宅雄彦編『ガイドブックドイツの憲法判例』(信山社
書籍,会編,ドイツの最新憲法判例,(信山社、近刊),1,1,I0000046,在外選挙権確認訴訟【アーカイブケース】,甲２０：戸波江二「最高裁判所の憲法判例と違憲審査の活性化」,位』(東大出版会、一九九九)一○三頁以下がある。さらに、ドイツ憲法判例研究 会編『ドイツの最新憲法判例』(信山社、近刊)の栗城壽夫「はしがき」参照。 ## 矯正の現状 (早稲田大学法学部教授) 法務省矯正局
書籍,クラウス・シュテルン,ドイツ憲法II基本権編,"(井上典之ほか 編訳,信山社)",1,1,I0000151,「18歳未満にも選挙で応援する自由を」訴訟,甲４２：門田孝教授の意見書,"浩と分担執筆) 2009年:(翻訳)クラウス・シュテルン『ドイツ憲法II基本権編』(井上典之ほか 編訳,信山社) * 「§76 私法秩序における基本権の効"
書籍,有名な,ドリアン・グレイの肖像,を出版したが、ちょうどそ のころにアルフレッド・ダグラス卿と初めて出会い、翌年に二人は恋,1,1,I0000031,結婚の自由をすべての人に訴訟（同性婚訴訟）,河口和也先生 意見書　「欧米および国際社会における同性愛の権利主体形成の歴史」,を求める若者たちとの交際の輪を広げてい くことになった。 1891年には、有名な『ドリアン・グレイの肖像』を出版したが、ちょうどそ のころにアルフレッド・ダグラス卿と初めて出会い、翌年に二人は恋人関係に 5 なる。交際のなか
書籍,長谷部恭男・石田秀治,ナチスの「手口,と緊急事態条項』(集英社、2017年),1,1,I0000071,コロナ禍、日本社会の理不尽を問う（コロナ特措法違憲訴訟）【アーカイブ】,甲第５２号証：「匿名の権力ー感染症と憲法」と題する論文（法律時報2020年8月号）,49 U.S. 47 (1919)). 30) 詳しくは、長谷部恭男・石田秀治 『ナチスの「手口」と緊急事態条項』(集英社、2017年)。 31) 夫「コロナウイルスへの加盟国の対応とEUにおける立憲主義」週刊経団連タ
書籍,村中直人,ニューロダイバーシティの教科書,(兼子書房、2020),1,1,I0000132,「わたしの体は母体じゃない」訴訟,甲143：小川意見書,シャル ワーク』(生活書院、2022) 122-123頁。 59 参照、村中直人『ニューロダイバーシティの教科書』(兼子書房、2020)、発達障害サポーター'Sスクール(村中直 人監修)『ニューロダイバーシティ視点で考える自閉スペクト
書籍,,ニューロダイバーシティ視点で考える自閉スペクトラムの科学と理解,(子ども・青少年育成支援協会、 2024),1,1,I0000132,「わたしの体は母体じゃない」訴訟,甲143：小川意見書,教科書』(兼子書房、2020)、発達障害サポーター'Sスクール(村中直 人監修)『ニューロダイバーシティ視点で考える自閉スペクトラムの科学と理解』(子ども・青少年育成支援協会、 2024)。また、現代思想(青土社)2026年5月号(54巻6号)はニューロダイバーシテ
書籍,,パスポートとビザの知識(新版),(春日哲吉、1994年),1,1,I0000106,本人の意思を無視して日本国籍を一方的にはく奪する「国籍法11条1項は違憲」訴訟,【訴訟１】第３回期日報告集会資料（第２弾）_20230313,- 被告からの釈明としての証拠説明 - その後に続く文章の出典は - 『パスポートとビザの知識(新版)』(春日哲吉、1994年) - です。 # なあんだ、そうだったのか! 「ヨシ!」 (仕事猫) # というわけには
書籍,,パレード:東京レズビアン&ゲイパレード2000の記録,ポ ット出版,1,1,I0000031,結婚の自由をすべての人に訴訟（同性婚訴訟）,風間孝先生 赤枝香奈子先生 意見書　「同性カップルの権利と異性愛規範」,赤川学監訳『われら勝ち得し世界』弘文堂。) 70 砂川秀樹監修・編集、2001『パレード:東京レズビアン&ゲイパレード 2000 の記録』ポ ット出版。 東郷健、1979『雑民の論理』エポナ出版。 角田由紀子、2011「同性愛と離婚理由」『性的マイノリティ判
書籍,,フランスの同性婚と親子関係,(明 石書店、2019),1,1,I0000067,「同性パートナーにも犯罪被害の遺族給付金を」訴訟,第10準備書面,る共同生活の誓約(法律婚)である(イレー ヌ・テリー(石田久仁子・井上たか子訳)『フランスの同性婚と親子関係』(明 石書店、2019)114頁)。 ベルギーも、同様の3つの選択肢を保障する(ジャン=ルイ・ランション(大 島梨沙訳)
書籍,阪本昌成,プライヴァシー権論,"(日本評論社, 1986年)",1,1,I0000146,「学術会議の独立性」を市民で守ろう ～会員任命拒否理由の情報公開訴訟～,甲B26 答申書,"は公正信用報告法やプライバシー法に見い出すことができる、 とされていた(阪本昌成『プライヴァシー権論』(日本評論社, 1986年)246頁)。 以上のように、プライバシーの権利の意義が形成・展開したこと については、日本に"
書籍,憲法研究会編,プロセス演習憲法[第4版],"(信山 社,2012年)",1,1,I0000090,司法の独立を脅かす岡口裁判官の罷免訴追に反対します！【アーカイブ】,意見書（山元一）,"2日8頁)。 64 参照,山元一「公務員の政治的表現の自由」 LS 憲法研究会編『プロセス演習憲法 [第4版]』(信山 社,2012年)563頁。 法解釈や法適用を行うだけでは済まされないのであって、法の素人である一般市民は、その目"
書籍,ウォルドロン,ヘイト・スピーチという害悪,(谷澤正嗣・川 岸令和訳、2015年、みすず書房),1,1,I0000085,「人種差別を許さない」訴訟　～警察官による母子の不当聴取と個人情報の漏洩～,甲３１　意見書（大阪公立大学大学院准教授明戸隆浩）,心を実現する上でも、きわめて重要な課題である。 12 ジェレミー・ウォルドロン『ヘイト・スピーチという害悪』(谷澤正嗣・川 岸令和訳、2015年、みすず書房)、6ページ。 13 明戸 隆浩(あけど たかひろ) 略歴
書籍,,ムラの若者・くにの若者民俗と国民統合,(未來社、 1996),1,1,I0000123,県知事の公務での護国神社参拝取りやめをー政教分離原則の違反を問うー,甲20-28,社会学研究科)。東京学芸大学教授を経て、現在、中央大学総合政策 学部教授。著客に『ムラの若者・くにの若者民俗と国民統合』(未來社、 1996)、『戦死者霊魂のゆくえ――戦争と民俗』(吉川弘文館、2003)、「墓の民俗 学」(吉川弘文館、20
書籍,,メディア判例百選・第2版,),1,1,I0000080,地方議会に横行する「少数派議員潰し」に立ち向かう訴訟【アーカイブ】,土屋訴訟・甲第40〜53号証,"』)142頁~143頁,佐伯仁志「公共の利害に関 する事実―『月刊ペン』事件」(『メディア判例百選・第2版』)42頁~43 頁などを参照。 中京法学54巻3,4号(2020年) (287) 571 民法秩序における名誉の保護、"
書籍,,ユーゼニックス,(1924年創刊、後『優生学』に改 題),1,1,I0000132,「わたしの体は母体じゃない」訴訟,甲147：『ハンセン病問題に関する検証会議　最終報告書』抜粋,がしばしば取り上げられるようになり、 読者である新中間層に影響を及ぼしていった。『ユーゼニックス』(1924年創刊、後『優生学』に改 題)、『優生運動』(1926年創刊)といった雑誌も発行されるようになった。社会の負担
書籍,杉山麻里子,ルポ同性カップルの子どもたちアメリカ「ゲイビーブーム,を追う』73 頁,1,1,I0000031,結婚の自由をすべての人に訴訟（同性婚訴訟）,大野友也先生 意見書 ※憲法14条1項（法の下の平等）についての意見書,"e, 932 A.2d 571, 630-31 (2007). 30 杉山麻里子『ルポ 同性カップルの子どもたちアメリカ「ゲイビーブーム」 を追う』73 頁以下(岩波書店、2016年)では、アメリカの話ではあるが、こう したカップルについて触れられている。"
書籍,,レ・ミゼラブル,のプロデューサーが新读出版で贈る超大作ミュージカル! CAMERON MACKINTOS,1,1,I0000062,羽田空港新ルート設定の取消訴訟【アーカイブ】,　甲67,特集 『メリー・ポピンズ』 『レ・ミゼラブル』のプロデューサーが新读出版で贈る超大作ミュージカル! CAMERON MACKINTOSH'S production o
書籍,,ヰタ・セクスアリス,(1909 年),1,1,I0000031,結婚の自由をすべての人に訴訟（同性婚訴訟）,風間孝先生 赤枝香奈子先生 意見書　「同性カップルの権利と異性愛規範」,また明治初期(1870 年代)の男子学生を 描いた、森鴎外の自伝的小説と言われる『ヰタ・セクスアリス』(1909 年)には、当時の 男子学生の中には女色を好む「軟派」と、男色を好む「硬派」の二つのタイプがあり、数 の上では
書籍,,一橋法学,22巻2号(2023年),1,1,I0000031,結婚の自由をすべての人に訴訟（同性婚訴訟）,谷口洋幸先生意見書（自由権規約委員会勧告）,いる。 ⁴³ 初川彬「自由権規約委員会の解釈と『事実上の拘束力』に関する一考察」『一橋法学』 22巻2号(2023年) 659-664頁。 ⁴⁴ 現在は定期報告書の作成前に、前回総括所見を基準とする事前質問リスト
書籍,,三原市パートナーシップ宣誓制度,スタート! 写し (保存 年月日 2022年 1月4日),1,1,I0000031,結婚の自由をすべての人に訴訟（同性婚訴訟）,【札幌・第４回】控訴人ら証拠説明書（甲A564-867）,icle/detail/5649 甲A 614 令和4年1月1日『三原市パートナーシップ宣誓制度』スタート! 写し (保存 年月日 2022年 1月4日) 広島県 三原市 三原市で、パートナーシップ制度
書籍,松濤弘道,世界の葬式,249頁,1,1,I0000083,ベトナム人技能実習生リンさんの死体遺棄罪刑事事件【アーカイブ】,上告趣意書,魔女」に対する拷問と処刑」関西大学『独逸文 学』49号269頁。 15 松濤弘道『世界の葬式』249頁。 16 近藤功行「与論島における洗骨習俗の現状」『志學館法学』5号213頁。 17 山折哲雄編『共同研究 日本
書籍,,世界宗教史IV,筑摩書房、1998年、437頁,1,1,I0000076,「琉球人のご先祖の遺骨返還を」訴訟【アーカイブ】,甲35,7荒木美智雄、「日本の民衆宗教-日本宗教の統合的理解のために」、エリアーデ原案、『世界宗教史IV』、筑摩書房、1998年、437頁。 40 しかしながら、そのような比較的新しい伝統は「長期にわたる持続」として培われ
書籍,,世界法年報,29号(2010),1,1,I0000031,結婚の自由をすべての人に訴訟（同性婚訴訟）,谷口洋幸先生意見書（自由権規約委員会勧告）,夫も施されている42。 ⁴⁰ 谷口洋幸「自由権規約委員会の規約解釈の法的意義」『世界法年報』29号(2010)。 ⁴¹ もっとも、他の委員会でも実際には裁判官や弁護士などの法曹資格を有する者や法学者 など「法律関
書籍,三淵忠彦,世間と人間［復刻版］,２０２３年、２２１頁,1,1,I0000106,本人の意思を無視して日本国籍を一方的にはく奪する「国籍法11条1項は違憲」訴訟,【訴訟１】上告受理申立て理由書（一部カラー）2024年12月21日,た親戚がおり、三淵氏はその親戚から贈られたワニを大切に飼っていたという（三淵忠彦『世間と人間［復刻版］』２０２３年、２２１頁））。 海外移民となった日本国民や在外邦人が「幸福追求」のために居住国の国籍と日本の国籍の両方が必要
書籍,,中絶技術とリプロダクティブ・ライツ,勁草書房,1,1,I0000031,結婚の自由をすべての人に訴訟（同性婚訴訟）,風間孝先生 赤枝香奈子先生 意見書　「同性カップルの権利と異性愛規範」,"、2006『「近代家族」とボディ・ポリティクス』世界思想社。 塚原久美、2014『中絶技術とリプロダクティブ・ライツ』勁草書房。 Weeks, Jefferey, 2007, The World We Have Won: The Rema"
書籍,,主要国の各種法定年齢一選挙権年齢・成人年齢引下げの経緯を中心に―,(調査資料2008-3-b 基本情報シリーズ②),1,1,I0000117,立候補年齢引き下げ訴訟,甲B26　国立国会図書館調査及び立法考査局政治議会課編「主要国における被選挙権年齢 (資料)」レファレンス833号,"これまでの諸外国の選挙権年齢及び被選挙権年齢をめぐる状況等については、佐藤令ほか『主要国の各種法定 年齢一選挙権年齢・成人年齢引下げの経緯を中心に―」(調査資料2008-3-b 基本情報シリーズ②) 国立国会図書館 調査及び立法考査局,2008. <https://dl"
書籍,高木光,事実行為と行政訴訟,〔有斐閣、1988年〕72頁,1,1,I0000182,デジタル時代の「知る権利」を守る。情報開示を阻む手数料を問う訴訟,【中林訴訟】甲第６号証20260612,"でいわれている処分概念の拡張は、一方で、形式的行政処分論を念頭に 置くが(高木光『事実行為と行政訴訟』 〔有斐閣、1988年〕72頁以下,278頁以下)、同 論は一部の裁判例や学説において説かれたものの、いずれにおいても支"
書籍,高橋勝好・牛丸義留,人工妊娠中絶の諸問題—改正優生保護法詳解—,"日本医事新報出版部, 1950, p.2. 143 高橋勝好「優生保護法運営における都道",1,1,I0000132,「わたしの体は母体じゃない」訴訟,甲19：旧優生保護法に基づく優生手術等を受けた者に対する一時金の支給等に関する法律第21条に基づく調査報告書（抜粋）,"師会雑誌』90巻1号,1983.7.1, p.20. 142 高橋勝好・牛丸義留『人工妊娠中絶の諸問題—改正優生保護法詳解—』日本医事新報出版部, 1950, p.2. 143 高橋勝好「優生保護法運営における都道府県医師会の役割」『日本医師会雑"
書籍,斉藤博,人格価値の保護と民法,(一粒社、1986),1,1,I0000131,夫婦別姓も選べる社会へ！訴訟,甲A004_二宮先生意見書（平成23年12月5日）,頁)。この見解は、学説上、通説となって今日 に至っていると評価されている(斉藤博『人格価値の保護と民法』(一粒社、1986) 61~62頁)。 氏名に人格権を認めることが通説であるとして、具体的な権利の内容として は、判例が
書籍,五十嵐清,人格権論,(一 粒社、1989),1,1,I0000131,夫婦別姓も選べる社会へ！訴訟,甲A004_二宮先生意見書（平成23年12月5日）,、氏名専用権と位置づ け、人格権の中では、最も早く成立した権利だとする(五十嵐清『人格権論』(一 粒社、1989)65頁)。 こうして1980年代までには、氏名のもつ個人の呼称としての性質に着目して、 氏名が個人
書籍,ホセ・ヨンパルト,人間の尊厳と国家の権力,(成文堂・1990),1,1,I0000132,「わたしの体は母体じゃない」訴訟,甲175：小西意見書,020) 15頁参照。 12 西田、同上、14頁以下。 13 ホセ・ヨンパルト 『人間の尊厳と国家の権力』(成文堂・1990)57頁以下、同『日本国憲法哲学』(成文堂・1995) 110頁以下をまと めて紹介する金澤文雄「生命
書籍,松宮孝明,他者による葬祭可能性の減少,と死体遺棄罪6頁,1,1,I0000083,ベトナム人技能実習生リンさんの死体遺棄罪刑事事件【アーカイブ】,上告趣意書,に葬祭 が行われることを妨げたか否かを検討する余地はない43。 42 松宮孝明『他者による葬祭可能性の減少』と死体遺棄罪6頁以下では、死体の隠匿は、殺人犯 人などによる犯跡の隠ぺいのため「隠匿」と葬祭義務者による葬祭の概念として
書籍,,代替的選択肢としての国内避難または再移動,」(2003年7月23日、 HCR/GIP/03/04、以下「UNHCR・代替的選択肢としての国内避難ガイドライン」),1,1,I0000178,私として生きる権利を求めて。アイコさん難民不認定取消訴訟,甲C4-6,る1951年の条約第1条A(2)および/また は1967年の議定書の文脈における『代替的選択肢としての国内避難または再移動』」(2003年7月23日、 HCR/GIP/03/04、以下「UNHCR・代替的選択肢としての国内避難ガイドライン」)、
書籍,刑事立法研究会編,代用監獄・拘置所改革のゆくえ,(現代人文社、2005年),1,1,I0000155,人質司法に終止符を！訴訟,甲A117 資料入手報告書,禁法と人権』(現代人文社、2012年)68頁、石田倫識「保 釈」刑事立法研究会編『代用監獄・拘置所改革のゆくえ』(現代人文社、2005年)115頁、三島聡「イングランド・ウェールズ の保釈制度」季刊刑事弁護24号(2000年)72頁
書籍,,令状実務詳解〔補訂版〕,322-327頁,1,1,I0000155,人質司法に終止符を！訴訟,原告証拠説明書⑼20260821【甲140-160】,、具体的蓋然性があること をいうと解されていること。 A148 『令状実務詳解〔補訂 版〕』322-327頁 写し 2023. 4. 25 田中康郎監修 (浅香執筆箇 所) 裁判官は
書籍,,企業法務のための民事訴訟の実務解説〈第4版),42 1ページ,1,1,I0000128,人種差別的な職務質問をやめさせよう！訴訟｜#STOPレイシャルプロファイリング,準備書面（６）_被告愛知県,あったことが容易に伺われるところである。 2圈道至剛外著、第一法規株式会社発行 『企業法務のための民事訴訟の実務解説 〈第4版)』42 1ページなど、多数の文献、論文で指摘されているところである。 3 26-07-03;11:02 プライム・パート
書籍,朝日新聞デジタル,休業要請応じないパチンコ店、東京都も店名公表へ,(2020年4 月24日),1,1,I0000071,コロナ禍、日本社会の理不尽を問う（コロナ特措法違憲訴訟）【アーカイブ】,甲第６０号証の２：阿部泰隆先生　添付資料,知事の真贋』(文春新書、2020年11月)62頁-78頁 10 朝日新聞デジタル『休業要請応じないパチンコ店、東京都も店名公表へ』(2020年4 月24日) https://www.asahi.com/articles/ASN4S51B1N4SUTI
書籍,,佐藤幸治先生還暦記念・現代立憲主義と司法権,"(青林書院,1998年)",1,1,I0000123,県知事の公務での護国神社参拝取りやめをー政教分離原則の違反を問うー,甲45 佐々木弘通「信教の自由・政教分離」,"下巻』(成文 堂,2008年)349頁以下 - ■岡徹「宗教に対する便宜供与・」『佐藤幸治先生還暦記念・現代立憲主義と司法権』 (青林書院,1998年)401頁以下 - 林知更「政教分離原則の構造」高見勝利ほか編『日本国憲法解釈の再検討』(有斐閣"
書籍,谷口彌三郎,優生保護法:基礎理論と解説[新版],(文久書院、1984),1,1,I0000132,「わたしの体は母体じゃない」訴訟,甲143：小川意見書,衆議院、参議院ともに委員会で同法案に対する質疑は行われなかっ 79 谷口彌三郎『優生保護法:基礎理論と解説[新版]』(文久書院、1984)25頁。 た」80ため、議会における議事録から立法趣旨を確認することはできない。しかし自民党内部
書籍,,優生運動,(1926年創刊),1,1,I0000132,「わたしの体は母体じゃない」訴訟,甲147：『ハンセン病問題に関する検証会議　最終報告書』抜粋,響を及ぼしていった。『ユーゼニックス』(1924年創刊、後『優生学』に改 題)、『優生運動』(1926年創刊)といった雑誌も発行されるようになった。社会の負担とみなされ た障害者・病者、あるいは犯罪者のように社会
書籍,野上俊夫,児童教育講座第三巻児童の情操とその教育,"(叢文閣,昭和11年)",1,1,I0000031,結婚の自由をすべての人に訴訟（同性婚訴訟）,【札幌・第４回】原告ら第４準備書面　※裁判所の釈明への回答,"にも拘はらず、実際はどうしても有効視することの出来ない婚姻的関 36 野上俊夫『児童教育講座第三巻 児童の情操とその教育』(叢文閣,昭和11年)(甲A 190)163~164頁。 37 牧野菊之助『法律教科書親族法』(東京専門学校出版部,明治"
書籍,拙著,児童養護施設の労働問題:子ども・職員双方の人権保障のために,"(ミネルヴァ書房,2025年)",1,1,I0000105,「子どもと向き合う時間がほしい」児童相談所の労働環境改善を！訴訟【アーカイブ】,堀場先生レジメ,"治労、自治労連)に加入しているが、公務員は団体行動権(争議権)がない。 - 拙著『児童養護施設の労働問題:子ども・職員双方の人権保障のために』(ミネルヴァ書房,2025年) 詳細は記事及び『労働の科学』80巻2号を参照･･･拙著を受付で販売(売り上げの一部を飯島"
書籍,,児童養護論論争,あいわ出版、天笠祟(2009),1,1,I0000105,「子どもと向き合う時間がほしい」児童相談所の労働環境改善を！訴訟【アーカイブ】,堀場先生レジメ,"文献:秋元樹(2019) 『労働ソーシャルワーク』旬報社,浅井春夫(1991)『児童養護論論争』あいわ出版、天笠祟(2009)「成果主義と メンタルヘルス」 『公衆衛生』73(1),井上英夫(2017)「社会保障裁判"
書籍,,全国自治体における性自認・性的指向に関連する施策調査報告書,27 ページ,1,1,I0000031,結婚の自由をすべての人に訴訟（同性婚訴訟）,風間孝先生 赤枝香奈子先生 意見書　「同性カップルの権利と異性愛規範」,える シンポジウムやトーク企画が開催されるようになったのである 36。 33 『全国自治体における性自認・性的指向に関連する施策調査報告書』27 ページ参照。 http://alpha.shudo-u.ac.jp/~kawaguch/seisaku_chous
書籍,,全訂日本国憲法(第2版(全訂版)),643頁,1,1,I0000030,「海外でも国民審査を」訴訟【アーカイブ】,準備書面(2),め るところは、すべて、国民審査に参加する資格について準用されるべきであ る」(『全訂日本国憲法(第2版(全訂版))』643頁)と説明する。 憲法が選挙権について普通選挙を定め権利行使主体の差別を明示的に禁じた のは、現に差別が行われてき
書籍,,全訂日本国憲法[第2版(全訂版)],(日本評論社、1981 年),1,1,I0000054,ネパール人取調べ中死亡国賠訴訟事件【アーカイブ】,一審原告第５準備書面,克也「国家賠償法案の立法過程」宇賀編・同書20頁。 3 宮澤俊義(芦部信喜補訂)『全訂日本国憲法[第2版(全訂版)]』(日本評論社、1981 年)230頁。 4 下山瑛二『国家補償法』(筑摩書房、1973年)34頁。 5 学説の概観として
書籍,宮沢俊義・芦部信喜,全訂日本国憲法〔全訂版〕,764~765頁,1,1,I0000117,立候補年齢引き下げ訴訟,控訴理由書,自治の本旨』に適合する」制度であると評価されている(甲B70:宮沢俊義・芦部信喜『全訂日本国憲法〔全訂版〕』764~765頁)。 このように、住民自治原則(憲法92条、93条)が要請する直接民主制的性格を踏まえると、直接民主制を
書籍,宮沢俊義・芦部信喜,全訂日本国憲法第2版(全訂版),764~765頁,1,1,I0000117,立候補年齢引き下げ訴訟,証拠説明書5（甲B65~甲B71）,甲B70 宮沢俊義・芦部信喜 『全訂日本国憲法 第2版(全訂版)』 764~765頁 写 し 1978年9月 4日 宮沢俊義・ 芦部信喜
書籍,田村正博,全訂警察行政法解説,(東京法令出版、 2011年),1,1,I0000064,「セックスワークにも給付金を」訴訟 【アーカイブ】,甲102：意見書（岩切大地教授）,3頁は性風俗営業を「本来 好ましくないという前提に立ちつつ」と述べ、また田村正博『全訂警察行政法解説』(東京法令出版、 2011年) であり･･･」と述べる。 「性風俗関連特殊営業は、性的サービスを提供する「いかがわしい」
書籍,,公判法大系公判・裁判(10),(日本評論社、一九七五年),1,1,I0000049,レペタ訴訟【アーカイブ】,甲13：小田中聰樹「裁判と国民ー裁判の公開を中心に」（法律時報）,れた論文のなかで主なものは、前掲香城「傍聴人の地位」、原田国男「法廷の写真撮影」『公判法大系 公判・裁判(10)』(日本評論社、一九七五年)など・がある。 - (20) 庭山英雄「刑事裁判とテレビ放送」『植松博士還暦祝賀 裁判と科学法
書籍,塩野宏,公法と私法,(有斐閣、1989年),1,1,I0000116,「会計年度任用職員にも労働基本権を！」訴訟,書証（甲２９） ※期日において甲３０と訂正,) 公法・私法をめぐる戦後の学説史の分析・評価を加える代 表的論考として、塩野宏『公法と私法』(有斐閣、1989年) 103頁以下。塩野教授は、当時の状況分析として、「行政法 No. 637/August 2013
書籍,,公法学の開拓線手島孝先生還暦祝賀論集,(法律文化 社、1993年),1,1,I0000121,神戸石炭訴訟｜気候変動と大気汚染を防ぐため、石炭火力発電所新設は取り消しを！【アーカイブ】,控訴審準備書面３｜2021年11月12日,る「第三者」の原告適格の基準としての基本権適用論序説―ドイ ツ法との比較研究―』『公法学の開拓線 手島孝先生還暦祝賀論集』(法律文化 社、1993年)239頁、260頁~265頁、甲D38)。 中川教授は、改正前の行訴法に関して、「法律上の利
書籍,,公職選挙法,と題する 書籍に「(昭和22年改正衆議院選挙法等において教育上の地位を利用した 選挙運動の禁止の対象が),1,1,I0000151,「18歳未満にも選挙で応援する自由を」訴訟,第5準備書面_20260317,。 (イ) 未成年者の保護について 被告は、昭和25年(1950年)に発行された『公職選挙法』と題する 書籍に「(昭和22年改正衆議院選挙法等において教育上の地位を利用した 選挙運動の禁止の対象が)二十歳以下の者に
書籍,,公衆衛生,73(1),1,1,I0000105,「子どもと向き合う時間がほしい」児童相談所の労働環境改善を！訴訟【アーカイブ】,堀場先生レジメ,"『児童養護論論争』あいわ出版、天笠祟(2009)「成果主義と メンタルヘルス」 『公衆衛生』73(1),井上英夫(2017)「社会保障裁判で何をどうたたかうか」井上英夫ほか編「『社会保障レボ リューション』高菅出"
書籍,注解所得稅法研究会編,六訂版注解所得税法,(大蔵財務協会、平成31年),1,1,I0000152,保育料を経費に！訴訟,第3準備書面,』の性質をもつものがある一方で･･･『消 費支出』がある」(注解所得稅法研究会編『六訂版 注解所得税法』 (大蔵財務協会、平成31年)1130頁)ため、業務とは無関係に 生活の維持それ自体のために行われる純粋な消費支出を控除
書籍,山折哲雄編,共同研究日本文化の深層と沖縄,(日文研叢書),1,1,I0000083,ベトナム人技能実習生リンさんの死体遺棄罪刑事事件【アーカイブ】,上告趣意書,行「与論島における洗骨習俗の現状」『志學館法学』5号213頁。 17 山折哲雄編『共同研究 日本文化の深層と沖縄』(日文研叢書)2頁。 16 (4) 多様な葬祭儀式への寛容が憲法上も要請されていること 多様な葬祭儀式が存在し、そ
書籍,雄=田邨正義編,刑事手続(上),(筑摩書房、1988年),1,1,I0000130,日本の「黙秘権」を問う訴訟 〜56時間にわたる侮辱的な取調べは違法〜 ,甲４号証（安部祥太氏意見書）,明夫「被疑者取調べ―――検察の立場から」三井誠=中山善房=河上和 雄=田邨正義編『刑事手続(上)』(筑摩書房、1988年)181頁。 176 酒巻匡「逮捕・勾留中の被疑者の取調べ受忍義務」松尾浩也=井上正仁編 『刑事訴
書籍,三井誠=編,刑事手続の新展開(上),(成文堂、20 8年),1,1,I0000130,日本の「黙秘権」を問う訴訟 〜56時間にわたる侮辱的な取調べは違法〜 ,甲４号証（安部祥太氏意見書）,のとして、後藤貞人「被疑者及び参考人の取調べ ―――弁護の立場から」 三井誠=編『刑事手続の新展開(上)』(成文堂、20 8年)326頁がある。 178 なお、受忍義務を否定した場合の論理的・具体的帰結を示したものとし て、後
書籍,,刑事法ジャーナル2021-69号,(成文堂246頁,1,1,I0000083,ベトナム人技能実習生リンさんの死体遺棄罪刑事事件【アーカイブ】,上告趣意書,ことに処罰根拠があるものと考えられてい る(伊藤嘉亮「刑事裁判例批評[423]」『刑事法ジャーナル2021-69号』 (成文堂246頁))。この「間接的な法益の危殆化」という説明は、「隠匿」と 「遺棄」の明らかな語義の違いを一定補うもの
書籍,,刑事訴訟の目的(増補版),[成文堂、2010年]221頁,1,1,I0000083,ベトナム人技能実習生リンさんの死体遺棄罪刑事事件【アーカイブ】,上告趣意書,18 4頁。なお、引用に当たり、漢数字をアラビア数字に変更した。なお、田口守 一『刑事訴訟の目的(増補版)』[成文堂、2010年]221頁以下は別の観点 からの判例評釈[初出『警察研究』57巻10号所収]の解説が掲載されてい る
書籍,田口守一,刑事訴訟法〔第7版〕,(弘文 堂、2017年),1,1,I0000130,日本の「黙秘権」を問う訴訟 〜56時間にわたる侮辱的な取調べは違法〜 ,甲４号証（安部祥太氏意見書）,戸田侃編『総合研究=被疑者取調べ』(日 本評論社、1991年)788頁、田口守一『刑事訴訟法〔第7版〕』(弘文 堂、2017年)140~141頁。 156 なお、被疑者の取調べ受忍義務ないし出頭・滞留義務を、被告人の場合と
書籍,松尾浩也=井上正仁編,刑事訴訟法の争点〔新版〕,(有斐閣、1991年),1,1,I0000130,日本の「黙秘権」を問う訴訟 〜56時間にわたる侮辱的な取調べは違法〜 ,甲４号証（安部祥太氏意見書）,。 176 酒巻匡「逮捕・勾留中の被疑者の取調べ受忍義務」松尾浩也=井上正仁編 『刑事訴訟法の争点〔新版〕』(有斐閣、1991年)59頁。 177 このような視点に立つものとして、後藤貞人「被疑者及び参考人の取調べ ―――弁護の
書籍,田口守一,刑事訴訟法の目的[増補版],183、18 4頁,1,1,I0000083,ベトナム人技能実習生リンさんの死体遺棄罪刑事事件【アーカイブ】,上告趣意書,の違法を宣言した判旨は極めて妥当であり、高く 評価されるべきである。」(田口守一『刑事訴訟法の目的[増補版]』183、18 4頁。なお、引用に当たり、漢数字をアラビア数字に変更した。なお、田口守 一『刑事訴訟の目的(増補版)』[成
書籍,松尾浩也,刑事訴訟法上,192頁,1,1,I0000155,人質司法に終止符を！訴訟,訴状_20250324,ている。 立案当局者は本号により「再犯の防止」を考慮したようであるが(松尾浩也 『刑事訴訟法上』192頁)、そうだとすれば、同号は、有罪判決によらず、「常習 者」という単なる身分に基づいて人の自由を拘束する「予防拘禁
書籍,塩田豊顕,刑事訴訟法判例百選[第5版],236頁,1,1,I0000083,ベトナム人技能実習生リンさんの死体遺棄罪刑事事件【アーカイブ】,上告趣意書,本原則の下では不意打ち禁止の法理は当然 のこととして理解されている…」(塩田豊顕『刑事訴訟法判例百選[第5版]』 236頁) ②「当事者主義と訴因制度が採用されている現行刑事訴訟法においては「不意打 ち」の事実認定は許されない。か
書籍,団藤重光,刑事訴訟法綱要七訂版,403頁,1,1,I0000155,人質司法に終止符を！訴訟,訴状_20250324,設けられた刑事政策的規定であるが、勾留 の本旨からいえば、疑問がある」(団藤重光『刑事訴訟法綱要七訂版』403頁)と 指摘されている。 立案当局者は本号により「再犯の防止」を考慮したようであるが(松尾浩也 『刑事訴訟法上』1
書籍,池田修=前田雅英,刑事訴訟法講義〔第7版〕,(東京大学出版会、202 2年),1,1,I0000130,日本の「黙秘権」を問う訴訟 〜56時間にわたる侮辱的な取調べは違法〜 ,甲４号証（安部祥太氏意見書）,の在り方」刑法雑誌52巻3号(2013年)28頁など。 165 池田修=前田雅英『刑事訴訟法講義〔第7版〕』(東京大学出版会、202 2年)159頁は、「取調べの場に滞留する義務があるといっても、限度はあ ろう。特に、被疑者が黙
書籍,山口厚,刑法各論,[第2版](有斐閣、2010年),1,1,I0000132,「わたしの体は母体じゃない」訴訟,準備書面(9)_251204,とをいい、いわば当然のことを注意的に規定したにすぎな い旨説明されている(山口厚『刑法各論』[第2版](有斐閣、2010年)123、130頁参 2 照)。そうすると、これらの刑罰法規の「正当な理由がないのに」
書籍,山口厚,刑法各論(第2版),502頁,1,1,I0000083,ベトナム人技能実習生リンさんの死体遺棄罪刑事事件【アーカイブ】,上告趣意書,条の保護法益は、「国民の宗教的感情及び死者に対する敬虔・尊崇の感 18 山口厚『刑法各論(第2版)』502頁、井田良『講義刑法学・各論(第2版)』554頁。 17 情」19、「一般通常人の有する死者に対する敬虔感情と
書籍,山中敬一,刑法各論(第3版),(成文堂・2015),1,1,I0000132,「わたしの体は母体じゃない」訴訟,甲175：小西意見書,思のみに基づいて、医師又は 45 金澤、前掲注13、98頁以下。 46 山中敬一『刑法各論(第3版)』(成文堂・2015)26頁。 指定医師による不妊手術を受けることのできる地位」を確認する前提条件として、当裁判所によって
書籍,大谷實,刑法各論(第5版),347頁,1,1,I0000083,ベトナム人技能実習生リンさんの死体遺棄罪刑事事件【アーカイブ】,上告趣意書,として有罪判 19 前掲山口522頁。 20 前掲井田554頁。 21 大谷實『刑法各論(第5版)』347頁。 18 決が下された。原審では、段ボール箱に入れた行為が、作為による遺棄(隠 匿)にあたるとして有罪判決が
書籍,,刑法各論(第7版),(弘文堂・2018),1,1,I0000132,「わたしの体は母体じゃない」訴訟,甲175：小西意見書,係で位置づけられる自由であるといえる15。 11 西田典之(著) 橋爪隆(補訂)『刑法各論(第7版)』(弘文堂・2018)13頁以下。同旨を述べるものとして、大塚仁ほか(編)『大コ ンメンタール刑法(第3版) 第10巻〔第
書籍,山口厚,刑法各論(第二版),524頁,1,1,I0000083,ベトナム人技能実習生リンさんの死体遺棄罪刑事事件【アーカイブ】,上告趣意書,法第2各論(1)』(有斐閣 2016年)876頁[船矢貴 之])。 32 山口厚『刑法各論(第二版)』524頁は、遺棄とは、死体等を移動さ せてから放棄・隠匿することをいう」と述べている。 33 『犯罪事実記載の実務 刑法
書籍,山口厚,刑法総論,(有斐閣、2016年),1,1,I0000132,「わたしの体は母体じゃない」訴訟,準備書面(8)_251022,告ですらその内実を明らかにできてい ないのであるから、刑罰の明確性の原則(山口厚『刑法総論』(有斐閣、2016年)17~ 19頁)に反し、国民に対する告知機能を果たさないことは明らかである。そうすると、被 告の主
書籍,山本隆司,判例から探究する行政法,(有斐閣、2012年),1,1,I0000060,ジャーナリストに渡航の自由を！訴訟【アーカイブ】,控訴理由書１,独憲法学の創造力 上巻』(信山社、2003年)381~383頁。 12 山本隆司『判例から探究する行政法』(有斐閣、2012年)12頁。同13頁 は、「租税法律主義は、侵害留保原理と整合はするが、質的に侵害留保原理に尽き ない
書籍,宇賀克也,判例で学ぶ行政法,(第一法規、2015年),1,1,I0000060,ジャーナリストに渡航の自由を！訴訟【アーカイブ】,原告第９準備書面,不利益処分に対する処 分基準の作成は努力義務にとどめられている。 14 宇賀克也『判例で学ぶ行政法』(第一法規、2015年)32頁。 15 宇賀・前掲注13)32頁以下。 限すること)の合理性を基礎付ける事実関係を明ら
書籍,,判例プラクティス憲法〔第3版〕,(信 山社、2022年),1,1,I0000031,結婚の自由をすべての人に訴訟（同性婚訴訟）,【大阪・第３回】控訴人ら証拠説明書２０（甲A649から661）.pdf,甲A653 宍戸常寿・曽我部真裕 【編『判例プラクティス 憲法〔第3版〕』(信 山社、2022年) (抜粋) 写し 2022/1 /30 宍戸常寿
書籍,,判例プラクテイス憲法[第3版],信山社83頁,1,1,I0000131,夫婦別姓も選べる社会へ！訴訟,【東京】20241220_証拠説明書（Ａ８）学説書面_甲A162-194,こと等。 甲A179 「夫婦同氏制」 (『判例プラクテ イス憲法[第3 版]』信山社83頁) (写し) 淺野博宣 2016年 淺野博宣教授は、「婚姻・家族制度に関 する立法裁
書籍,,労働ソーシャルワーク,"旬報社,浅井春夫(1991)",1,1,I0000105,「子どもと向き合う時間がほしい」児童相談所の労働環境改善を！訴訟【アーカイブ】,堀場先生レジメ,"どしで相撲をとる」ような研究は疑問(井上2021) 文献:秋元樹(2019) 『労働ソーシャルワーク』旬報社,浅井春夫(1991)『児童養護論論争』あいわ出版、天笠祟(2009)「成果主義と メンタルヘルス」 『公衆衛生』"
書籍,山本吉人,労働時間制の法理論,(総合労働研究所、1970年),1,1,I0000070,「人間を育てる教員に、人間らしい働き方を」訴訟【アーカイブ】,第10回裁判資料_鑑定意見書（高橋哲先生）実印差し替え,法〔第3判〕』(日本評論 社、1990年)192頁(清水敏執筆)。 4 山本吉人『労働時間制の法理論』(総合労働研究所、1970年)143頁。 3 の職務と勤務態様の特殊性を正規の勤務時間の内外を問わず、包括的に評価し
書籍,片岡曻・萬井隆令,労働時間法論,(法律文化社、122頁,1,1,I0000070,「人間を育てる教員に、人間らしい働き方を」訴訟【アーカイブ】,第10回裁判資料_鑑定意見書（高橋哲先生）実印差し替え,働法研究会『注解労働時間法』(有斐閣、1990年)81-82;片岡曻・萬井隆令 『労働時間法論』(法律文化社、122頁)1990年;長谷川珠子「労働時間の法理論」日本労 働法学会編『講座労働法の再生第3巻労働条件論の
書籍,,労働条件論の課題,(2017),1,1,I0000070,「人間を育てる教員に、人間らしい働き方を」訴訟【アーカイブ】,毛塚勝利先生_意見書,点から考察したものとして、緒方桂子「労働時間の法政策」講座・労働法の 再生第3巻『労働条件論の課題』 (2017) 107頁以下等がある。 8 労働時間管理義務にかかるこれまでの議論状況については、石崎由希子「労働時間把
書籍,菅野和夫=山川隆一,労働法〔第13版〕,(弘文堂、2024年),1,1,I0000116,「会計年度任用職員にも労働基本権を！」訴訟,書証（甲２６）_意見書 ※期日において甲２７と訂正,、誠実交渉命令を発する 7 西谷・前揭注3)145頁。 8 菅野和夫=山川隆一『労働法〔第13版〕』(弘文堂、2024年)41頁。 9 菅野=山川・前掲注8) 1122-1123頁。 10 たとえば、橋本公亘『日本国憲法
書籍,菅野和夫,労働法〔第十一版補正版〕,(弘文堂、2018年),1,1,I0000070,「人間を育てる教員に、人間らしい働き方を」訴訟【アーカイブ】,第10回裁判資料_鑑定意見書（高橋哲先生）実印差し替え,働条件 論の課題』(日本評論社、2017年) 138-139頁。 13 菅野和夫『労働法〔第十一版補正版〕』(弘文堂、2018年)478-479頁。 14 西谷敏『労働法〔第3版〕』(日本評論社、2020年)322頁。 8
書籍,土田道夫・山川隆一編,労働法の争点,(有斐閣、2014 年),1,1,I0000070,「人間を育てる教員に、人間らしい働き方を」訴訟【アーカイブ】,第10回裁判資料_鑑定意見書（高橋哲先生）実印差し替え,、1990年)97頁。 10 中内哲「労働時間の意義・算定」土田道夫・山川隆一編『労働法の争点』(有斐閣、2014 年)102-103 頁、梶川敦子「労働時間の概念」村中孝史・荒木尚志編『労働判例百選〔第8版〕』 (
書籍,有泉亨先生古稀記念,労働法の解釈理論,(1976),1,1,I0000070,「人間を育てる教員に、人間らしい働き方を」訴訟【アーカイブ】,毛塚勝利先生_意見書,みる見解も あるのである。渡辺章「労務給付義務と形成権の法理」有泉亨先生古稀記念『労働法の解釈理論』 (1976)82頁。 17 務との関連性が希薄である場合や明確でない場合でも、使用者の指揮命令によって当該行 為がな
書籍,西谷敏,労働組合法〔第3版〕,(有斐閣、2012年),1,1,I0000116,「会計年度任用職員にも労働基本権を！」訴訟,書証（甲２６）_意見書 ※期日において甲２７と訂正,社、2022年)の第2編第3章参照。 3 こういった基本的発想については、西谷敏『労働組合法〔第3版〕』(有斐閣、2012年)38頁以下、また、206頁以下 も参照。 10/18 公務員法上の諸原理を基礎とする保障体系が
書籍,久保敬治先生還暦記念,労働組合法の理論課題,(世界思想社、1980年),1,1,I0000116,「会計年度任用職員にも労働基本権を！」訴訟,書証（甲２６）_意見書 ※期日において甲２７と訂正,て、菅野和夫「国家公務員の団体協 約締結権否定の合憲性問題」久保敬治先生還暦記念『労働組合法の理論課題』(世界思想社、1980年)145頁。 16/18 なり得ていると評価することはできない34。 (3)小括:不当労働
書籍,,北海道社会福祉研究,46号(2025),1,1,I0000132,「わたしの体は母体じゃない」訴訟,甲143：小川意見書,照、志田圭将「エイブリズム論は何を問うのか―――その生 成の文脈、意味、可能性」『北海道社会福祉研究』46号(2025)、石島健太郎「障害学の存立基盤」現代社会学理 論研究9号(2015)。 行うことは異ならないものの、
書籍,山中敬一,医事刑法概論Ⅱ,(成文堂、2021),1,1,I0000132,「わたしの体は母体じゃない」訴訟,甲143：小川意見書,容整形医療をめぐる諸問題」福田剛久ほか編『医療訴訟』(青林書院、 4頁、山中敬一『医事刑法概論Ⅱ』(成文堂、2021) 115-116頁、 ても、「手術によってその悩みから解放され、社会生活に適応していくことが可能と
書籍,手嶋豊,医師患者関係と法規範,(信山社、2020年),1,1,I0000132,「わたしの体は母体じゃない」訴訟,甲176：山本意見書,なものとなることを補助しようとする方向に進んでいると評価するものとして、手嶋豊 『医師患者関係と法規範』(信山社、2020年)5頁を参照。 35 米村滋人によれば、「『医療』としてどのような社会活動を取り込むべきかは、医療
書籍,大谷實,医療行為と法[新版補正第二版],(弘文堂、2004),1,1,I0000132,「わたしの体は母体じゃない」訴訟,甲143：小川意見書,、石原明『法と生命倫理2 0講[第4版]』(日本評論社、2004)74頁、大谷實『医療行為と法[新版補正第二版]』(弘文堂、2004)1 98-199頁、上田元和「美容整形医療をめぐる諸問題」福田剛久ほか編『医療訴訟』(青林書院、 4
書籍,太田幸夫編,医療過誤訴訟法,(青林書院、2000),1,1,I0000132,「わたしの体は母体じゃない」訴訟,甲143：小川意見書,タ280号355頁。同旨の学説として、廣瀬美佳「美容 整形の医療過誤」太田幸夫編『医療過誤訴訟法』(青林書院、2000)366-367頁、石原明『法と生命倫理2 0講[第4版]』(日本評論社、2004)74頁、大谷實『
書籍,国分直一・佐々木高明編,南島の古代文化,一九七三、毎日新聞社、一二八頁,1,1,I0000076,「琉球人のご先祖の遺骨返還を」訴訟【アーカイブ】,甲36,頁 - (36) 谷川健一「ニライカナイとトコヨの思想」(国分直一・佐々木高明編『南島の古代文化』一九七三、毎日新聞社、一二八頁) - (37) 外間守善『おもろさうし』(一九八五、岩波書店)五七~六三頁 - (38)
書籍,一編,危機の憲法学,(弘文堂、2013年),1,1,I0000123,県知事の公務での護国神社参拝取りやめをー政教分離原則の違反を問うー,甲39 安西文雄「国家と宗教」,詳しくは拙稿 「危機と国民主権――基盤のゆらぎと選挙」 奥平康弘=樋口陽 一編『危機の憲法学』(弘文堂、2013年)229頁。 (23) 藤井樹也「立法者の努力を評価する司法判断」戸松秀典=野坂泰司編『憲法 訴訟の
書籍,中谷陽二,危険な人間の系譜―選別と排除の思想―,"弘文堂, 2020, pp.239- 240, 246-247. 56 金子準二ほか「断",1,1,I0000132,「わたしの体は母体じゃない」訴訟,甲47：国民優生法の制定過程,"において―」『園 田学園女子大学論文集』50号,2016.1, p.9、中谷陽二『危険な人間の系譜―選別と排除の思想―』弘文堂, 2020, pp.239- 240, 246-247. 56 金子準二ほか「断種問題座談会」『脳』158号,"
書籍,号・社団法人全国社会保険協会連合会編,厚生年金保険関係通達集,968頁,1,1,I0000067,「同性パートナーにも犯罪被害の遺族給付金を」訴訟,控訴理由書,"、行政解釈や(昭和55年5月16日庁保発15号・社団法人全国社会保険協会連合会編『厚生年金保険関係通達集』968頁(2001年),昭和38年9月28日法制意見・大蔵省主計局共済課監修『国家公務員等共済組合関係通達実例集』133"
書籍,分科会報告書,取調室の扉を開こう!,(2018年),1,1,I0000155,人質司法に終止符を！訴訟,甲A149_日弁連_取調べ立会いに関する海外調査報告_韓国_イギリス_,42頁以下、近畿弁護士会連合会第30回人権擁護 大会シンポジウム第2分科会報告書『取調室の扉を開こう!』(2018年)42頁以下参照。 6 弁護人の立会いを制限できる「正当な事由」(法 243条の2第1項)とは何か につい
書籍,,台湾法入門,(法律文化社、2016年),1,1,I0000031,結婚の自由をすべての人に訴訟（同性婚訴訟）,鈴木賢先生 意見書　※台湾で施行された同性間の婚姻に関わる法律について,訟法が施行され、大法官制度は大きく変革さ れることになっている。 7 蔡秀卿ほか『台湾法入門』(法律文化社、2016年)62頁参照。 3 り、台湾の人びとは本法の制定には関与していない。しかし、1945年日本の敗戦
書籍,,司法制度改革審議会意見書,〔2001年〕は、「法の下ではいかなる者も平等・対等であるという法 の支配の理念は、すべ,1,1,I0000090,司法の独立を脅かす岡口裁判官の罷免訴追に反対します！【アーカイブ】,意見書（山元一）,能にゆだねる制度は、『法の支配』の最も徹底した表現形態である」、という。 80 『司法制度改革審議会意見書』〔2001年〕は、「法の下ではいかなる者も平等・対等であるという法 の支配の理念は、すべての国民を平等・対等の地位に置き
書籍,岩間=戸波編,司法試験シリーズ憲法Ⅱ〔第三版〕,(日本評論社、一九九四),1,1,I0000046,在外選挙権確認訴訟【アーカイブケース】,甲２０：戸波江二「最高裁判所の憲法判例と違憲審査の活性化」,判例百選I〔第三版)(一九九四)一 九四頁、石川健治「財産権の制限」岩間=戸波編『司法試験シリーズ憲法Ⅱ〔第三版〕』(日本評論社、一九九四)一八 九頁、安念潤司「共有林の分割制限と財産権の保障」樋口=野中編『憲法の基本判例』前出注(11
書籍,会計検査院,各府省等が締結している随意契約に関する会計検査の結果,(平成25年9月),1,1,I0000176,不透明な契約・区長の教育行政介入を問う住民訴訟 〜文京区の教育は誰のもの？,監査請求書（2025/10/15）,理を設計すれば競争は可能であり、“権利=即随契”とはならない。 出典:会計検査院『各府省等が締結している随意契約に関する会計検査の結果』(平成25年9月)p.21 https://report.jbaudit.go.jp/org/pdf/250925_ze
書籍,,同1・第5版,),1,1,I0000080,地方議会に横行する「少数派議員潰し」に立ち向かう訴訟【アーカイブ】,土屋訴訟・甲第40〜53号証,"第2版』)266頁~267頁, 大浜啓吉「理由の提示 (2) 一旅券発給拒否」(『同1・第5版』)252頁~ 253頁,折橋洋介 「理由の提示(3)一旅券発給拒否」(『(同1・第7版』) 244頁~245頁などを参照"
書籍,,同1・第7版,),1,1,I0000080,地方議会に横行する「少数派議員潰し」に立ち向かう訴訟【アーカイブ】,土屋訴訟・甲第40〜53号証,"手続」(『同Ⅰ・第5版』)248頁~249頁,大沢 光「運輸審議会の審理手続」(『同1・第7版』) 238頁~239頁などを参照。 580(296) 「地方議会による議員懲罰とその司法審査に関する再考察」 (皆川)"
書籍,,同Ⅰ・第5版,),1,1,I0000080,地方議会に横行する「少数派議員潰し」に立ち向かう訴訟【アーカイブ】,土屋訴訟・甲第40〜53号証,"行政判例百選II・第4版』)270頁~271 頁,仲正「運輸審議会の審理手続」(『同Ⅰ・第5版』)248頁~249頁,大沢 光「運輸審議会の審理手続」(『同1・第7版』) 238頁~239頁などを参照。 580(2"
書籍,,同Ⅰ・第7版,),1,1,I0000080,地方議会に横行する「少数派議員潰し」に立ち向かう訴訟【アーカイブ】,土屋訴訟・甲第40〜53号証,"5版)58頁~59頁,渋谷秀樹「空港の騒音公害と人格権——大阪空 港公害訴訟」(『同Ⅰ・第7版』)52頁~53頁,原田尚彦「空港公害と被害 者救済」(『行政判例百選II・第4版』)336頁~337頁,深澤龍一郎「国営"
書籍,,同Ⅱ・第3版,),1,1,I0000080,地方議会に横行する「少数派議員潰し」に立ち向かう訴訟【アーカイブ】,土屋訴訟・甲第40〜53号証,"政判例百選Ⅰ』)214頁~215頁,小高剛「個人タクシー事業免許 と公正手続」(『同Ⅱ・第3版』)250頁~251頁,恒川隆生「個人タクシー 免許申請の審査手続」(『(同Ⅰ・第7版)』) 236頁~237頁などを参照"
書籍,,同Ⅱ・第6版,),1,1,I0000080,地方議会に横行する「少数派議員潰し」に立ち向かう訴訟【アーカイブ】,土屋訴訟・甲第40〜53号証,"選Ⅱ・第4版』)416頁~417頁,同「原子炉設置許可と第三者の原告適格」 (『同Ⅱ・第6版』)354頁~355頁,高橋信隆「民事差止訴訟の可能性と抗 告訴訟の訴えの利益」(『同II・第6版』))386頁~頁387"
書籍,,同性パートナー,(社会批評社),1,1,I0000031,結婚の自由をすべての人に訴訟（同性婚訴訟）,風間孝先生 赤枝香奈子先生 意見書　「同性カップルの権利と異性愛規範」,シップ』の特集が組まれ、制度要求の方向性が検討されている。また 2004年には 『同性パートナー』(社会批評社)が出版され、海外における同性パートナー制度の紹介 とともに、同性婚やドメスティックパートナー制度の創設につ
書籍,徳編,同性パートナーシップ制度,(日本加除出版、2016),1,1,I0000067,「同性パートナーにも犯罪被害の遺族給付金を」訴訟,第10準備書面,下、 棚村政行「LGBTの法的保護とパートナーシップ制度」棚村政行・中川重 徳編『同性パートナーシップ制度』(日本加除出版、2016)7~14頁)。 イ フランス フランスは、異性カップルの事実婚について、事故死の損害賠償、一方
書籍,同性婚人権救済弁護団,同性婚だれもが自由に結婚する権利,172頁,1,1,I0000031,結婚の自由をすべての人に訴訟（同性婚訴訟）,大野友也先生 意見書 ※憲法14条1項（法の下の平等）についての意見書,はあるが、こう したカップルについて触れられている。 31 同性婚人権救済弁護団『同性婚だれもが自由に結婚する権利』172頁(明石 書店、2016年)。 が生まれないことを理由とすることは失当である。 以上から、そもそも「やむにやまれ
書籍,,同性婚一誰もが自由に結【婚する権利,(明石書店),1,1,I0000031,結婚の自由をすべての人に訴訟（同性婚訴訟）,【東京 二次提訴】証拠説明書１(甲A1から144),甲A 108 『同性婚一誰もが自由に結 【婚する権利』(明石書店) 原本 2016年10月30日発行 同性婚人権救 済弁護団
書籍,,同性婚一誰もが自由に結婚する権利,(明石書店),1,1,I0000031,結婚の自由をすべての人に訴訟（同性婚訴訟）,【九州・第１回】証拠説明書１(甲A1から82-2）,2 15 『同性婚一誰もが自由に結婚す る権利』(明石書店) 原本 2016年10月 10日 同性婚人権救 済弁護団編著
書籍,,向き合うべき現実に直面しているから,」 (2022年5月28日),1,1,I0000117,立候補年齢引き下げ訴訟,第6準備書面,: ハフポスト「史上最年少 21歳で欧州議会に当選した 女性。政治家になったのは『向き合うべき現実に直面しているから』」 (2022年5月28日))。 キラは欧州議会議員に当選後も精力的に活動を行ってきた。租税小委員 会の副委員長、経済金
書籍,,問いからはじめる家族社会学-多様化する家族の包摂に向けて,158~159頁,1,1,I0000031,結婚の自由をすべての人に訴訟（同性婚訴訟）,【九州・第４回】証拠説明書８(甲A203から224）,207 『問いからはじめる家族社会 学-多様化する家族の包摂 に向けて』 158~159頁 写し 2015年3月 10日 田間泰子
書籍,光田健輔,回春病室,朝日新聞社、 1950年),1,1,I0000132,「わたしの体は母体じゃない」訴訟,甲147：『ハンセン病問題に関する検証会議　最終報告書』抜粋,ている。光田は 男性患者に手術を呼びかけ、これに応じた者から手術をした(光田健輔『回春病室』、朝日新聞社、 1950年)。全生病院医員であった林芳信の「初期輸精管手術患者名簿」によると、最初の手術は 1915 年
書籍,岡田正則,国の不法行為責任と公権力の概念史——国家賠償制度史研究,(弘文堂、2013年),1,1,I0000054,ネパール人取調べ中死亡国賠訴訟事件【アーカイブ】,一審原告第５準備書面,(酒井書店、1954年)80頁、佐藤編・前掲注(6)5-9頁 【岡田]、岡田正則『国の不法行為責任と公権力の概念史——国家賠償制度史研究』 (弘文堂、2013年) 239-274 頁参照。 10 戦前の民法における内外人平等と相互主義については、たとえば我妻
書籍,,国上開発と環境保全,(日本評論社、一九八九年),1,1,I0000071,コロナ禍、日本社会の理不尽を問う（コロナ特措法違憲訴訟）【アーカイブ】,甲第６０号証の２：阿部泰隆先生　添付資料,究ジュリスト三号二六頁以下 (二〇一二年)等参照。なお、かつての私見については、『国上開発と環境保全』(日本評論社、一九八九年)二八七頁以下に 詳しい)。 藤田(『前掲書』一五〇頁以下)は、行政庁の専門的判断と言うだけで、
書籍,山礼子,国会学入門第2版,"(三省堂,2003年)",1,1,I0000031,結婚の自由をすべての人に訴訟（同性婚訴訟）,【大阪・第１１回】原告ら第１７準備書面（法的主張のまとめ）,"会図書館の調査及び立法考査局が,立法補佐機関としての役割を担っている。大 山礼子『国会学入門 第2版』(三省堂,2003年)(甲A579)226~2 29頁。 54 【有償配布や Web(ホームページ, ブログ, fa"
書籍,日経電子版,国内死亡数、11年ぶり減コロナ予防で他の感染も抑制,(2021年3月 28日),1,1,I0000071,コロナ禍、日本社会の理不尽を問う（コロナ特措法違憲訴訟）【アーカイブ】,甲第６０号証の２：阿部泰隆先生　添付資料,用語の基礎知識(三訂版)』(ぎょうせい、平成17年)62-64頁 7 日経電子版『国内死亡数、11年ぶり減 コロナ予防で他の感染も抑制』(2021年3月 28日) https://style.nikkei.com/article/DGXKZO7036456
書籍,,国土交通省四国地方整備局野村ダム・鹿野川ダムの操作に関わる情報提供等に関する検証の場,(平成30年12月),1,1,I0000061,野村ダム緊急放流による水害訴訟,原告　準備書面１９｜2024年2月21日,のは人命ではなく田畑であり、財産のために人命を犠牲にするダム操作は許されない。 『国土交通省四国地方整備局野村ダム・鹿野川ダムの操作に関わる情報提供等に関する検証の場』(平成30年12月)177頁では「野村ダム・鹿野川ダムにおける平成30年7月豪雨時のダムあり・なしの比較」を載せているが
書籍,,国家と自由の法理論,325頁,1,1,I0000104,公安警察による市民運動の監視を許さない。市民の「もの言う」自由を守るための訴訟【アーカイブ】,【第１回】控訴理由書,は、国家全体なのであ」り(毛利透「表現の自由と民主性-萎 縮効果論に着目して」同『国家と自由の法理論』325頁)、「個別の事案解決にお いては、個々の表現活動が民主政治全体への貴重な貢献であること、それを禁止す ることが萎
書籍,,国家と記録,(集英社、 2019年),1,1,I0000146,「学術会議の独立性」を市民で守ろう ～会員任命拒否理由の情報公開訴訟～,準備書面１２（文書の不存在等に対して存在が認められた判例及び事例について）｜2026年6月9日,の面でも大きな問題と なった。 (瀬畑源「イラク日報問題に見る公文書管理の歪み」『国家と記録』(集英社、 2019年)64頁以下(甲A98)等) ## 3 加計学園問題 ### (1) 事案の概要 岡山理科大学の
書籍,宇賀克也,国家責任法の分析,(有斐 閣、1988年),1,1,I0000054,ネパール人取調べ中死亡国賠訴訟事件【アーカイブ】,一審原告第５準備書面,団体の賠償責任を定 42 1981年国家責任法の成立に至る過程について、宇賀克也『国家責任法の分析』(有斐 閣、1988年)第1部、1993年ライヒ官吏責任法 7 条改正に至る経緯について、F. Ossenbühl/M.
書籍,古崎慶長,国家賠償法の理論,(有 斐閣、1980年),1,1,I0000054,ネパール人取調べ中死亡国賠訴訟事件【アーカイブ】,一審原告第５準備書面,973年)34頁。 5 学説の概観として、下山・前掲注(4)21頁以下、古崎慶長『国家賠償法の理論』(有 斐閣、1980年)231頁以下、西埜章『国家賠償法コンメンタール[第3版]』(勁草書 房、2020年)1389-1
書籍,西埜章,国家賠償法コンメンタール,［第3版］ （勁草書房、2020年）432、433頁,1,1,I0000173,【大川原化工機事件】裁判官の責任を問う訴訟,訴状訂正申立書_20260424_証拠リンク付き,をした場合に違法となるとする判断枠組みである （いわゆる合理的理由欠如説。西埜章『国家賠償法コンメンタール』［第3版］ （勁草書房、2020年）432、433頁）。この判断枠組みは、検察官によ る勾留請求の違法性判断においても用
書籍,西埜章,国家賠償法コンメンタール(第2版),勁草書房 496 頁,1,1,I0000063,クルド難民収容者暴行被害国賠訴訟【アーカイブ】,控訴理由書（一審原告）,は損害発生についての予見可能性と回避可能性があった場合に認められる」 (西埜章『国家賠償法コンメンタール(第2版)』勁草書房 496 頁)。そし て、「公務員の違法な公権力の行使によって損害が生じたことを立証すれば、 公務員に過失があっ
書籍,西埜章,国家賠償法コンメンタール[第3版],(勁草書 房、2020年),1,1,I0000054,ネパール人取調べ中死亡国賠訴訟事件【アーカイブ】,一審原告第５準備書面,頁以下、古崎慶長『国家賠償法の理論』(有 斐閣、1980年)231頁以下、西埜章『国家賠償法コンメンタール[第3版]』(勁草書 房、2020年)1389-1392頁など。 6裁判例等での解釈の状況については、後述3(1)(2)のほか、佐藤
書籍,西埜章,国家賠償法コンメンタール〔第3版〕,(2020、勁草書房),1,1,I0000128,人種差別的な職務質問をやめさせよう！訴訟｜#STOPレイシャルプロファイリング,準備書面８（運用・国賠法上の違法についての主張立証責任等）,証責任は、法律要件分類説に従い、原告(被害者)が負担すべきであるとされる(西埜章『国家賠償法コンメンタール〔第3版〕』(2020、勁草書房)595頁)。違法性は評価事実となるから、原告 の側が国・自治体の行為が違法であることの根拠となる
書籍,初宿正典ほか編,国民主権と法の支配・下巻,"(成文 堂,2008年)",1,1,I0000123,県知事の公務での護国神社参拝取りやめをー政教分離原則の違反を問うー,甲45 佐々木弘通「信教の自由・政教分離」,"化社, 2004年)132頁以下 - ■近肇「宗教の公益性と憲法」初宿正典ほか編『国民主権と法の支配・下巻』(成文 堂,2008年)349頁以下 - ■岡徹「宗教に対する便宜供与・」『佐藤幸治先生還暦記念・現代立憲主義と司法権』"
書籍,,国立臺灣大學解剖學研究室論文集第二冊,1948年),1,1,I0000076,「琉球人のご先祖の遺骨返還を」訴訟【アーカイブ】,甲31,"上論文、37~39頁。 (22) (20) 許鴻梁「琉球人頭骨/人類學的研究」(『国立臺灣大學解剖學研究室論文集第二冊』1948年)、 227頁。 (21) 同上論文、228頁。 422 94, 116, 119, 121, 124, 12"
書籍,武田里子編,国籍法をめぐる当事者による市民的不服従の実相,（大阪経済法科大学アジア太平洋 研究センター、 2023年）111頁,1,1,I0000106,本人の意思を無視して日本国籍を一方的にはく奪する「国籍法11条1項は違憲」訴訟,【訴訟１】甲１２１髙佐智美教授意見書「国籍法 11条 1項の憲法及び国際法規適合性について」,602033.htm，最終閲覧 2023年3月25 日）。 77 武田里子編『国籍法をめぐる当事者による市民的不服従の実相』 （大阪経済法科大学アジア太平洋 研究センター、 2023年）111頁以下。 24 り重要かは明白である。 以上の
書籍,,国連人権条約機関、法と正当性,ケンブリッジ大学出版局、2012年5月5日;,1,1,I0000155,人質司法に終止符を！訴訟,甲A59：調査報告書【国連人権条約機関が採択した一般的意見及び勧告の法的権威と条約解釈上の意義について】,Rights Committee and their legitimac y)『国連人権条約機関、法と正当性』ケンブリッジ大学出版局、2012年5月5日; - 欧州民主主義法委員会(ヴェネツィア委員会)、国内法における国際人権条約
書籍,,国連人権条約監視の未来,ケンブリッジ大学出版 局、2009年12月23日、258頁,1,1,I0000155,人質司法に終止符を！訴訟,甲A59：調査報告書【国連人権条約機関が採択した一般的意見及び勧告の法的権威と条約解釈上の意義について】,る権利の意味や違反の有 28 岩澤雄司「国際人権基準の国内的影響:日本の経験」『国連人権条約監視の未来』ケンブリッジ大学出版 局、2009年12月23日、258頁。 29 同上。 30 同上、pp.258-259。 31 金
書籍,岩沢雄司,国際法,東京大学出版会、2020年、348頁,1,1,I0000096,「日本の入管収容は国際人権法違反」訴訟,甲A57　意見書（申惠丰青山学院大学教授）※日本の入管収容と国際人権法,国人を迫害を受けるおそれがある国に送還してはならないという原則を意味し(岩沢雄司『国際法』東京大学出版会、2020年、348頁)、33条1項にいう「難民」とは、まだ正式な難民認定がされていないとしても、難民に該
書籍,,国際法と憲法秩序,(東京大学出版会、令和2年),1,1,I0000111,日米同性カップル在留資格訴訟  〜家族そろって日本で暮らすために〜【アーカイブ】,甲１６５曽我部真裕教授意見書,なお、同論文は棟居快行『憲法学の可能性』〔信山社、平成24年〕所収)、松田浩 道『国際法と憲法秩序』(東京大学出版会、令和2年)166頁。 21 西原博史「『人権』規範の構造と国際人権の憲法学的レレヴァンス」国際人権2
書籍,,国際法判例百選[第3版],2021年、226頁,1,1,I0000085,「人種差別を許さない」訴訟　～警察官による母子の不当聴取と個人情報の漏洩～,甲２４　意見書（青山学院大学教授申惠丰） ,"ICJ Reports 2004, paras.107-113. 真山全「判批」『国際法判例百選[第3版]』2021年、226頁)。 人権条約機関が発出するこれらの文書を条約解釈規則上どのように位置づ けるべきかについて、ウィー"
書籍,厚生省予防局,國民優生法釈義,(1940年),1,1,I0000031,結婚の自由をすべての人に訴訟（同性婚訴訟）,【札幌】上告受理申立て理由書,。 28 前掲谷口知平『日本親族法』(甲A199)210頁。 29 厚生省予防局『國民優生法釈義』(1940年)44頁参照。同書61~63頁は、国 民優生の方策として、ほとんどすべての諸外国において結婚禁止、結婚制限、
書籍,岡沢憲芙・戸波江二編,在外選挙外国の制度と日本の課題,13頁,1,1,I0000046,在外選挙権確認訴訟【アーカイブケース】,甲２１：「在外日本人の選挙権行使と立法の不作為」と題する意見書,1993年)。他の引用も同じ頁から のものである。 (11)岡沢憲芙・戸波江二編『在外選挙 外国の制度と日本の課題』13頁(インフォメディア ・ジャパン1998年)。在外投票実施に伴う問題点並びに諸外国の制度についても、同書を参 照。諸
書籍,杉原泰雄,地方自治の憲法論「充実した地方自治,を求めて』(勁草書 房、2002年),1,1,I0000141,要件を満たす島民の請求を市長が拒否！石垣島住民投票の権利を問う裁判【アーカイブ】,甲第41号証、意見書-自治体と民主制に関する憲法の規範構造-名古屋学院大・飯島滋明｜2024年（上告条件上告受理申立書提出の後）,民による、人民のた めの政治」の確保のために積極的に求められている」(杉原泰雄 『地方自治の憲法論 「充実した地方自治」を求めて』(勁草書 房、2002年)233頁)。むしろ自治体の首長や議会が日本 国憲法で想定された「現代代表制」として機
書籍,俵静夫,地方自治法(改訂),(昭和44年・有斐閣),1,1,I0000080,地方議会に横行する「少数派議員潰し」に立ち向かう訴訟【アーカイブ】,土屋訴訟・甲第40〜53号証,"以下,田村浩一 「地方議会の議決と争訟」(都市問題研究6巻7号) 頁以下,俵静夫『地方自治法(改訂)』(昭和44年・有斐閣)182頁以下な どを参照。なお、斉藤・前掲論文(「地方公共団体の議会の議員に対する 出席停止の懲罰"
書籍,,地球・惑星・生命,(東大出版会),1,1,I0000121,神戸石炭訴訟｜気候変動と大気汚染を防ぐため、石炭火力発電所新設は取り消しを！【アーカイブ】,甲D第１０２号証【意見書】地球温暖化に関する基本認識について｜国立環境研究所　江守正多｜2020年8月10日,の大転換を進めることが、現在の人間社会に課せられた大きな 課題である。 (本稿は『地球・惑星・生命』(東大出版会)の拙稿を基に大幅に加筆修正を行った) 一文献— IPCC (2013) Climate Change 2
書籍,,基本憲法I基本的人権,(日本評 論社、2017年),1,1,I0000151,「18歳未満にも選挙で応援する自由を」訴訟,第5準備書面_20260317,国民が公職候補者に関する情報を得る 27 機会」をも奪うことになる(木下智史ほか『基本憲法I基本的人権』(日本評 論社、2017年)308頁)。 そして、「選挙に関する表現活動の自由が認められているか否かは、選挙 が真に国民
書籍,松本和彦,基本権保障の憲法理論,(大阪大学出版会、2001年),1,1,I0000071,コロナ禍、日本社会の理不尽を問う（コロナ特措法違憲訴訟）【アーカイブ】,甲第５７号証：横大道聡先生　意見書,剛編『プロセス演 習憲法〔第4版〕』(信山社、2011年)313頁。 9松本和彦『基本権保障の憲法理論』(大阪大学出版会、2001年)54-63頁、小山剛『「憲 法上の権利」の作法〔第3版〕』(尚学社、2016年)70-72
書籍,,基本権保障の法理論,(大阪大学出版会、2001),1,1,I0000132,「わたしの体は母体じゃない」訴訟,甲143：小川意見書,』(尚学社、2016)98頁。 21 三段階審査論を我が国に導入したのは松本和彦『基本権保障の法理論』(大阪大学出版会、2001)である。 22 長谷部恭男『憲法[第7版]』(新世社、2018)i頁。 って三段階審査論を
書籍,有泉亨・青木宗也・金子征史編,基本法コンメンタール労働基準法〔第3判〕,(日本評論 社、1990年),1,1,I0000070,「人間を育てる教員に、人間らしい働き方を」訴訟【アーカイブ】,第10回裁判資料_鑑定意見書（高橋哲先生）実印差し替え,るからである。被告によれば、給特法は、「教員 3 有泉亨・青木宗也・金子征史編『基本法コンメンタール労働基準法〔第3判〕』(日本評論 社、1990年)192頁(清水敏執筆)。 4 山本吉人『労働時間制の法理論』(総合労働研究所、1970年)1
書籍,,基本法学4,"(岩波書店,1983年)",1,1,I0000116,「会計年度任用職員にも労働基本権を！」訴訟,書証（甲２９） ※期日において甲３０と訂正,"性を過大視するのは形式論にすぎる。 9) たとえば、小早川光郎「契約と行政行為」『基本法学4』 (岩波書店,1983年) 125真では、法律により行政行為(行 政処分)とされる場合にも、基本たる法律関係が当然に契約"
書籍,東京大学社会科学研究所編,基本的人権,第一巻、東京大学出版会、一九六八年),1,1,I0000123,県知事の公務での護国神社参拝取りやめをー政教分離原則の違反を問うー,甲40 高柳信一「政教分離判例理論の思想」,"しよう。 (32) 高柳「近代国家における基本的人権」(東京大学社会科学研究所編『基本的人権』第一巻、東京大学出版会、一九六八年) 六〇頁以下参照。 (3) Donald A. Giannella, Religio"
書籍,,場所の現象学,高野岳彦他訳、筑摩書房、1999年、37頁,1,1,I0000076,「琉球人のご先祖の遺骨返還を」訴訟【アーカイブ】,甲35,11-12頁。 3 イー・フー・トゥアン、同、15頁。 4 エドワード・レルフ、『場所の現象学』、高野岳彦他訳、筑摩書房、1999年、37頁。 5 エドワード・レルフ、同、26頁。レルフによれば、このような人間の生活
書籍,新井誠・横大道編,変容するテロリズムと法――各国における〈自由と安全〉法制の動向,(弘文堂、2017年),1,1,I0000071,コロナ禍、日本社会の理不尽を問う（コロナ特措法違憲訴訟）【アーカイブ】,甲第５７号証：横大道聡先生　意見書,安全をめぐる法・政策・実務』(弘文堂、2020年)、大沢秀介・ 新井誠・横大道編『変容するテロリズムと法――各国における〈自由と安全〉法制の動向』 (弘文堂、2017年)などがある。 (2)本意見書は、東京都(被告)がグローバルダイニング社(原告)に対して、新型イン
書籍,,変態性慾心理,という題名で翻訳され、一般大衆向けに出版された,1,1,I0000159,日本でもマリアージュしたいねん～海外で成立した同性婚の受理を求める裁判～,c240126補充書面２（これまでの民法学説等は憲法解釈の根拠にならないこと等）,と刊行された。1913年(大正2年)には、クラフト=エビングの『性的精神病質』が『変態性慾心理』という題名で翻訳され、一般大衆向けに出版された。1920年代頃には、「ホモセクシュアリティ」の訳語として「同性愛」が定着
書籍,周年記念論文集編集委員会編,変革期における法学・政治学のフロンティア,(日本評論社、2017),1,1,I0000132,「わたしの体は母体じゃない」訴訟,甲143：小川意見書,美容整形における身体処分」西南学院大学法学部創 設50周年記念論文集編集委員会編『変革期における法学・政治学のフロンティア』(日本評論社、2017)。 43 厚生労働省「医師法第17条、歯科医師法第17条及び保健師助産師看護師法第31条の解釈に
書籍,,外来医マニュアル第4版,(医歯薬出版株式会社),1,1,I0000084,大川原化工機事件 〜無実で約１年勾留「人質司法」問題をただす〜【アーカイブ】,証拠説明書4（甲B）,甲B7 『外来医マニュアル 第4版』 (医歯薬出版株式会社)(抜粋) 写し 平成30年 6月20日 加藤なつ
書籍,近藤敦,多文化共生と人権,（明石書店、 2019年）245頁,1,1,I0000106,本人の意思を無視して日本国籍を一方的にはく奪する「国籍法11条1項は違憲」訴訟,【訴訟１】甲１２１髙佐智美教授意見書「国籍法 11条 1項の憲法及び国際法規適合性について」,）』（有斐閣、 2012年）309頁。 5 同上、320頁。 6 近藤敦『多文化共生と人権』（明石書店、 2019年）245頁。 7 渡辺康行他『 憲法Ⅰ基本権 （第2版）』（日本評論社、 2023年）340
書籍,フランクル,夜と霧,(霜山 徳爾翻訳、みすず書房),1,1,I0000096,「日本の入管収容は国際人権法違反」訴訟,意見陳述要旨（2022年5月31日実施）,も分析しています。 # 無期限収容は、人間を壊します - V.E.フランクル『夜と霧』(霜山 徳爾翻訳、みすず書房) - 「かつての収容所囚人の体験の報告や談話が一致して示し ていることは、収容所において最
書籍,藤永幸治ほか編,大コメンタール刑事訴訟法第2巻,(青林書 院1994),1,1,I0000155,人質司法に終止符を！訴訟,訴状_20250324,らを権利保釈の除外事由としたしたのだとい 31 う見解がある(藤永幸治ほか編『大コメンタール刑事訴訟法第2巻』(青林書 院1994)161頁[川上拓一]、伊藤栄樹ほか編『新版注釈刑事訴訟法第2巻』(立 花書房1997)109頁[河
書籍,,大コンメンタール刑事訴訟法第三版第2巻,30-31頁,1,1,I0000155,人質司法に終止符を！訴訟,原告証拠説明書⑼20260821【甲140-160】,の不利益を課すことも禁じていると解 していること等。 A147 『大コンメンタール刑事訴 訟法第三版第2巻』30-31頁 写し 2024. 8. 20 中山善房ほか編 (川上執筆箇 所) 「罪証を隠
書籍,大塚仁ほか編,大コンメンタール刑法第9巻[第3版],(青林書院、2013年),1,1,I0000083,ベトナム人技能実習生リンさんの死体遺棄罪刑事事件【アーカイブ】,上告趣意書,「習俗上の埋葬等とみられる方法によらないで死 体等を放棄すること」(大塚仁ほか編『大コンメンタール刑法第9巻[第3版]』 (青林書院、2013年)245頁)である。 その典型は、死体を山中に埋めて放棄する行為や海や川に投棄して放棄する行
書籍,松村明編,大辞林,[第4版](2019年、三省堂),1,1,I0000132,「わたしの体は母体じゃない」訴訟,控訴理由書_20260507,に 関わる存在としての女性、すなわち「母親として子を産み育てる機能」(松村明編 『大辞林』[第4版](2019年、三省堂))を保護することを目的とするものと 解される。 また、母体保護法3条1項によれば、ある女
書籍,松村明編,大辞林[第4版],(三省堂、2019),1,1,I0000132,「わたしの体は母体じゃない」訴訟,甲143：小川意見書,国語辞典編集部編『精選版 日本国語大辞典』(小学館、2006)。 72 松村明編『大辞林[第4版]』(三省堂、2019)。 また、同条は「不妊手術及び人工妊娠中絶に関する事項を定めること等により」母性を守ろうとしてい
書籍,,夫婦別姓同性婚パートナーシップLGBT―家族と社会に関わる諸問題―,表紙 及び16頁,1,1,I0000031,結婚の自由をすべての人に訴訟（同性婚訴訟）,【大阪・第１回】甲A号証証拠説明書１８（甲A614から626）,甲A61 8 『夫婦別姓同性婚 パートナーシップ L GBT―家族と社会に 関わる諸問題―』表紙 及び16頁~29頁「同性 愛と同性婚の真相を知 る」 写し 2022年 6月こ ろ
書籍,,奇兵隊日記,(マツノ書店刊、一九八三年),1,1,I0000123,県知事の公務での護国神社参拝取りやめをー政教分離原則の違反を問うー,甲51 招魂社の発生 津田勉,14) 藤井貞文前掲書、二四三頁。『諸記録綴込』(山口県文書館所蔵)。 (15)『奇兵隊日記』(マツノ書店刊、一九八三年)。 (16) 白石家「年膳」(『白石家文書」所収)。 (1) 金子文輔「馬関攘夷従軍筆記」(
書籍,,女たちの,インパクト出版会,1,1,I0000031,結婚の自由をすべての人に訴訟（同性婚訴訟）,風間孝先生 赤枝香奈子先生 意見書　「同性カップルの権利と異性愛規範」,編、 1983『平塚らいてう著作集 1』大月書店、所収)。 加納実紀代、1995『女たちの 』インパクト出版会。 片岡鉄兵、1936「同性愛は恋愛と同じか」『婦人公論』4月号: 155-158。 加藤秀一、2004
書籍,式場隆三郎,女性ノート,"昭和書房, 1941, p.299. 240 青木延春「優生結婚と優生断種」龍吟社, 1",1,1,I0000132,「わたしの体は母体じゃない」訴訟,甲47：国民優生法の制定過程,"1.5, p.64. 239 国民優生連盟「国民優生法の施行について」式場隆三郎『女性ノート』昭和書房, 1941, p.299. 240 青木延春「優生結婚と優生断種」龍吟社, 1941, p.410.(『編集復"
書籍,,婚姻と離婚,(日本評論社・2020),1,1,I0000132,「わたしの体は母体じゃない」訴訟,甲175：小西意見書,社・ 2024)21頁。 35 松本克美「貞操義務の非法化」二宮周平(編集代表)『婚姻と離婚』(日本評論社・2020)135頁以下。 議会での審議の結果も、廃止論が両性適用論を1票上回るだけという僅差で廃止論採択と
書籍,以前の穂積重遠,婚姻制度講話,(福永重勝、1925年),1,1,I0000031,結婚の自由をすべての人に訴訟（同性婚訴訟）,【札幌】上告受理申立て理由書,935年)(甲A199)252~253、2 55頁参照。なお、それ以前の穂積重遠『婚姻制度講話』(福永重勝、1925年)は、 新婦人協会が帝国議会に対し、花柳病者の婚姻の防止を目的として男子の健康診断書の提 出を民法
書籍,高梨教授還暦祝賀,婚姻法の研究(下),(有斐閣、1976),1,1,I0000131,夫婦別姓も選べる社会へ！訴訟,甲A004_二宮先生意見書（平成23年12月5日）,とを認 めるべきであろうとする学説があった(木下明「夫婦と氏」高梨教授還暦祝賀 『婚姻法の研究(下)』(有斐閣、1976)228頁)。 1980年代後半から、夫婦別氏の考え方は、学説を超えて市民運動として社会 的に広がって
書籍,,婦女新聞,第1100号(1921年6月16日),1,1,I0000031,結婚の自由をすべての人に訴訟（同性婚訴訟）,風間孝先生 赤枝香奈子先生 意見書　「同性カップルの権利と異性愛規範」,心を挑発して売らんとするものがある」3と、大量販売を目指す、その商業主義的 2『婦女新聞』第1100号(1921年6月16日) 3 『中央新聞』(1921年7月22日) 9 姿勢が非難されるほどであった(古川
書籍,,子どもと法―子どもと大人の境界線をめぐる法社会学,"東京大学出版会, 齋藤宙治(2024)",1,1,I0000117,立候補年齢引き下げ訴訟,甲B76：齋藤宙治「被選挙権年齢引下げに関する人々の意識ーサーベイ実験による法定立候補年齢の研究ー」,"社会学が目指すところは?」法学教室491号62-66頁. 齋藤宙治(2022) 『子どもと法―子どもと大人の境界線をめぐる法社会学』東京大学出版会, 齋藤宙治(2024)「立候補年齢や議員年齢に関する人々の意識調査報告書(速報版,2024年11月8日公"
書籍,齋藤宙治,子どもと法子どもと大人の境界線をめぐる法社会学,137-154 頁,1,1,I0000117,立候補年齢引き下げ訴訟,証拠説明書1（甲B1～甲B34）,11 甲B23 齋藤宙治『子どもと 法子どもと大人 の境界線をめぐる 法社会学』137-154 頁、215-248頁抜粋 写し 齋藤宙治 2022年2
書籍,齋藤宙治,子どもと法子どもと大人の境異線をめぐる法社会学,(東京大学出版会、2022年),1,1,I0000117,立候補年齢引き下げ訴訟,第6準備書面,政治的有効性、寛容性、社会奉仕活動は、すでに大人と同水準」 (甲B23:齋藤宙治『子どもと法子どもと大人の境異線をめぐる法社会学』 (東京大学出版会、2022年)237~243 頁参照)であるとされる。被告が前 提としている、若者=低能力という認識は
書籍,芦部信喜=若原茂編,宗教判例百選(第二版),(有斐閣、 1991年),1,1,I0000083,ベトナム人技能実習生リンさんの死体遺棄罪刑事事件【アーカイブ】,上告趣意書,葬なども難しくなるからと一般的に解されてい る。川端博「判批」芦部信喜=若原茂編『宗教判例百選(第二版)』(有斐閣、 1991年)215頁によれば、死体遺棄罪の隠匿は、「埋葬義務者の埋葬を妨 げることによって死体に対する敬虔感
書籍,,実効的権利救済,のインパクト」(判例時報社、2023),1,1,I0000111,日米同性カップル在留資格訴訟  〜家族そろって日本で暮らすために〜【アーカイブ】,笹田栄司教授意見書（添付資料）,下の記述は、笹田栄司『裁判制度のパラダイムシフト I』第8章「行政裁判にお ける『実効的権利救済』のインパクト」(判例時報社、2023)に基づく。 (2)笹田・前掲注(1)196頁。 (3)笹田・前掲注(1)196頁以
書籍,会編,"実務担当者のための逐条解説公文書管理法,施行令",(ぎょう 甘い、2019年),1,1,I0000146,「学術会議の独立性」を市民で守ろう ～会員任命拒否理由の情報公開訴訟～,甲A50 裁決書,"第4,3, (7))(内閣府大臣官房公文書管理課職員らによる公文書管理研究 会編『実務担当者のための逐条解説公文書管理法,施行令』(ぎょう 甘い、2019年)34,35,279頁)。加えて、留意事項として、上記 「重要又は異例な事項」については、「あ"
書籍,我妻栄,家の制度〜その倫理と法理,(酣燈社、1948),1,1,I0000131,夫婦別姓も選べる社会へ！訴訟,甲A004_二宮先生意見書（平成23年12月5日）,た「民法改正要綱と家族制度との関係」(法律タイムズ所収、1947年4月、 我妻栄『家の制度〜その倫理と法理』(酣燈社、1948) 123 頁より)では、次の ように記述する。 「本要綱は親族共同生活を現実に即して規律せんとする。
書籍,黒木三郎ほか編,家の名・族の名・人の名一氏一,(三 省堂、1988年),1,1,I0000031,結婚の自由をすべての人に訴訟（同性婚訴訟）,清末愛砂先生・立石直子先生「憲法24条が要請する同性婚の法制化に関する意見書」,ことは記憶に新しい。 21 唄孝一「『氏』二題」 (コラム) 黒木三郎ほか編 『家の名・族の名・人の名一氏一』(三 省堂、1988年)184頁。 たしかに、私たちは、日々戸籍を手にしながら生活するわけではない。しかしながら、 戸
書籍,回学会誌,家族<社会と法〉,(日本加除出版),1,1,I0000031,結婚の自由をすべての人に訴訟（同性婚訴訟）,二宮周平先生 意見書　※民法学者による本件についての意見,族法研究者はほぼ全員会員である。毎年 11 月に学術大会を開催し、 年1回学会誌『家族<社会と法〉』(日本加除出版)を刊行している。2 010年1月、学会内に家族法改正研究会を立ち上げ、婚姻、離婚、親子、 親権・扶養の
書籍,,家族と法一個人化と多様化の中で,40頁,1,1,I0000031,結婚の自由をすべての人に訴訟（同性婚訴訟）,【九州・第４回】証拠説明書８(甲A203から224）,得ないこ と。 204 『家族と法 一個人化と多様 化の中で』40頁 写し 2007年10月 19日 二宮周平 さまざ
書籍,,家族・ジェンダーと法,(成文堂),1,1,I0000111,日米同性カップル在留資格訴訟  〜家族そろって日本で暮らすために〜【アーカイブ】,甲１０４　谷口洋幸先生意見書,事件。 18 See.三木妙子2003「欧州人権裁判所に現れた家族」三木妙子ほか『家族・ジェンダーと法』(成文堂)。 19 申2016:157頁。 20 申2016:159頁。 8 # 3. 同性カップルと家族生活権 #
書籍,,家族問題と家族法II結婚,60~62頁,1,1,I0000031,結婚の自由をすべての人に訴訟（同性婚訴訟）,【九州・第４回】証拠説明書８(甲A203から224）,203 『家族問題と家族法II 結 婚』60~62頁 写し 1974年2月 20日 執行嵐・有 地亨
書籍,依田精一,家族思想と家族法の歴史,抄本 190頁,1,1,I0000031,結婚の自由をすべての人に訴訟（同性婚訴訟）,【東京二次・第8回】証拠説明書15,4節) 348 依田精一『家族 思想と家族法 の歴史』抄本 190頁、195頁 ~198頁 写し 2004.8.1 依田精一
書籍,大村敦志,家族法(第三版),(平成22年),1,1,I0000159,日本でもマリアージュしたいねん～海外で成立した同性婚の受理を求める裁判～,c260821補充書面16（仙台家裁の令和8年7月10日審判の誤り）,根拠は、ただ一つ、同性カップルには自然生殖がないこと、に絞られ ていた(大村敦志『家族法(第三版)』(平成22年)、甲A333等参照)。 しかし、個人の尊重(憲法13条)や法の下の平等(同14条1項)に照ら せば、かかる
書籍,大村敦志,家族法[第３版],（有斐閣、２ ０１０）２５頁,1,1,I0000031,結婚の自由をすべての人に訴訟（同性婚訴訟）,【東京一次・第１回】控訴理由書第４分冊（憲法２４条２項）,家族法―民法を学ぶ [第４版]』 （有斐閣、２０１９）５頁、甲Ａ５７３・大村敦志『家族法	[第３版]』（有斐閣、２ ０１０）２５頁、甲Ａ５７４・二宮周平『家族法 第５版』（新世社、２０１９）１ 頁 ）。それらはまさしく民法
書籍,,家族法——民法を学ぶ[第4版],(有斐閣、2019),1,1,I0000031,結婚の自由をすべての人に訴訟（同性婚訴訟）,【東京二次・第8回】原告第16準備書面（憲法14条1項）,ある。 そもそも「家族」とは主に婚姻関係と親子関係を指し(甲A375・窪田充 見『家族法——民法を学ぶ[第4版]』(有斐閣、2019)5頁、甲A376・ 大村敦志『家族法[第3版]』(有斐閣、2010)25頁、甲A377・二宮 周平『
書籍,窪田充見,家族法―民法を学ぶ[第4版],(有斐閣、2019),1,1,I0000031,結婚の自由をすべての人に訴訟（同性婚訴訟）,【東京二次・第8回】原告第17準備書面（憲法24条2項）,な「家族」は、婚姻関係と親子関係か らなると理解されてきた(甲A375・窪田充見『家族法―民法を学ぶ[第4版]』 (有斐閣、2019)5頁、甲A376・大村敦志『家族法[第3版]』(有斐閣、2 010)25頁、甲A377・二宮周平『
書籍,窪田充見,家族法―民法を学ぶ[第４版],（有斐閣、２０１９）５頁,1,1,I0000031,結婚の自由をすべての人に訴訟（同性婚訴訟）,【東京一次・第１回】控訴理由書第４分冊（憲法２４条２項）,「家族」は、婚姻関係と親子関係か らなると理解されてきた （甲Ａ５７２・窪田充見『家族法―民法を学ぶ	[第４版]』 （有斐閣、２０１９）５頁、甲Ａ５７３・大村敦志『家族法 [第３版]』（有斐閣、２ ０１０）２５頁、甲Ａ５７４・二宮周平
書籍,窪田充見,家族法〔第4版〕,"(有斐 閣,2019 150~157 頁",1,1,I0000031,結婚の自由をすべての人に訴訟（同性婚訴訟）,【東京・第５回】証拠説明書８（甲A211－1から211-68）,"211- 30の2 窪田充見『家族法 〔第4版〕』(有斐 閣,2019 150~157 頁) (特に154頁~155 頁) 写 2019年"
書籍,,家族法学の過去・現在・未来,(有斐閣・2025),1,1,I0000132,「わたしの体は母体じゃない」訴訟,甲175：小西意見書,頁。 31 森山浩江「水野法学における解釈論と母法研究」 大村敦志ほか (編) 『家族法学の過去・現在・未来』(有斐閣・2025)38頁以下。 32 水野紀子「中川理論一身分法学の体系と身分行為理論―に関する一考察」山畠正男先生・
書籍,周平,家族法第5版,(新世社、2019),1,1,I0000031,結婚の自由をすべての人に訴訟（同性婚訴訟）,【東京二次・第8回】原告第16準備書面（憲法14条1項）,大村敦志『家族法[第3版]』(有斐閣、2010)25頁、甲A377・二宮 周平『家族法第5版』(新世社、2019)1頁)、それらはまさしく民法及 び戸籍法によって規律されている。そのような中で、民法及び戸籍法が規律
書籍,佐々木雅寿,対話的違憲審査の理論,(三省堂、2013年),1,1,I0000123,県知事の公務での護国神社参拝取りやめをー政教分離原則の違反を問うー,甲39 安西文雄「国家と宗教」,官の反対意見。 辻村・前揭注(13)22頁の指摘をも参照。 (16) 佐々木雅寿『対話的違憲審査の理論』(三省堂、2013年)80頁。 (17) 棟居快行「選挙無効訴訟と国会の裁量」 レファレンス 766(2014年) 12
書籍,村上雄策,小川隆四郎,(昭和17年),1,1,I0000132,「わたしの体は母体じゃない」訴訟,甲47：国民優生法の制定過程,"68 第59回帝国議会衆議院議事摘要 pp.2389-2396. 69 村上雄策『小川隆四郎』(昭和17年)pp.97-100.(『編集復刻版性と生殖の人権問題資料集成 第8巻』不二出版, 2001, pp.27-"
書籍,文芸春秋,尾身茂第四波『変異ウイルス,の試練』(2021年6月号113頁,1,1,I0000071,コロナ禍、日本社会の理不尽を問う（コロナ特措法違憲訴訟）【アーカイブ】,甲第６０号証の２：阿部泰隆先生　添付資料,tml/20210708/k10013126681000.html 5 文芸春秋『尾身茂第四波『変異ウイルス』の試練』(2021年6月号113頁以下) 6 田島信威『最新法令用語の基礎知識(三訂版)』(ぎょうせい、平成17年)62
書籍,杉田敦編,岩波講座現代第4巻グローバル化のなかの政治,(岩波書店、2016年),1,1,I0000031,結婚の自由をすべての人に訴訟（同性婚訴訟）,【札幌】上告受理申立て理由書,号(2010年)(甲A163)113頁。 53 木村草太「憲法と同性婚」杉田敦編『岩波講座現代第4巻 グローバル化のなかの政治』 (岩波書店、2016年)98頁。 54 大野友也「日本国憲法と同性婚」月報全青司452号(2017年)(甲A298)1
書籍,,川島武宜著作集第11巻家族および家族法2家族と法,(岩波書 店、1986年),1,1,I0000031,結婚の自由をすべての人に訴訟（同性婚訴訟）,【東京二次】証拠説明書（甲A943～947）,ることについて一般的な一致が見 944 「新民法と家事 調停」『川島武 宜著作集第11 巻家族および 家族法2 家族 と法』(岩波書 店、1986年) 6-7頁 192-193頁 写し 1986 川島武宜 945 憲法(第4版
書籍,憲法調査会事務局,帝国憲法改正諸案及び関係文書.3:連合国側関係文書,(憲資・総第十一号、1957年),1,1,I0000117,立候補年齢引き下げ訴訟,控訴理由書,15条3項の直接的淵源と評価できる内容が含まれている(甲B79:憲法調査会事務局『帝国憲法改正諸案及び関係文書.3:連合国側関係文書』(憲資・総第十一号、1957年)10頁の訳文。下線は引用者による)。 「一日本国憲法は、主権が国民に存することを認めなけ
書籍,市村光恵,帝国憲法論,(有斐閣書房、1915年),1,1,I0000136,地域による報酬格差は違憲！裁判官の独立と良心を守る訴訟,乙１１│新・コンメンタール　憲法（第２版）,吉編『穂積八束博士論文集」(有斐閣書房、1913年)187頁。 ※41 市村光恵『帝国憲法論』(有斐閣書房、1915年)676~681頁。 ※42 美濃部達吉「逐条憲法精義』(有斐閣、1927年)589~591頁。
書籍,,平和と国際協調の憲法学-深瀬忠一教授退官記念,勁草書房、1990年、387頁,1,1,I0000123,県知事の公務での護国神社参拝取りやめをー政教分離原則の違反を問うー,甲18（稲正樹意見書）,項である(宮本栄三「政教分離と平和的生存 権についての一考察」杉原泰雄ほか(編)『平和と国際協調の憲法学-深瀬忠一教授退官記念』 勁草書房、1990年、387頁)と、いえよう。 の 政教分離原則を制度的保障と見るべきか、人権規定と見るべきかについて
書籍,,平塚らいてう著作集1,大月書店、所収),1,1,I0000031,結婚の自由をすべての人に訴訟（同性婚訴訟）,風間孝先生 赤枝香奈子先生 意見書　「同性カップルの権利と異性愛規範」,「エレン・ケイ女史」『新日本』9月号(平塚らいてう著作集編集委員会編、 1983『平塚らいてう著作集 1』大月書店、所収)。 加納実紀代、1995『女たちの 』インパクト出版会。 片岡鉄兵、1936「同性愛は恋愛と同じか」『婦
書籍,,平成22年版厚生労働白書,159頁,1,1,I0000146,「学術会議の独立性」を市民で守ろう ～会員任命拒否理由の情報公開訴訟～,甲A87 意見書（早川和宏）,意識がみられない」こと (7頁)等を挙げている。 なお、年金記録問題に言及する『平成22年版厚生労働白書』159頁では、「1958(昭和33)年8月から翌年2月までにわたって行政管理庁(当時)が行った「年金厚生年金保険行政監察
書籍,須網隆夫編,平成司法改革の研究,(岩波書店、 2022),1,1,I0000111,日米同性カップル在留資格訴訟  〜家族そろって日本で暮らすために〜【アーカイブ】,笹田栄司教授意見書（添付資料）,"8頁(2004年6月1日)。 (6)興津征雄「司法制度改革と行政訴訟」須網隆夫編『平成司法改革の研究』(岩波書店、 2022)183頁。 (7)Jarass/Pieroth/Jarass, 17.Aufl. 2022, G"
書籍,高中正彦,弁護士法概説【第2版】,"(三省堂,2003年)",1,1,I0000090,司法の独立を脅かす岡口裁判官の罷免訴追に反対します！【アーカイブ】,意見書（山元一）,"判所事務局=裁判官訴追委員会事務局 編・前掲注(32)186頁。 61 高中正彦『弁護士法概説【第2版】』(三省堂,2003年)255頁以下。 62 この点については、意見書の末尾に付した、田鎖麻衣子弁護士作成の資料2を参照さ"
書籍,,弾劾制度の比較研究(上),"(原書房,1996年)",1,1,I0000090,司法の独立を脅かす岡口裁判官の罷免訴追に反対します！【アーカイブ】,意見書（山元一）,"上村千一郎『新訂版 裁判官弾劾法精義』(敬文堂,1982年)1頁以下,佐藤立 夫『弾劾制度の比較研究(上)』(原書房,1996年) 167頁以下,315頁以下、に依拠している。 員に限定され、弾劾手続は刑事責任を追及するための手"
書籍,,弾劾裁判所法,2000年号7頁,1,1,I0000090,司法の独立を脅かす岡口裁判官の罷免訴追に反対します！【アーカイブ】,意見書（山元一）,"1 年号4頁。 9 参照,土屋孝次「裁判官弾劾制度に関する国会権限の現代的意義」『弾劾裁判所法』2000年号7頁。 10 例えば、樋口陽一『憲法Ⅰ』(青林書院,1998年)275頁,佐藤幸治『日本国憲法論[第2版]』"
書籍,,形質人類誌,"法政大学出版局,1978. (31)",1,1,I0000076,「琉球人のご先祖の遺骨返還を」訴訟【アーカイブ】,甲15,"),1930. (30) 金関丈夫「台湾居住民族を中心とした東亜諸民族の人類学」『形質人類誌』法政大学出版局,1978. (31) 金関丈夫「琉球の旅」『歴史と地理』 24 (6), 1929, p.99. (32"
書籍,荻上チキ,彼女たちの売春(ワリキリ)一社会からの斥力、出会い系の引力,(扶桑社、2012年),1,1,I0000064,「セックスワークにも給付金を」訴訟 【アーカイブ】,甲102：意見書（岩切大地教授）,て」 陶久利彦(編) 『性風俗と法秩序』(尚 学社、2017年)。 61荻上チキ『彼女たちの売春 (ワリキリ) 一社会からの斥力、出会い系の引力』(扶桑社、2012年)13頁。 25 【本意見書執筆者について】 氏名:岩切 大地 (いわきりだいち) 生年(出生地)
書籍,,徳川日本の家族と地域性:歴史人口学との対話,ミネルヴァ書房,1,1,I0000031,結婚の自由をすべての人に訴訟（同性婚訴訟）,加藤秀一先生・意見書,日本の養子慣行」『言語と文明』16: 65-83. - 落合恵美子編 2015 『徳川日本の家族と地域性:歴史人口学との対話』ミネルヴァ書房 - 加藤彰彦・戸石七生・林研三編著 2016 『家と共同性(家族研究の最前線1)』日本経済 評論社 -
書籍,日本応用心理学会,心理学講座,18頁,1,1,I0000031,結婚の自由をすべての人に訴訟（同性婚訴訟）,渋谷秀樹先生 意見書　「憲法理論からみた同性婚の省察」,"考えられた(小南又一郎『実用 法醫学綱要』83頁〔1946年〕,日本応用心理学会『心理学講座』18頁〔1953年〕,加藤正明 「性欲の質的異常」井村恒郎ほか編『異常心理学講座第1部 (D)性及び性格(2)』19頁〔"
書籍,,志學館法学,5号213頁,1,1,I0000083,ベトナム人技能実習生リンさんの死体遺棄罪刑事事件【アーカイブ】,上告趣意書,松濤弘道『世界の葬式』249頁。 16 近藤功行「与論島における洗骨習俗の現状」『志學館法学』5号213頁。 17 山折哲雄編『共同研究 日本文化の深層と沖縄』(日文研叢書)2頁。 16 (4) 多様な葬祭儀式
書籍,下川正晴,忘却の引揚げ史―泉靖一と二日市保養所—,"弦書房,2017 等多くの先 行文献がある",1,1,I0000132,「わたしの体は母体じゃない」訴訟,甲19：旧優生保護法に基づく優生手術等を受けた者に対する一時金の支給等に関する法律第21条に基づく調査報告書（抜粋）,"水子の譜—引揚孤児と犯された女たち の記録―』現代史出版会,1979、下川正晴『忘却の引揚げ史―泉靖一と二日市保養所—』弦書房,2017 等多くの先 行文献がある。 第1編-80 た。当初入所者は「敗戦の混乱の中で、不慮の禍によるものが多"
書籍,土屋英雄,思想の自由と信教の自由-憲法解釈および判例法理,(尚学社・2003年),1,1,I0000123,県知事の公務での護国神社参拝取りやめをー政教分離原則の違反を問うー,甲18（稲正樹意見書）,ュリスト1222号(2002年)68-76頁、 70頁、73頁。 68 土屋英雄『思想の自由と信教の自由-憲法解釈および判例法理』(尚学社・2003年)157頁。 35 「過度のかかわり合い」のいずれかに抵触すれば違憲性が問われるようにするこ と。
書籍,,性の中間段階年報,を出版したり、1907 年には科学的人道委員会 の請願運動に多くの人たちを迎え入れること,1,1,I0000031,結婚の自由をすべての人に訴訟（同性婚訴訟）,河口和也先生 意見書　「欧米および国際社会における同性愛の権利主体形成の歴史」,ていた。そのために、1903年には、男性同性愛者の行動に関する調査報 告書である『性の中間段階年報』を出版したり、1907 年には科学的人道委員会 の請願運動に多くの人たちを迎え入れることで、その運動自体の高まりは最高
書籍,,性の歴史学—公娼制度・堕胎罪体制から売春防止法・優生保護体制へ―,"不二出版, 1997, p.351. 44 瀬木健「優生学について」『唯物論研究』20号",1,1,I0000132,「わたしの体は母体じゃない」訴訟,甲47：国民優生法の制定過程,"本の優生学―その思想と運動の軌跡―』三共出版,1983, p.162、 藤目ゆき『性の歴史学—公娼制度・堕胎罪体制から売春防止法・優生保護体制へ―』不二出版, 1997, p.351. 44 瀬木健「優生学について」『唯物論研究』20号,1934.6, p.863."
書籍,,性の歴史学―公娼制度・堕胎罪体制から売春防止法・優生保護法体制へ―,"不二出版, 1997, p.358. 21 荻野美穂「『家族計画』への道―敗戦日本の再建",1,1,I0000132,「わたしの体は母体じゃない」訴訟,甲19：旧優生保護法に基づく優生手術等を受けた者に対する一時金の支給等に関する法律第21条に基づく調査報告書（抜粋）,"う」『産婦人科治療』53巻4号, 1986.10, p.389. 20 藤目ゆき『性の歴史学―公娼制度・堕胎罪体制から売春防止法・優生保護法体制へ―』不二出版, 1997, p.358. 21 荻野美穂「『家族計画』への道―敗戦日本の再建と受胎調節―」『思想』925号,"
書籍,秀次編,性別に違和のある子どもたち,合同出版),1,1,I0000031,結婚の自由をすべての人に訴訟（同性婚訴訟）,【東京・第５回】証拠説明書１０（甲Ａ243から351-4）,33 5 「康純「性別違和と同 「性愛」(齊藤万比 古・市川宏伸・本城 秀次編『性別に違和 のある子どもたち』 合同出版) 写 2017(平成29) 年6月20日 康純編 主に医学上の観点から見た日本における同性 愛者等が
書籍,,性別違和・性別不合へ「性同一性障害から何が変「わったか,(緑風出版),1,1,I0000031,結婚の自由をすべての人に訴訟（同性婚訴訟）,【東京 二次提訴】証拠説明書１(甲A1から144),したこと 等 甲A24 『性別違和・性別不合へ 「性同一性障害から何が変 「わったか』(緑風出版)抄 本 44頁~59頁 写し 2019年9月 針間克己
書籍,,性同一性障害って何?増補改訂版,(緑風出版),1,1,I0000031,結婚の自由をすべての人に訴訟（同性婚訴訟）,【東京 二次提訴】証拠説明書１(甲A1から144),れてきた経緯 甲A25 『性同一性障害って何? 増 補改訂版』(緑風出版) 抄 本197頁~208頁 写し 2011年3月 大島俊之ほ
書籍,,性的マイノリテイと国際人権法,294~297頁,1,1,I0000031,結婚の自由をすべての人に訴訟（同性婚訴訟）,【東京二次・第9回】原告ら証拠説明書28,出の書面です。 448 『性的マイノリテ イと国際人権法』 294~297頁 写 2022年 6月 谷口洋幸 「性
書籍,指定都市市長会,性的少数者に係る窓口の一元化及びパートナーシップ制度を含「めた取組の強化に関する指定都市市長会要請,写し 2018年 (平成 30年),1,1,I0000031,結婚の自由をすべての人に訴訟（同性婚訴訟）,【大阪・第５回】証拠説明書５（甲A227から307）,ているこ 「とを立証する。) 甲A 239- 56 指定都市市長会『性的少数 者に係る窓口の一元化及び パートナーシップ制度を含 「めた取組の強化に関する指 定都市市長会要請』 写し 2018年 (平成 30年) 7月23 日 指定都市市長 会 【指定都市市長会が、国に対し 「て、
書籍,指定都市市長会,性的少数者に係る窓口の一元化及びパートナーシップ制度を含めた取組の強化に関する指定都市市長会要請,写 2018年(平成30 年),1,1,I0000031,結婚の自由をすべての人に訴訟（同性婚訴訟）,【東京・第５回】証拠説明書８（甲A211－1から211-68）,211- 56 指定都市市長会『性 的少数者に係る窓口 の一元化及びパート ナーシップ制度を含 めた取組の強化に関 する指定都市市長会 要請』 写 2018年(平成30 年)7月23日 指定都市 市長会
書籍,同編,感染症と憲法,(青林書院、 2021年),1,1,I0000071,コロナ禍、日本社会の理不尽を問う（コロナ特措法違憲訴訟）【アーカイブ】,甲第５７号証：横大道聡先生　意見書,掲注(1)119頁。 4 この点については、大林啓吾「感染症対策の法的枠組」同編『感染症と憲法』(青林書院、 2021年)50-51 頁、山羽祥貴「『密』への権利(上) ――コロナ禍の政治的言説状況に関 する若干の問
書籍,村上重良著,慰霊と招魂,(岩波新書九〇四、岩波書店、一九七四年),1,1,I0000123,県知事の公務での護国神社参拝取りやめをー政教分離原則の違反を問うー,甲51 招魂社の発生 津田勉,社体制の確立」(昭和四十四年 錦正社)。 45 招魂社の発生 (5) 村上重良著『慰霊と招魂』(岩波新書九〇四、岩波書店、一九七四年)。 (6) 藤井貞文著『近世に於ける神祇思想』(春秋社松柏館、昭和十九年)。 (
書籍,戸波江二,憲法(新版),336頁,1,1,I0000046,在外選挙権確認訴訟【アーカイブケース】,甲２１：「在外日本人の選挙権行使と立法の不作為」と題する意見書,71頁(青林書院1999年)。 (7)辻村・前掲(3)356頁。 (8)戸波江二『憲法(新版)』336頁(ぎょうせい1998年)。 (9)戸波・前揭(8)335頁。 (10)奥平康弘『憲法III憲法が保障する権利』4
書籍,芦辺信喜,憲法(第6版)高橋補訂,(2015年),1,1,I0000159,日本でもマリアージュしたいねん～海外で成立した同性婚の受理を求める裁判～,c250909市長意見書2への反論書,にあたる文献も令和3年(2021年)よりはる かに前のものである。 ① 芦辺信喜『憲法(第6版)高橋補訂』(2015年)(甲A397 ・144頁) ② 佐藤幸治『日本国憲法論』(2011年)(同144、99頁) ③ 野中・中村
書籍,渡辺康行・宍戸常寿・松本和彦・工藤達朗,憲法1[第2版]一基本権,72頁,1,1,I0000060,ジャーナリストに渡航の自由を！訴訟【アーカイブ】,上告理由書,法者が自ら判断して行わなければならない」(渡辺康行・宍戸常寿・松本和彦・工藤達朗『憲法1[第2版]一基本権』72頁)、④「立法の委任とは、ある事柄の基本方針・基準については、法律の効力をもった実定法で定め、その細目について、法律
書籍,中村睦男,憲法30講(新版),71頁,1,1,I0000046,在外選挙権確認訴訟【アーカイブケース】,甲２１：「在外日本人の選挙権行使と立法の不作為」と題する意見書,の制約は必要最小限にとどめなければならないことをも併 せて指摘している。中村睦男『憲法30講(新版)』71頁(青林書院1999年)。 (7)辻村・前掲(3)356頁。 (8)戸波江二『憲法(新版)』336頁(ぎょうせい19
書籍,,憲法I(第5版),465頁,1,1,I0000060,ジャーナリストに渡航の自由を！訴訟【アーカイブ】,原告第６準備書面,1号に該当するというためには、その者の「渡航先における滞在 16 野中俊彦ほか『憲法I (第5版)』465頁(有斐閣、2012) 〔高見勝利〕によれば、文面違 憲説が多数説である。 17 佐藤幸治『日本国憲法論(第2版)
書籍,,憲法I(第5版)),(2012年),1,1,I0000159,日本でもマリアージュしたいねん～海外で成立した同性婚の受理を求める裁判～,c250909市長意見書2への反論書,佐藤幸治『日本国憲法論』(2011年)(同144、99頁) ③ 野中・中村ほか『憲法I(第5版))』(2012年)(同144、 100頁) ⑤ 長谷部恭男『憲法(第6版)』(2014年)(同145、100頁) ⑥ 渋谷秀
書籍,野中ほか編,憲法II,219頁,1,1,I0000030,「海外でも国民審査を」訴訟【アーカイブ】,控訴理由書,的な利害の対立が存在 すること」という「事件性」の要件と同義とされる(野中ほか編『憲法II』219頁 (有斐閣)など)。法律上の争訟性の否定は、国民の裁判を受ける権利(憲法32 条)の否定につながる。「司法権の内
書籍,奥平康弘,憲法III憲法が保障する権利,411頁,1,1,I0000046,在外選挙権確認訴訟【アーカイブケース】,甲２１：「在外日本人の選挙権行使と立法の不作為」と題する意見書,頁(ぎょうせい1998年)。 (9)戸波・前揭(8)335頁。 (10)奥平康弘『憲法III憲法が保障する権利』411頁(有斐閣1993年)。他の引用も同じ頁から のものである。 (11)岡沢憲芙・戸波江二編『在外選挙 外国の制度と
書籍,,憲法II〔第5版〕,有斐閣(2012年),1,1,I0000030,「海外でも国民審査を」訴訟【アーカイブ】,意見書（興津征雄神戸大学教授）,"-350頁,佐藤幸治『日 本国憲法論】成文堂(2011年)585頁,野中俊彦ほか『憲法II〔第5版〕』有斐閣(2012年) 229頁[野中]。 ## 2 法令の適用による解決可能性 ### (1) 法的判断になじむかどう"
書籍,宮沢俊義,憲法II人権(新版),272頁,1,1,I0000129,「共働き妻を亡くした夫にも遺族年金を」訴訟,甲33　大阪大学　松本和彦先生　意見書（憲法）,治『日本国憲法論(第2版)』226頁(成文堂、2020年)参照。 13 宮沢俊義『憲法II人権(新版)』272頁(有斐閣、1974年)。 10 あった」14と指摘した。川岸令和はもっとはっきりと「一見女性を優遇しているよう
書籍,,憲法II人権〔第3版〕,(有斐閣、 2022年),1,1,I0000116,「会計年度任用職員にも労働基本権を！」訴訟,書証（甲２６）_意見書 ※期日において甲２７と訂正,]、佐藤幸治『日本国憲法論[第2版]』(成文堂、2020年)414頁、毛利透ほか『憲法II 人権〔第3版〕』(有斐閣、 2022年)384頁 〔小泉良幸]など。 12/18 ことは、不当労働行為によって発生した侵害状態を除去
書籍,杉原泰夫,憲法II統治の機構,260~261頁,1,1,I0000092,イラク戦争検証報告書情報公開訴訟【アーカイブ】,控訴理由書,主権者の知る権利にこたえる義務をもつのは当然のことである』と される」(杉原泰夫『憲法II 統治の機構』260~261頁)。 15 フランス人権宣言でとられた国民主権と日本国憲法の国民主権は同 義であると解されるが、今か
書籍,和彦・工藤達明,憲法I〔第2版〕,(2023年、日本評論社),1,1,I0000135,難民帰化訴訟〜真に社会の一員へ〜,甲36・意見書,版〕』(日本評論社、2020年)42頁、渡辺康行・宍戸常寿・松本 和彦・工藤達明『憲法I 〔第2版〕』(2023年、日本評論社) 340頁〔松本和彦執筆〕、辻 村みよ子・山元一編『概説憲法コンメンタール』(信山社、2018
書籍,,憲法I基本権(第2版),120頁,1,1,I0000129,「共働き妻を亡くした夫にも遺族年金を」訴訟,甲33　大阪大学　松本和彦先生　意見書（憲法）,ローゼン『尊厳」54頁(岩波書店、2021年)。 10以上の記述は、松本和彦ほか『憲法I基本権(第2版)』120頁(日本評論社、2023年) において展開しているものである。 8 厳の毀損は、確かにそのことだけで憲法13条の
書籍,,憲法I基本権〔第2版],132頁,1,1,I0000031,結婚の自由をすべての人に訴訟（同性婚訴訟）,安西文雄先生意見書（2024年1月24日）,4頁。 26 前出注(11) 2431頁~2432頁。 27 参照、渡辺康行ほか『憲法I基本権〔第2版]』132頁~133頁(日本評論社、2023 年)(松本和彦執筆)。 て婚姻を規定したのだ、といえる28。さらに憲法24条
書籍,大石眞,憲法I総説・統治機構,(有斐閣、2021年),1,1,I0000117,立候補年齢引き下げ訴訟,第5準備書面,体的な統治権の所在に係る部分でも、 実現すべき理念として組み込まれている(大石眞『憲法I 総説・統治機構』 (有斐閣、2021年) 27 頁など参照)」と考えられており「両者の間の差を縮 めれば縮めるほどに代表民主制の正統性が
書籍,渋谷秀樹,憲法[第3版],(有斐閣、2017年),1,1,I0000054,ネパール人取調べ中死亡国賠訴訟事件【アーカイブ】,一審原告第５準備書面,償法6条は、憲法17条に違反し違憲だと思い続けるであろう」と いう見解、渋谷秀樹『憲法[第3版]』(有斐閣、2017年)491頁の「〔国賠法6条の〕 限定に合理的な根拠はなく、もはや現時点においては違憲と解すべきである
書籍,辻村みよ子,憲法[第7版〕,"(日本評論社,2021年)",1,1,I0000090,司法の独立を脅かす岡口裁判官の罷免訴追に反対します！【アーカイブ】,意見書（山元一）,"藤幸治『日本国憲法論[第2版]』(成 文堂,2020年) 501頁、辻村みよ子 『憲法 [第7版〕』(日本評論社,2021年)392頁,参照。 11 法学協会『註解日本国憲法 下巻』(有斐閣,1954年) 9頁。 12"
書籍,辻村みよ子,憲法[第8版〕,(日本評論社、2021年),1,1,I0000135,難民帰化訴訟〜真に社会の一員へ〜,甲36・意見書,16頁、渋谷秀樹『憲法〔第3版]』(有 斐閣、2017年)204頁、辻村みよ子 『憲法 [第8版〕』(日本評論社、2021年)164頁、 樋口陽一『憲法〔第4版]』(創文社、2021年)212頁、松井茂記『日本国憲法〔第
書籍,樋口陽一,憲法Ⅰ,"(青林書院,1998年)",1,1,I0000090,司法の独立を脅かす岡口裁判官の罷免訴追に反対します！【アーカイブ】,意見書（山元一）,"国会権限の現代的意義」『弾劾裁判所法』2000年号7頁。 10 例えば、樋口陽一『憲法Ⅰ』(青林書院,1998年)275頁,佐藤幸治『日本国憲法論[第2版]』(成 文堂,2020年) 501頁、辻村みよ子 『憲"
書籍,渡辺康行他,憲法Ⅰ基本権（第2版）,（日本評論社、 2023年）340頁,1,1,I0000106,本人の意思を無視して日本国籍を一方的にはく奪する「国籍法11条1項は違憲」訴訟,【訴訟１】甲１２１髙佐智美教授意見書「国籍法 11条 1項の憲法及び国際法規適合性について」,藤敦『多文化共生と人権』（明石書店、 2019年）245頁。 7 渡辺康行他『 憲法Ⅰ基本権 （第2版）』（日本評論社、 2023年）340頁。 8 渋谷秀樹＝赤坂正浩『憲法 1人権（第 7版）』（有斐閣、 2019年）1
書籍,,憲法Ⅰ基本法,（日本評論社，２０１６ 年）４５６頁,1,1,I0000031,結婚の自由をすべての人に訴訟（同性婚訴訟）,【東京 二次提訴】訴状（20210326提訴分）,は憲法上許されない，と解すべきではなかろう」（甲Ａ ４２・渡辺康行・宍戸常寿ほか『憲法Ⅰ 基本法』（日本評論社，２０１６ 年）４５６頁）としており，憲法２４条１項は法律上の同性カップルの婚姻 を禁止するものではないとし
書籍,,憲法Ⅰ第5版,"有斐閣,2012, p.544.(高見勝利執筆部分)",1,1,I0000117,立候補年齢引き下げ訴訟,甲B26　国立国会図書館調査及び立法考査局政治議会課編「主要国における被選挙権年齢 (資料)」レファレンス833号,"ぎょうせい, 1999, p.16.(安田充執筆部分) (15) 野中俊彦ほか 『憲法Ⅰ 第5版』有斐閣,2012, p.544.(高見勝利執筆部分) (16) 前田英昭「国会の先例は語る 102 選挙・被選挙年齢の引"
書籍,野中俊彦他,憲法Ⅰ（第5版）,（有斐閣、 2012年）309頁,1,1,I0000106,本人の意思を無視して日本国籍を一方的にはく奪する「国籍法11条1項は違憲」訴訟,【訴訟１】甲１２１髙佐智美教授意見書「国籍法 11条 1項の憲法及び国際法規適合性について」,ものにとどまるものと解するのが相当」であるとしている 。 4 野中俊彦他『憲法Ⅰ（第 5版）』（有斐閣、 2012年）309頁。 5 同上、320頁。 6 近藤敦『多文化共生と人権』（明石書店、 2019年
書籍,芦部信喜編,憲法Ⅲ人権(2),(有斐閣、1981 年),1,1,I0000116,「会計年度任用職員にも労働基本権を！」訴訟,書証（甲２６）_意見書 ※期日において甲２７と訂正,10 たとえば、橋本公亘『日本国憲法』(有斐閣、1980年)400頁、芦部信喜編『憲法Ⅲ 人権(2)』(有斐閣、1981 年)466頁〔中村睦男〕、樋口陽一ほか『注釈 日本国憲法上巻』(青林書院新社、1984年)636頁〔
書籍,安西文雄ほか編,憲法「学の現代的論点〔第2版〕,〔有斐閣、20 09年〕(抜粋),1,1,I0000031,結婚の自由をすべての人に訴訟（同性婚訴訟）,【大阪・第３回】控訴人ら証拠説明書２０（甲A649から661）.pdf,甲A654 安西文雄ほか編『憲法 「学の現代的論点〔第2 版〕』〔有斐閣、20 09年〕(抜粋) 写し 2009/8 /30 安西文雄ほ
書籍,渋谷秀樹,憲法〔第3版],(有 斐閣、2017年),1,1,I0000135,難民帰化訴訟〜真に社会の一員へ〜,甲36・意見書,部法穂『全 訂憲法学教室〔第3版]』(日本評論社、2016年)116頁、渋谷秀樹『憲法〔第3版]』(有 斐閣、2017年)204頁、辻村みよ子 『憲法 [第8版〕』(日本評論社、2021年)164頁、 樋口陽一『憲法〔
書籍,樋口陽一,憲法〔第4版],(創文社、2021年),1,1,I0000135,難民帰化訴訟〜真に社会の一員へ〜,甲36・意見書,、辻村みよ子 『憲法 [第8版〕』(日本評論社、2021年)164頁、 樋口陽一『憲法〔第4版]』(創文社、2021年)212頁、松井茂記『日本国憲法〔第4 版〕』(有斐閣、2022年)367頁、渡辺はか、前掲注17、
書籍,辻村みよ子,憲法〔第5版〕,162 頁,1,1,I0000031,結婚の自由をすべての人に訴訟（同性婚訴訟）,大野友也先生 意見書 ※憲法14条1項（法の下の平等）についての意見書,して「ジェンダーステレオタイプ理論」の 3つを使って説明したい。 1辻村みよ子『憲法〔第5版〕』162 頁(日本評論社、2016 年)。 2「厳格審查」の下で規制が合憲とされるためには、(1)やむにやまれざる政府 利
書籍,芦部信喜,憲法〔第8版],(岩波書店、2023年),1,1,I0000135,難民帰化訴訟〜真に社会の一員へ〜,甲36・意見書,て行政の適正手続違反を導いている。憲法を準用した前者の判例は、 34 芦部信喜『憲法〔第8版]』(岩波書店、2023年)396頁。 35 佐藤功『日本国憲法概説〔全訂第5版〕』(学陽書房、1996年)252頁。 36
書籍,芦部信喜,憲法〔第8版〕,(岩波書店、2023年),1,1,I0000111,日米同性カップル在留資格訴訟  〜家族そろって日本で暮らすために〜【アーカイブ】,近藤敦教授意見書（添付資料）,"al. v. Libya (2007), para. 6.3. 26 芦部信喜『憲法〔第8版〕』(岩波書店、2023年)214頁、佐藤幸治『日本国憲法論〔第 2版〕』(成文堂、2021年)212頁、辻村みよ子『憲法〔"
書籍,芦部信喜・高橋和之補訂,憲法〔第七版〕,(甲A487[80 頁,1,1,I0000031,結婚の自由をすべての人に訴訟（同性婚訴訟）,【名古屋・第１３回】原告ら第１２準備書面　※憲法２４条１項違反について,う理由のみで認められるものであるがゆえに(人権 の固有性。芦部信喜・高橋和之補訂『憲法〔第七版〕』(甲A487[80 頁]))、「国民」という文理をもって機械的に決することなく、また、憲法 草案の起草者である日本政府の
書籍,芦部信喜・高橋和之補訂,憲法〔第六版〕,(甲A1 96[80頁,1,1,I0000031,結婚の自由をすべての人に訴訟（同性婚訴訟）,【東京二次・第４回】原告ら第３準備書面（24条）,う理由のみで認められるものであるがゆえ に(人権の固有性。芦部信喜・高橋和之補訂『憲法〔第六版〕』(甲A1 96[80頁]))、「国民」という文理をもって機械的に決することな く、個人の尊重という憲法の基本原理に照らし
書籍,長谷部恭男,憲法とは何か,(岩波書店、2 006),1,1,I0000031,結婚の自由をすべての人に訴訟（同性婚訴訟）,【東京二次・第１回】控訴理由書第３分冊（憲法１４条）,し及ぼそうと考えることについて「むしろ 自然」と指摘する(甲A650・長谷部恭男『憲法とは何か』(岩波書店、2 006)10頁)。しかし、特定の価値観・世界観を、政治の仕組みや国家の 独占する物理的な力を使って社会全
書籍,,憲法と世論,筑摩書房. 滋賀県選挙管理委員会・滋賀県明るい選挙推進協議会[滋賀県選管委](2023),1,1,I0000117,立候補年齢引き下げ訴訟,甲B76：齋藤宙治「被選挙権年齢引下げに関する人々の意識ーサーベイ実験による法定立候補年齢の研究ー」,に対する世論の心理学的検討」法と社会研究7号55-86頁. 境家史郎(2017)『憲法と世論』筑摩書房. 滋賀県選挙管理委員会・滋賀県明るい選挙推進協議会[滋賀県選管委](2023)「令和5年度選挙に関するアン ケ
書籍,沢広一,憲法と教育15講〔第4版〕,(北樹出版、2016年),1,1,I0000151,「18歳未満にも選挙で応援する自由を」訴訟,甲４２：門田孝教授の意見書,実際にそれを行使することによって形成されていくという面を有している」(米 沢広一『憲法と教育15講〔第4版〕』(北樹出版、2016年)25頁)とされるが、権利の自 律的行使に関するこうした指摘は、個人の自己実現に不可欠な権利とされ
書籍,植野妙実子,憲法の基本,学陽書房、二〇〇〇年一〇九頁,1,1,I0000123,県知事の公務での護国神社参拝取りやめをー政教分離原則の違反を問うー,甲44 佐々木弘通「思想良心の自由と信教の自由」,にも適用されるべきか、など)が 問われる問題である。 *3 詳しくは、植野妙実子『憲法の基本』学陽書房、二〇〇〇年一〇九頁以下。 金城清子 1991『法女性学』日本評論社 田上穣治他編 1968『体系憲法事典』青
書籍,自由人権協会編,憲法の現在,信山社 佐々木弘通 2009 「信教の自由・政教分離」辻村みよ子編『基本憲法』悠々社 野,1,1,I0000123,県知事の公務での護国神社参拝取りやめをー政教分離原則の違反を問うー,甲44 佐々木弘通「思想良心の自由と信教の自由」,学六四号七九頁 佐々木弘通 2005 「思想良心の自由と国歌斉唱」自由人権協会編『憲法の現在』信山社 佐々木弘通 2009 「信教の自由・政教分離」辻村みよ子編『基本憲法』悠々社 野坂泰司 2002 「『追悼」と「
書籍,,憲法の理性〔増補新装版〕,(東京大学出版会、2016年),1,1,I0000132,「わたしの体は母体じゃない」訴訟,甲176：山本意見書,分〕。「死ぬ権利」を認めるものとしては、長谷部恭男「憲法学から見た生命倫理」 同『憲法の理性〔増補新装版〕』(東京大学出版会、2016年) 153頁などがある。 23 小山・前揭注2)18頁。 24 横大道聡「憲法上の権利に対す
書籍,,憲法を読み解く,"(有斐閣, 2021年)",1,1,I0000031,結婚の自由をすべての人に訴訟（同性婚訴訟）,【札幌・第２回】控訴人ら第４準備書面（憲法学説に基づく追加主張）,"の婚姻と同程度に保障されると解す ることは憲法の文言上困難である」としていたが,『憲法を読み解く』(有斐閣, 2021年)(甲A489)では,憲法14条1項にいう「性別」には性的指向 ・性自認の相違も含むものとし(甲A"
書籍,樋口陽一,憲法・第三版,(創文社・2007年),1,1,I0000123,県知事の公務での護国神社参拝取りやめをー政教分離原則の違反を問うー,甲18（稲正樹意見書）,心の自由」の法理』 (岩波書店・2019年)第3部第5章に収録。 11 樋口陽一『憲法・第三版』(創文社・2007年)226頁。後述の、政教分離の根拠としての共和主 義的理解。 8 か」の審査)の二段階に分節化され
書籍,小山剛,憲法上の権利の作法[第3版],(尚学社、2016),1,1,I0000132,「わたしの体は母体じゃない」訴訟,甲143：小川意見書,人権編』(弘文堂、2026)90-92頁(村山健太郎執筆部分)。 20 小山剛『憲法上の権利の作法[第3版]』(尚学社、2016)98頁。 21 三段階審査論を我が国に導入したのは松本和彦『基本権保障の法理論』(大阪大学出版会、2
書籍,小山剛,憲法上の権利の作法〔第3版〕,(尚学社、2016年),1,1,I0000132,「わたしの体は母体じゃない」訴訟,甲176：山本意見書,規制」同編『憲法判例の射程〔第2版〕』(弘文堂、2020年)76頁以下、小山剛 『憲法上の権利の作法〔第3版〕』(尚学社、2016年)93-99頁、宍戸常寿『憲法解釈 論の応用と展開〔第2版〕』(日本評論社、2014年)18-19頁
書籍,,憲法人権編,(弘文堂、2026),1,1,I0000132,「わたしの体は母体じゃない」訴訟,甲143：小川意見書,利益説の終焉?」北大法学論集73巻2号(2022)294頁。 19 柴田憲司ほか『憲法 人権編』(弘文堂、2026)90-92頁(村山健太郎執筆部分)。 20 小山剛『憲法上の権利の作法[第3版]』(尚学社、2016
書籍,同編,憲法判例の射程〔第2版〕,(弘文堂、2020年),1,1,I0000132,「わたしの体は母体じゃない」訴訟,甲176：山本意見書,審査になるとされる。横大道聡「人格的生存にとって不可欠ではない行 為の規制」同編『憲法判例の射程〔第2版〕』(弘文堂、2020年)76頁以下、小山剛 『憲法上の権利の作法〔第3版〕』(尚学社、2016年)93-99頁、宍戸常寿『
書籍,,憲法判例百選II・第4版,),1,1,I0000080,地方議会に横行する「少数派議員潰し」に立ち向かう訴訟【アーカイブ】,土屋訴訟・甲第40〜53号証,"會雜誌10巻4号)115頁~121頁,高田敏 「地方議会議員の懲罰と司法審査」(『憲法判例百選II・第4版』)402頁~ 中京法学54巻3・4号(2020年) (269)553 事項」であり、その適否は「単なる内部規律の問題に"
書籍,長谷部恭男ほか編,憲法判例百選I〔第6版〕,(有斐閣、2013年),1,1,I0000111,日米同性カップル在留資格訴訟  〜家族そろって日本で暮らすために〜【アーカイブ】,近藤敦教授意見書（添付資料）,20年)135頁。君塚正臣「同性愛者に対す る公共施設宿泊拒否」長谷部恭男ほか編『憲法判例百選I〔第6版〕』(有斐閣、2013年) 67頁。赤坂正浩「公共施設は同性愛者の宿泊を拒否できるか」棟居快行ほか編「基本的人 権の事件簿〔
書籍,,憲法判例百選I〔第7版〕,(甲A360),1,1,I0000031,結婚の自由をすべての人に訴訟（同性婚訴訟）,【札幌・第７回】原告ら第１１準備書面（本件規定の違憲性及び本件立法不作為の違法性）,"判示について,白水隆「同性愛者に対する公共施設宿泊拒否」別冊 ジュリスト245号『憲法判例百選I〔第7版〕』(甲A360)68~69頁は,「事件当 時の時代状況にあっても、公権力の行使にあたる者の同性愛者への配慮の必要性を説いて"
書籍,長谷部・石川・宍戸編,憲法判例百選Ⅰ[第7版],(有斐閣、2019年),1,1,I0000104,公安警察による市民運動の監視を許さない。市民の「もの言う」自由を守るための訴訟【アーカイブ】,實原教授意見書(甲33),2)』(有斐閣、2017年)117頁(土井真一)参照。 9 長谷部・石川・宍戸編『憲法判例百選Ⅰ[第7版]』(有斐閣、2019年)41頁(棟居快 行)。 5 定に基づいて行動することが困難となり、ひいては表現の自由といった権
書籍,部恭男ほか編,憲法判例百選Ⅰ〔第7版〕,(有斐閣、2019年),1,1,I0000111,日米同性カップル在留資格訴訟  〜家族そろって日本で暮らすために〜【アーカイブ】,近藤敦教授意見書（添付資料）,)〔川岸令和執筆〕。白水隆「同性愛者に対する公共施設宿泊拒否」長谷 部恭男ほか編『憲法判例百選Ⅰ〔第7版〕』(有斐閣、2019年)69頁。 11 に反する。 また、外国人と外国人のカップルの場合、異性婚であれば、通常、家族とし
書籍,,憲法判例百選Ⅰ・第7版,),1,1,I0000080,地方議会に横行する「少数派議員潰し」に立ち向かう訴訟【アーカイブ】,土屋訴訟・甲第40〜53号証,"(25) 高佐智美「名誉毀損と『公共ノ利害ニ関スル事実』-『月刊ペン』事件」 (『憲法判例百選Ⅰ・第7版』)142頁~143頁,佐伯仁志「公共の利害に関 する事実―『月刊ペン』事件」(『メディア判例百選・第2版』)42頁~43"
書籍,,憲法判例百選Ⅱ,),1,1,I0000080,地方議会に横行する「少数派議員潰し」に立ち向かう訴訟【アーカイブ】,土屋訴訟・甲第40〜53号証,"26巻5号)20頁~40頁,雄川一郎「司法権と行政権——米内山事件———一」 (『憲法判例百選Ⅱ』) 298頁~299頁,緒方節郎「内閣総理大臣の異議」 (『行政判例百選・新版』)269頁~270頁,東條武治「内閣総理"
書籍,長谷部他編,憲法判例百選Ⅱ〔第7版〕,"(有斐閣,2019年)",1,1,I0000090,司法の独立を脅かす岡口裁判官の罷免訴追に反対します！【アーカイブ】,意見書（山元一）,"きない。」、と規定していることが 42 参照,日野田浩行「裁判官弾劾」長谷部他編『憲法判例百選Ⅱ〔第7版〕』(有斐閣,2019年)391 頁。 43 桜田誉「公務員の責任」 『田中二郎先生古稀記念・公法の理論(上)』(有斐閣,1"
書籍,田中英夫,憲法制定過程覚え書,(1979年、有斐閣),1,1,I0000031,結婚の自由をすべての人に訴訟（同性婚訴訟）,駒村圭吾先生 意見書 憲法24条2項についての意見書,みよ子責任編集『憲法研究』第4号 (2019年)を参照されたい。 10 田中英夫『憲法制定過程覚え書』(1979年、有斐閣)132頁。 日本政府に提示された総司令部案の該当条文(23 条)は次のようなものであった(当時の
書籍,野坂泰司,憲法基本判例を読み直す(第2版),有斐閣(2019年),1,1,I0000030,「海外でも国民審査を」訴訟【アーカイブ】,意見書（興津征雄神戸大学教授）,"審査法8条)、かつ、公職選挙法において在外選挙のためにすでに在 34 野坂泰司『憲法基本判例を読み直す (第2版)』有斐閣(2019年)549-550頁,常本照樹「国 籍法違憲判決一平等判例における違憲判断と救済方法の到達点」長谷部恭男"
書籍,芦部信喜,憲法学III人権各論(1)〔増補版〕,(有斐閣・2000年),1,1,I0000123,県知事の公務での護国神社参拝取りやめをー政教分離原則の違反を問うー,甲18（稲正樹意見書）,増刊 『憲法の争点』(2008年) 112-113頁による分類。 40 芦部信喜『憲法学III人権各論(1)〔増補版〕』(有斐閣・2000年)163頁、181-182頁など。 20 なみに厳格に適用すべきであるというものである。もともとレ
書籍,信喜,憲法学III人権各論(１)[増補版],(有斐閣，2000年),1,1,I0000031,結婚の自由をすべての人に訴訟（同性婚訴訟）,【東京 二次提訴】訴状（20210326提訴分）,ことが できないような，固定した社会的地位・身分」などと解されている(芦部 信喜『憲法学III 人権各論(１)[増補版]』(有斐閣，2000年)４７頁)。 前記のとおり性自認及び性的指向は自らの意思で自由に変えることがで きない継続的な特性で
書籍,芦部信喜,憲法学II人権各論(1)〔増補版〕,(有斐閣、200 0年),1,1,I0000031,結婚の自由をすべての人に訴訟（同性婚訴訟）,【東京二次・第8回】原告第16準備書面（憲法14条1項）,、固定した社会的地位・身分」(狭義説)と解されているところ (甲A46・芦部信喜『憲法学II 人権各論(1)〔増補版〕』(有斐閣、200 0年)47頁)、前述のとおり、性的指向ないし性自認は自らの意思で自由に変 えることができない属性であり
書籍,宍戸常寿ほか編,憲法学のゆくえ,(日本評論社、2016年),1,1,I0000064,「セックスワークにも給付金を」訴訟 【アーカイブ】,甲121：意見書（興津教授・堀澤准教授）,憲法判例』(信山社、2021年) 96~98頁[土屋武執筆]。 7宍戸常寿ほか編『憲法学のゆくえ』(日本評論社、2016年)399頁以下[山本龍彦]、渡辺康行 ほか『憲法I 基本権』(日本評論社、2016年)86頁[渡
書籍,同論文は棟居快行,憲法学の可能性,〔信山社、平成24年〕所収),1,1,I0000111,日米同性カップル在留資格訴訟  〜家族そろって日本で暮らすために〜【アーカイブ】,甲１６５曽我部真裕教授意見書,国際人権法(3))』(信山社、平成23年)39-44頁 (なお、同論文は棟居快行『憲法学の可能性』〔信山社、平成24年〕所収)、松田浩 道『国際法と憲法秩序』(東京大学出版会、令和2年)166頁。 21 西原博史「『人
書籍,浦部法穂,憲法学教室〔全訂第2版〕,(日本評論社・2006年),1,1,I0000123,県知事の公務での護国神社参拝取りやめをー政教分離原則の違反を問うー,甲18（稲正樹意見書）,昌成『憲法理論II』(成文堂・1993年)350-353頁など。 44 浦部法穂『憲法学教室〔全訂第2版〕』(日本評論社・2006年)139-141頁など。 21 離原則の後退を迫る要請があって、それが憲法上、分離原則に匹敵な
書籍,宍戸常寿,憲法学読本,〔 第４ 版〕 １ ０６ 頁,1,1,I0000031,結婚の自由をすべての人に訴訟（同性婚訴訟）,【東京・二次】上告理由書第二分冊,た 固定化さ れ る か ら で あ る （ 安西文雄・ 巻美矢紀・ 宍戸常寿『 憲法学読本』〔 第４ 版〕 １ ０６ 頁（ ２ ０ ２４ 年））。 平等原則は 、 人と人 が 生 ま れ な が ら に し て
書籍,,憲法学読本〔第3版〕,103頁,1,1,I0000031,結婚の自由をすべての人に訴訟（同性婚訴訟）,安西文雄先生意見書（2024年1月24日）,ようなインパクトを及ぼすか、を考慮するというのである。 34 参照、安西文雄ほか『憲法学読本〔第3版〕』103頁~104頁(有斐閣、2018年) (安西執筆)。 35 347 U. S. 483 (1954). 36 347
書籍,安西文雄他編,憲法学読本第2版,104 頁,1,1,I0000117,立候補年齢引き下げ訴訟,第3準備書面,被選挙権という「基本的権利に区別問題 が存在するとき」(甲 B44.安西文雄他編『憲法学読本第2版』104 頁 11 (有斐閣、2014年)参照)であり、若者は、自分たちの利益代表者が存在 すれば享受できたかもしれな
書籍,美濃部達吉,憲法撮要改訂,"有斐閣,1946, p.316. 60 レファレンス 833号 2020.6 国立国会",1,1,I0000117,立候補年齢引き下げ訴訟,甲B26　国立国会図書館調査及び立法考査局政治議会課編「主要国における被選挙権年齢 (資料)」レファレンス833号,"る方が、より多くの経験と練達を必要とするからであると説明されていた。 美濃部達吉『憲法撮要改訂』 有斐閣,1946, p.316. 60 レファレンス 833号 2020.6 国立国会図書館 調査及び立法考査局"
書籍,大石眞,憲法概論Ⅱ,(有斐閣、令和3年),1,1,I0000064,「セックスワークにも給付金を」訴訟 【アーカイブ】,甲59：意見書（曽我部真裕教授）,るとする(それに伴って、政教 分離原則にも反しないとする。)。以上につき、大石眞『憲法概論Ⅱ』(有斐閣、令和3年)254 頁以下(より詳細には、同「日本国憲法と宗教法人税制」宗教法22号(平成15年) 19頁(同
書籍,阪本昌成,憲法理論II,(成文堂・1993年),1,1,I0000123,県知事の公務での護国神社参拝取りやめをー政教分離原則の違反を問うー,甲18（稲正樹意見書）,典』(青林書院・2008年)486-487頁(阪口正二郎執筆)。 43 阪本昌成『憲法理論II』(成文堂・1993年)350-353頁など。 44 浦部法穂『憲法学教室〔全訂第2版〕』(日本評論社・2006年)139
書籍,阪本昌成,憲法理論Ⅰ補訂第3版,280頁,1,1,I0000060,ジャーナリストに渡航の自由を！訴訟【アーカイブ】,上告理由書,うることを、当該法律のなかで(議会の意思によって)承認することをいう」(阪本昌成『憲法理論Ⅰ 補訂第3版』280頁)などとされている。 9 すなわち、1号は不発給事由を「ある国に入ることを認められない者」ではなく「その国に入
書籍,,憲法理論の再創造,(日本評論社、2011年),1,1,I0000123,県知事の公務での護国神社参拝取りやめをー政教分離原則の違反を問うー,甲18（稲正樹意見書）,巻8号(2010年)78-85 頁、79頁。のちに、辻村みよ子・長谷部恭男(編)『憲法理論の再創造』(日本評論社、2011年) 395頁以下に収録。 48 佐々木弘通の上記論文「憲法学説は政教分離判例とどう対話するか」8
書籍,渋谷秀樹,憲法第3版,469頁,1,1,I0000117,立候補年齢引き下げ訴訟,証拠説明書6（甲B72~甲B75）,甲B72 渋谷秀樹『憲法 第 3版』469頁 写 し 2017年4月 30日 渋谷秀樹 国民
書籍,辻村みよ子,憲法第6版,"日本評論社,2018, p.315. (17)",1,1,I0000117,立候補年齢引き下げ訴訟,甲B26　国立国会図書館調査及び立法考査局政治議会課編「主要国における被選挙権年齢 (資料)」レファレンス833号,"挙権年齢を選挙権年齢より高くする ことについて疑問を呈する見解もある。辻村みよ子『憲法 第6版』 日本評論社,2018, p.315. (17) 第143回国会衆議院地方行政委員会議録第2号 平成10年10月6日 p"
書籍,,憲法第8版),240頁,1,1,I0000146,「学術会議の独立性」を市民で守ろう ～会員任命拒否理由の情報公開訴訟～,甲A46 裁決書,"世界からの学問へ の介入・干渉を防ぐことを、その目的とするものと考えられる」 (『憲法第8版)』240頁)。 また,「学術活動は多くの内容に関わる規制があってはじめて成り 立っし,社会に貢献し得る成果を産み出すことも"
書籍,,憲法第9版,274-277頁,1,1,I0000155,人質司法に終止符を！訴訟,原告証拠説明書⑼20260821【甲140-160】,利益な推認をなすことも 禁じられると述べていること。 A143 『憲法第9版』274-277頁 写し 2026. 3. 10 長谷部恭男 憲法学者の長谷部恭男は、法律上
書籍,,憲法第三版,（芦部信 喜） 119 頁,1,1,I0000167,気候正義訴訟－Climate Justice－,訴状（第１次訴訟）,する利益の総体は広く人格権と呼ばれ、私 法上の権利として古くから認められてきた（『憲法 第三版』（芦部信 喜） 119 頁】）。その根拠は憲法 13 条に求められると同時に、これ を具体化し実現するには、公権力による
書籍,芦部信喜,憲法第八版,212頁,1,1,I0000164,引越しで選挙権が制限されない未来へ！訴訟,原告準備書面⑵_20260718,る同理論の定着にもっとも重要な役割を果たした芦部信 喜は次のようにいう(芦部信喜『憲法第八版』212頁)。 経済的自由も人間の自由と生存にとってきわめて重要な人 権であるが、それに関する不当な立法は、民主政の過程
書籍,,憲法裁判の可能性,(岩波書店、一九九五),1,1,I0000046,在外選挙権確認訴訟【アーカイブケース】,甲２０：戸波江二「最高裁判所の憲法判例と違憲審査の活性化」,がそれである。 (11) 判例が憲法問題を避ける傾向にあることを批判する奥平康弘『憲法裁判の可能性』(岩波書店、一九九五)一五五頁 以下は、①名誉毀損法制、②私人間効力論、③煽動罪の例を挙げて問題点を詳細に検討している。
書籍,宍戸常寿,憲法解釈論の応用と展開(第2版),113頁,1,1,I0000031,結婚の自由をすべての人に訴訟（同性婚訴訟）,【東京・第９回】原告ら第２０準備書面（被告第５準備書面に対する反論）,法上の価値判断や立法事実に照らして正面から問うべきである(甲 A436・宍戸常寿『憲法解釈論の応用と展開(第2版)』113頁(日 本評論社、2014))。 ### (3)婚姻制度の立法経緯及び規定内容から同性愛者等の婚姻制度からの排除
書籍,宍戸常寿,憲法解釈論の応用と展開〔第2版〕,(日本評論社、2014年),1,1,I0000071,コロナ禍、日本社会の理不尽を問う（コロナ特措法違憲訴訟）【アーカイブ】,甲第５７号証：横大道聡先生　意見書,ないし帰結が導かれるような場合」としている。憲法適合的解釈について は、宍戸常寿『憲法解釈論の応用と展開〔第2版〕』(日本評論社、2014年)310頁、駒 村圭吾『憲法訴訟の現代的転回———憲法的論証を求めて』(日本評論社、2013年)
書籍,宍戸常寿,憲法解釈論の応用と展開第2版,(日本評論社、2014年),1,1,I0000064,「セックスワークにも給付金を」訴訟 【アーカイブ】,控訴理由書,年)107 頁〔安西文雄〕)から、その合理性を慎重に審査する必要がある(宍戸常寿『憲法解釈論の応用と展開 第2版』(日本評論社、2014年)109 頁参照)。判断枠組みを緩やかにしては、地位の格下げ・スティグマを目的とするような悪質な
書籍,芦部信喜先生還暦記念,憲法訴訟と人権の理論,有斐閣、1985年、555頁,1,1,I0000123,県知事の公務での護国神社参拝取りやめをー政教分離原則の違反を問うー,甲18（稲正樹意見書）,ていると解すべきこと」(戸波江二「政教分離原則の法 的性格」芦部信喜先生還暦記念『憲法訴訟と人権の理論』有斐閣、1985年、555頁)では、大方 の理解が一致しているといえよう。絶対的分離か相対的分離かという分離の程度の問題
書籍,石川健治ほか編,憲法訴訟の十字路,(弘文堂、2019),1,1,I0000132,「わたしの体は母体じゃない」訴訟,甲143：小川意見書,政裁量論」成蹊法学 86号(2017)、同「立法事実論の 再構成」石川健治ほか編『憲法訴訟の十字路』(弘文堂、2019)。また憲法学における関連する議論を中心とした議論 が従来議論してきた審査基準論やいわゆる「審査密度
書籍,野中俊彦,憲法訴訟の原理と技術,83頁,1,1,I0000046,在外選挙権確認訴訟【アーカイブケース】,甲２１：「在外日本人の選挙権行使と立法の不作為」と題する意見書,『裁判を受ける権利』(有斐閣1993年)174頁以下を参 照。 (15)野中俊彦『憲法訴訟の原理と技術』83頁(有斐閣1995年)。 (16)野中・前掲(15)79頁。 (17)松井・前掲(14)166頁。 (18)野中・前
書籍,,憲法訴訟の実務と学説,所収、甲A415・170頁,1,1,I0000159,日本でもマリアージュしたいねん～海外で成立した同性婚の受理を求める裁判～,c260821補充書面16（仙台家裁の令和8年7月10日審判の誤り）,紀「救済を視野に入れた憲法上の実体的な権利の構成-同性婚訴訟 を手掛かりとして」『憲法訴訟の実務と学説』所収、甲A415・170頁)。 論点整理は、「(1) 実親子関係の成立」の項の前半部分で、出産したAの妻 Bによる嫡出否
書籍,駒村圭吾,憲法訴訟の現代的転回,(2013年、日本評論社),1,1,I0000151,「18歳未満にも選挙で応援する自由を」訴訟,甲４４：駒村圭吾教授の意見書,の大きさを考慮すると、これらの理由をもってはいまだ右のような大 25 駒村圭吾『憲法訴訟の現代的転回』(2013年、日本評論社)201頁。なお、同頁におい て筆者は「こうして選挙運動は自由の問題ではなく、選挙制度の仕組みに
書籍,村圭吾,憲法訴訟の現代的転回———憲法的論証を求めて,(日本評論社、2013年),1,1,I0000071,コロナ禍、日本社会の理不尽を問う（コロナ特措法違憲訴訟）【アーカイブ】,甲第５７号証：横大道聡先生　意見書,憲法解釈論の応用と展開〔第2版〕』(日本評論社、2014年)310頁、駒 村圭吾『憲法訴訟の現代的転回———憲法的論証を求めて』(日本評論社、2013年)380-38 1頁、山田哲史「日本における『憲法適合的解釈』論の現状分析」土井真一編『憲法適合
書籍,新正幸,憲法訴訟論〔第2版〕,(信山社、2010年),1,1,I0000123,県知事の公務での護国神社参拝取りやめをー政教分離原則の違反を問うー,甲39 安西文雄「国家と宗教」,論をめぐる諸問題 論究ジュリスト1号(2012年) 84-85頁を参照。新正幸『憲法訴訟論〔第2版〕』 (信山社、2010年) 328-329頁は選挙権とその行使を同一に論じられないとする。 (9) 竹中勲「成年被後見人の
書籍,,憲法論点教室,61-68頁,1,1,I0000030,「海外でも国民審査を」訴訟【アーカイブ】,意見書（興津征雄神戸大学教授）,"(2011 年)195-208頁,曾我部真裕「部分違憲」同ほか編・前掲注(2) 『憲法論点教室』61-68頁,松 本哲治「一部違憲判決と救済」土井真一編「憲法適合的解釈の比較研究』有斐閣(2018年)179- 212"
書籍,同ら編,憲法論点教室第2版,42頁,1,1,I0000132,「わたしの体は母体じゃない」訴訟,準備書面(5)_20250514,(長谷部泰男『憲法第8版』440頁以下、 曽我部真裕「適用審査と適用違憲」同ら編『憲法論点教室 第2版』42頁以下)、法令 のうち具体的な適用事実類型を抽出し、当該類型に適用しうる法律を策定することを違 憲とするものである。
書籍,清宮四郎=佐藤功編,憲法講座1総論・天皇・戦争の放棄,"(有斐閣,1963年)",1,1,I0000090,司法の独立を脅かす岡口裁判官の罷免訴追に反対します！【アーカイブ】,意見書（山元一）,"99年)262頁。 79 伊藤正己「『法の支配』と日本国憲法」清宮四郎=佐藤功編『憲法講座1 総論・天皇・戦争の放棄』 (有斐閣,1963年) 138頁は、「最高法規である憲法を実質的に保障しようとし、それを通常裁判所の機 能にゆだねる制"
書籍,渋谷秀樹,憲法（第3版）,（有斐閣、 2017年）204頁,1,1,I0000106,本人の意思を無視して日本国籍を一方的にはく奪する「国籍法11条1項は違憲」訴訟,【訴訟１】甲１２１髙佐智美教授意見書「国籍法 11条 1項の憲法及び国際法規適合性について」,る 73 。 72 渋谷他・前掲注8）372-3頁。 73 渋谷秀樹『憲法（第3版）』（有斐閣、 2017年）204頁。 22 このような考え方は、 判例においても 採用されている 。たとえば、 20
書籍,,我が国のバイオセーフティレベル4(BSL4)施設の必要性について,の第4章(9頁,1,1,I0000081,市街地でＢＳＬ４の研究をしないでください,【旧訴】230330 BSL4関係54名、訴状,"あることを考えれば、わざわざ住宅地で行うべきではないこと (1)日本学術会議ほか『我が国のバイオセーフティレベル4(BSL4)施設の必要性について」の第4章(9頁)では,施設設置の要件を,①施設ならびに運営の要件 ②地域住民の合意 ③国の関与と明記している。 (2)①"
書籍,,戦前期同性愛関連文献集成第3巻,不二出版,1,1,I0000031,結婚の自由をすべての人に訴訟（同性婚訴訟）,風間孝先生 赤枝香奈子先生 意見書　「同性カップルの権利と異性愛規範」,ago』vol.6(12): 201-207。 ————・赤枝香奈子編、2006『戦前期同性愛関連文献集成 第3巻』不二出版。 平塚らいてう、1913「世の婦人たちに」『青鞜』4月号。 ————、1914「エレン・ケイ女史」『新日本』9
書籍,唄孝一,戦後改革と家族法,(日本評論社、1992),1,1,I0000131,夫婦別姓も選べる社会へ！訴訟,甲A004_二宮先生意見書（平成23年12月5日）,、そこに自ずから旧法の家名たる氏をしのばせるものがある と指摘している(唄孝一 『戦後改革と家族法』(日本評論社、1992) 155頁)。 こうした要綱の作成と同時進行で、改正民法の条文作成も行われており、1946 年8
書籍,杉村・宮内・岡崎共編,戦後秘密警察の実態,(三一書房、1960年),1,1,I0000104,公安警察による市民運動の監視を許さない。市民の「もの言う」自由を守るための訴訟【アーカイブ】,控訴第３準備書面第３準備書面～警備公安警察による法的根拠のない個人情報の収集は、違憲・違法である～,」、「政治警察たる性格をもつ」 (杉村敏正「憲法と警備警察」杉村・宮内・岡崎共編『戦後秘密警察の実態』 (三一書房、1960年)15頁)のであり、憲法が保障する基本的人権は、「はっ きりと定められた法律の規定にもとづく強制
書籍,,戦死者霊魂のゆくえ――戦争と民俗,(吉川弘文館、2003),1,1,I0000123,県知事の公務での護国神社参拝取りやめをー政教分離原則の違反を問うー,甲20-28,学部教授。著客に『ムラの若者・くにの若者民俗と国民統合』(未來社、 1996)、『戦死者霊魂のゆくえ――戦争と民俗』(吉川弘文館、2003)、「墓の民俗 学」(吉川弘文館、2003)、「「お墓」の誕生―――――死者祭祀の民俗誌」(岩波新
書籍,遠藤正敬,戸籍と無戸籍,(人文書院、2017年),1,1,I0000031,結婚の自由をすべての人に訴訟（同性婚訴訟）,清末愛砂先生・立石直子先生「憲法24条が要請する同性婚の法制化に関する意見書」,判所判決: 平成31年(ワ)第1258号損害賠 償請求控訴事件。 18 遠藤正敬『戸籍と無戸籍』(人文書院、2017年)においては、これに加え、「カテゴリ 一別登録」として、国家が一定のカテゴリーに属する者のみを限定
書籍,中川善之助監修,戸籍法,甲A408・348頁,1,1,I0000159,日本でもマリアージュしたいねん～海外で成立した同性婚の受理を求める裁判～,c260625補充書面15（コガリさん申立適格）,分管轄として処理する のがより適切であると考えられた」ためであり(中川善之助監修『戸籍法』、 甲A408・348頁等)、戸籍事件に関する市町村長の処分については審査 請求ができないこと(同法123条)からして、
書籍,,折口信夫全集,一九七五、中央公論社、四九頁,1,1,I0000076,「琉球人のご先祖の遺骨返還を」訴訟【アーカイブ】,甲36,〇八頁 - (27) 柳田、前掲書八六頁 - (28) 折口信夫「琉球の宗教」(『折口信夫全集』一九七五、中央公論社、四九頁) - (29) 伊波、前掲書四〇頁 - (30) 外間守善『日本語の世界九—――沖縄の言葉
書籍,務省編,改正地方制度资料第1部,(1947年),1,1,I0000117,立候補年齢引き下げ訴訟,乙5,さ等の点で市町村と異なる、 ④広汎な国家行政を与る等が挙げられていた(内 務省編『改正地方制度资料 第1部』(1947年)「衆議院の東 ・京都制の一部を改正する法律案外四件に関する委員会に おける議事経過」476~477頁、61
書籍,,改訂版[逐条解説]河川法解説,41頁,1,1,I0000053,鬼怒川大水害訴訟,控訴答弁書（責任論）　20230630,の流入氾濫を防いでいる地形により、このような堤防と同様の効用を有していることで（『改訂版[逐条解説]河川法解説』41頁参照）、現にある堤防と同一の状況を呈しておればよいのである。 仮に、この「堤防と同一の状況」を、河川管理施設構造
書籍,,改訂版全訳統治論,(八朔社・2020),1,1,I0000132,「わたしの体は母体じゃない」訴訟,甲175：小西意見書,る一方で、同意殺人(刑法202条)が 1 ジョン・ロック (著) 伊藤宏之(訳)『改訂版 全訳 統治論』(八朔社・2020)196頁。 2 ロバート・ノージック(著)嶋津格(訳) 『アナーキー・国家・ユートピア』(木鐸社・2
書籍,後藤光男,政教分離の基礎理論-人権としての政教分離-,(成文堂・2018年),1,1,I0000123,県知事の公務での護国神社参拝取りやめをー政教分離原則の違反を問うー,甲18（稲正樹意見書）,たなパラダイムを 求めて』(成文堂・2010年)81-100頁。 50 後藤光男『政教分離の基礎理論-人権としての政教分離-』(成文堂・2018年)201頁注33。 51 注18前出の渡辺康行「宗教的性格のある行事への公人の参列等と政教分離原則-
書籍,内田良=斉藤ひでみ編,教師のブラック残業――「定額働かせ放題,を強いる給特法とは?!』(学陽書房、2018年),1,1,I0000070,「人間を育てる教員に、人間らしい働き方を」訴訟【アーカイブ】,堀口悟郎先生意見書,ために教育社会学者・内田良が考案し、社会に広めたものである。内田良=斉藤ひでみ編『教師のブラック残業――「定額働かせ放題」を強いる給特法とは?!』(学陽書房、2018年)など参照。 3 また、一審判決後に、給特法研究の到達点を示す第一級の研究
書籍,,教育とLGBTIをつなぐ,青弓社: 146-166,1,1,I0000031,結婚の自由をすべての人に訴訟（同性婚訴訟）,風間孝先生 赤枝香奈子先生 意見書　「同性カップルの権利と異性愛規範」,"くゲイとレズビ アンの会。 渡辺大輔、2017「『性の多様性』教育の方法と課題」『教育と LGBTI をつなぐ』青弓社: 146-166。 Weeks, Jefferey, 2007, The World We Have Won:"
書籍,兼子仁,教育法〔新版〕,(有斐閣、1978年),1,1,I0000070,「人間を育てる教員に、人間らしい働き方を」訴訟【アーカイブ】,堀口悟郎先生意見書,は、時間外勤務の上限時間も定められている(労基法36条4項以下)。 17 兼子仁『教育法〔新版〕』(有斐閣、1978年)327頁。高橋・前掲注3) 18-20頁も参照。 18 第65回国会衆議院文教委員会会議録14号(
書籍,,教育職員の給与特別措置法解説,(第一法規、1971年),1,1,I0000070,「人間を育てる教員に、人間らしい働き方を」訴訟【アーカイブ】,堀口悟郎先生意見書,僚らが執筆した給特法の解説書である、文部省初等中等教育局財務課内教員給与研究会編『教育職員の給与特別措置法解説』(第一法規、1971年)を監修した人物でもある。 っとないのではないか」、と強く反論している。 ### (2) 労基
書籍,,散華の心と鎮魂の誠,の四巻が出版されている,1,1,I0000123,県知事の公務での護国神社参拝取りやめをー政教分離原則の違反を問うー,甲29-30,『昭和っ子は謳う』、『面集・童子のみたま祭』、『いざさら ば我はみくにの山桜』、『散華の心と鎮魂の誠」の四巻が出版されている。シリーズ名「ふるさと靖國」 の「ふるさと」とは、日本人のこころのふるさとである靖國神社という意味
書籍,,文京区教育委員会教育指針,(令和2年3月策定),1,1,I0000176,不透明な契約・区長の教育行政介入を問う住民訴訟 〜文京区の教育は誰のもの？,乙016 令和07年度版教育概要／文京区,にあわせ、迅速かつ柔軟に教育課題の解決を図るため、教 育の施策全体の方向性を示す『文京区教育委員会教育指針』(令和2年3月策定)を策定し、総合 的に教育施策を推進しています。 『文京区教育大綱』においては、『文京区教育委員会教育
書籍,菊地甚一,断種問題小論,"日本犯罪学会出版部, 1938, pp.1-21.(『編集復刻版 性と生殖の人権問題資料",1,1,I0000132,「わたしの体は母体じゃない」訴訟,甲47：国民優生法の制定過程,"廻しにして、こんな方法を採ることが、果たして正当な政治であろう 54 菊地甚一『断種問題小論』日本犯罪学会出版部, 1938, pp.1-21.(『編集復刻版 性と生殖の人権問題資料集成 第18 巻』不二出版,20"
書籍,,新・コンメンタール憲法(第2版)(第2版),〔大河内美紀〕 (日本評論社、2019 年),1,1,I0000117,立候補年齢引き下げ訴訟,第8準備書面,てその地域の住民の意思に基づいて行われる」 (甲B65:木下智史・只野雅人 編『新・コンメンタール憲法(第2版) (第2版)』〔大河内美紀〕 (日本評論社、2019 年)・734頁)ことを意味する。住民自治は憲法92条の保障の中核である。 憲法9
書籍,宇賀克也,新・情報公開法の逐条解説[第8版〕,(有斐閣・2018年),1,1,I0000146,「学術会議の独立性」を市民で守ろう ～会員任命拒否理由の情報公開訴訟～,甲A87 意見書（早川和宏）,どを総合的に考慮して実質的な判断を行うのが相当である(以下略) また、宇賀克也『新・情報公開法の逐条解説[第8版〕』(有斐閣・2018年)52頁では、「私人から行政機関に提出された申請書・届出書は、行政機関の事務所に到達した時点で審査義
書籍,,新・裁判実務体系第25巻行政争訟[改訂版],(青 林書院、2012年),1,1,I0000095,『宮本から君へ』助成金不交付決定取消訴訟【アーカイブ】,控訴答弁書_211015,的にも定着しており(村田斉志「行政法における比例原則」藤 山雅育=村田斉志(編)『新・裁判実務体系 第25巻 行政争訟[改訂版]』(青 林書院、2012年)87頁参照)、学説上もそのように理解されているが(宇賀 克也『行政法概説I 行政法総論〔第7版
書籍,杉原泰雄編,新判体系憲法辞典,〔永山 茂樹〕(青林書院、 2008年),1,1,I0000117,立候補年齢引き下げ訴訟,証拠説明書4（甲B47~甲B64）,。 甲B54 杉原泰雄編『新判体 系憲法辞典』〔永山 茂樹〕(青林書院、 2008年) 写 し 2008年7月 10日
書籍,森田洋之,新型コロナワクチンへの妄信と強制が危うい理由,(東洋経済オンライン、 2021年5月19日),1,1,I0000071,コロナ禍、日本社会の理不尽を問う（コロナ特措法違憲訴訟）【アーカイブ】,甲第６０号証の２：阿部泰隆先生　添付資料,cle/DGXKZO70364560W1A320C2TCC000/ 8 森田洋之『新型コロナワクチンへの妄信と強制が危うい理由』(東洋経済オンライン、 2021年5月19日) https://toyokeizai.net/articles/-/42
書籍,芹沢斉ほか編,新基本法コンメンタール・憲法,"〔笹田栄司執筆担当〕 (日本評論社,2011年)",1,1,I0000090,司法の独立を脅かす岡口裁判官の罷免訴追に反対します！【アーカイブ】,意見書（山元一）,"同僚裁判として行うものとされていた裁判官の免職の制度とは、全 26 芹沢斉ほか編『新基本法コンメンタール・憲法』 〔笹田栄司執筆担当〕 (日本評論社,2011年)412 頁。 27 斎藤秀夫『国会と司法権の独立』(岩波書店,1951"
書籍,石田昇,新撰精神病学,(甲A189),1,1,I0000031,結婚の自由をすべての人に訴訟（同性婚訴訟）,【札幌・第４回】原告ら第４準備書面　※裁判所の釈明への回答,"石田昇『新撰精神病学』(南江堂,明治39年)(甲A189)236頁 33 石田昇『新撰精神病学』(甲A189)237頁。 12 1910年代から1920年代にかけては,在野の医師やジャーナリ ストにより,通俗的な性"
書籍,,新日本,9月号(平塚らいてう著作集編集委員会編,1,1,I0000031,結婚の自由をすべての人に訴訟（同性婚訴訟）,風間孝先生 赤枝香奈子先生 意見書　「同性カップルの権利と異性愛規範」,913「世の婦人たちに」『青鞜』4月号。 ————、1914「エレン・ケイ女史」『新日本』9月号(平塚らいてう著作集編集委員会編、 1983『平塚らいてう著作集 1』大月書店、所収)。 加納実紀代、1995『女
書籍,新堂幸司,新民事訴訟法第三版補正版,(弘文 堂、2005年),1,1,I0000087,赤ちゃん取り違え被害者に「出自を知る権利を」訴訟【アーカイブ】,答弁書,ほどの現実の紛争が切迫し成熟しているか)等 により判断されることとなる(新堂幸司『新民事訴訟法第三版補正版』(弘文 堂、2005年)249頁)。 そして、確認判決により原告・被告間における権利または法的地位に関す る紛争が終局的
書籍,青山道夫・有地亨編,新版【注釈民法(21)〔復刊版〕,(有斐閣),1,1,I0000031,結婚の自由をすべての人に訴訟（同性婚訴訟）,【東京 二次提訴】証拠説明書１(甲A1から144),甲A16 青山道夫・有地亨編『新版 【注釈民法(21)〔復刊 版〕』(有斐閣)抄本 150頁~159頁 176頁~181頁 写し 1989年
書籍,青山道夫・有地亨編,新版【注釈民法(21)親族(1),(有 【斐閣、1989),1,1,I0000031,結婚の自由をすべての人に訴訟（同性婚訴訟）,【大阪・第５回】証拠説明書５（甲A227から307）,立証趣旨 甲A 239- 37 青山道夫・有地亨編『新版 【注釈民法(21)親族(1)』(有 【斐閣、1989) 178頁〔上野雅 [和] 写し 1989年 (平成 元年) 上野雅和 上野雅和教
書籍,,新版・体系憲法事典,(青林書院・2008年),1,1,I0000123,県知事の公務での護国神社参拝取りやめをー政教分離原則の違反を問うー,甲18（稲正樹意見書）,"403 U.S. 602, 612-613(1971). 42 杉原泰雄(編)『新版・体系憲法事典』(青林書院・2008年)486-487頁(阪口正二郎執筆)。 43 阪本昌成『憲法理論II』(成文堂・1993年)350"
書籍,有地亨,新版家族法概論[補訂版〕,268 頁,1,1,I0000031,結婚の自由をすべての人に訴訟（同性婚訴訟）,【東京二次・第４回】原告ら第２準備書面（婚姻の目的論）,"岩志和一郎執筆部分),甲A152 泉久雄『親族法』126頁,甲 A153 有地亨『新版家族法概論[補訂版〕』268 頁参照) (明治民法起草者の一人) 協議離婚制度を設ける理由を整理し、積極説の論拠として「婚姻と云ふものは主"
書籍,伊藤栄樹ほか編,新版注釈刑事訴訟法第2巻,(立 花書房1997),1,1,I0000155,人質司法に終止符を！訴訟,訴状_20250324,ール刑事訴訟法第2巻』(青林書 院1994)161頁[川上拓一]、伊藤栄樹ほか編『新版注釈刑事訴訟法第2巻』(立 花書房1997)109頁[河上和雄])。 しかし、この見解は、法律制定の経緯を全く無視し、かつ、立法者である国 会
書籍,青山道夫・有地亨編,新版注釈民法(21)〔補訂版〕,"(有斐閣,1989)",1,1,I0000031,結婚の自由をすべての人に訴訟（同性婚訴訟）,【東京二次・第４回】原告ら第２準備書面（婚姻の目的論）,"利益の付与を拒否する合理的根拠があるのか」と述べ(甲 A16 青山道夫・有地亨編『新版注釈民法(21)〔補訂版〕』(有斐閣,1989)178 頁〔上野雅和〕179 頁),生殖の能力や意思を間題 【有償配布や Web(ホームページ,ブ"
書籍,中川善之助・米倉明編,新版注釈民法(23)親族(3),"(有斐閣,2004)",1,1,I0000031,結婚の自由をすべての人に訴訟（同性婚訴訟）,【大阪・第６回】証拠説明書６（甲A308から321）,"作成者 立証趣旨 甲A 308 中川善之助・米倉明編『新 版注釈民法(23)親族(3)』 (有斐閣,2004) 148 頁以 下〔高梨公之・高梨俊一〕 写し 2004年 12月20 日 高梨公之・"
書籍,雄編,新版注釈民法(26),"〔中川善之助〕(有斐閣,1992年)",1,1,I0000031,結婚の自由をすべての人に訴訟（同性婚訴訟）,【札幌・東京・名古屋・大阪】訴状　東京地裁20190214提訴分,"の清算と生 存配偶者の扶養ないし生活保障にある(甲A43・中川善之助,泉久 雄編『新版注釈民法(26)』〔中川善之助〕(有斐閣,1992年) 276~277頁)。 異性カップルであっても同性カップルであっても,財産の清算及び"
書籍,雄編,新版注釈民法（２６）,〔中川善之助〕（有斐閣，１９９２年） ２７６～２７７頁,1,1,I0000031,結婚の自由をすべての人に訴訟（同性婚訴訟）,【東京 二次提訴】訴状（20210326提訴分）,の清算と生 存配偶者の扶養ないし生活保障にある（甲Ａ４８・中川善之助，泉久 雄編『新版注釈民法（２６）』〔中川善之助〕（有斐閣，１９９２年） ２７６～２７７頁）。 法律上の異性カップルであっても法律上の同性カップルであっても
書籍,田中二郎,新版行政法(上)〔全訂第2版〕,弘文堂(1974年),1,1,I0000111,日米同性カップル在留資格訴訟  〜家族そろって日本で暮らすために〜【アーカイブ】,甲１６３興津征雄教授意見書,〕 民商法雑誌158巻3号(2022年)674頁以下、684頁。 15 田中二郎『新版 行政法(上)〔全訂第2版〕』 弘文堂(1974年)155頁、塩野宏『行政法】 行 政法総論〔第6版〕』有斐閣(2015年) 192頁。 16 田中・
書籍,藤田宙靖,新版行政法総論(上),(青林書院、2020年),1,1,I0000095,『宮本から君へ』助成金不交付決定取消訴訟【アーカイブ】,控訴答弁書_211015,〕』325頁、(d)宇賀克也・前掲『行政法〔第2版〕』323頁、(e) 藤田宙靖『新版 行政法総論(上)』(青林書院、2020年)327頁、(f)大橋 洋一『行政法I 現代行政過程論[第4版]』(有斐閣、2019年)141、1
書籍,橋本勇=松永邦男,新版逐条地方公務員法〔第7次改訂版〕,(学陽書房、2026年),1,1,I0000116,「会計年度任用職員にも労働基本権を！」訴訟,書証（甲２６）_意見書 ※期日において甲２７と訂正,18 吉田=尾西・前掲注17) 1203頁〔酒井元康〕。 19 橋本勇=松永邦男『新版逐条地方公務員法〔第7次改訂版〕』(学陽書房、2026年)1070頁。 20 前掲注14) 横浜市人事委員会事件。 14/18 な意義を軽視し、その実
書籍,山内敏弘編,新現代憲法入門,"(法律文化社, 2004年)",1,1,I0000123,県知事の公務での護国神社参拝取りやめをー政教分離原則の違反を問うー,甲45 佐々木弘通「信教の自由・政教分離」,"巻2号(1999年)174頁以下 - 々木弘通「信教の自由と政教分離」山内敏弘編『新現代憲法入門』(法律文化社, 2004年)132頁以下 - ■近肇「宗教の公益性と憲法」初宿正典ほか編『国民主権と法の支配・下巻』(成"
書籍,青山道夫・有地享編,新盤注釈民法(21)親族(1),(甲A16),1,1,I0000031,結婚の自由をすべての人に訴訟（同性婚訴訟）,【大阪・第４回】原告ら第３準備書面　※被告第１準備書面に対する反論等,"かれた 6。1953年(昭和28年)の日本応用心理学会編 2 青山道夫・有地享編『新盤注釈民法(21)親族(1)』(甲A16)186~187頁(上 野雅和執筆部分)。 明治民法と現行民法の規定を対照したものとして,「新旧規定対照表(我"
書籍,上杉慎吉,新稿憲法述義,(有斐閣、1924年),1,1,I0000136,地域による報酬格差は違憲！裁判官の独立と良心を守る訴訟,乙１１│新・コンメンタール　憲法（第２版）,ることを想定していた。しかし同時に、ニューディーラーを多く抱 ※39 上杉慎吉『新稿憲法述義』(有斐閣、1924年)602~606頁。 ※40 上杉慎吉編『穂積八束博士論文集」(有斐閣書房、1913年)187頁。
書籍,初宿正典=辻村みよ子編,新解説世界憲法集〔第5版〕,"(三省堂,2020年)",1,1,I0000090,司法の独立を脅かす岡口裁判官の罷免訴追に反対します！【アーカイブ】,意見書（山元一）,"する下級裁 4 邦訳は、野坂泰司訳 「アメリカ合衆国憲法」初宿正典=辻村みよ子編『新解説世界憲法集〔第5版〕』 (三省堂,2020年)70頁以下,に従う。 5 この点については意見書の末尾に付した、田鎖麻衣子弁護士作成の資料1を参"
書籍,上村千一郎,新訂版裁判官弾劾法精義,"(敬文堂,1982年)",1,1,I0000090,司法の独立を脅かす岡口裁判官の罷免訴追に反対します！【アーカイブ】,意見書（山元一）,"18年)311頁以下)の一部を利 用している。 3 この部分の叙述は、上村千一郎『新訂版 裁判官弾劾法精義』(敬文堂,1982年)1頁以下,佐藤立 夫『弾劾制度の比較研究(上)』(原書房,1996年) 167頁以下,315頁以下"
書籍,マイクロアグレッション研究会訳,日常生活に埋め込まれたマイクロアグレッション人種、ジェンダー、性的指向:マイノリティに向けられる無意識の差別,明石書店、2020年),1,1,I0000128,人種差別的な職務質問をやめさせよう！訴訟｜#STOPレイシャルプロファイリング,甲2：2021年度  外国にルーツをもつ人に対する職務質問 （レイシャルプロファイリング）に関するアンケート調査  最終報告書,日々のやり取り」と解される(デラルド・ウィンスー、マイクロアグレッション研究会訳『日常生活に埋め込まれたマイクロアグレッション人種、ジェンダー、性的指向:マイノリティに向けられる無意識の差別』明石書店、2020年)。特徴としては、意図の有無にかかわらない、日常的で認識しにくい差別であり、それ一つとってみれば「小
書籍,横山尊,日本が優生社会になるまで一科学啓蒙、メディア、生殖の政治―,"勁草書房,2015,p.287、安藤画一「私 の見る谷口君」『母性保護医報』72号,19",1,1,I0000132,「わたしの体は母体じゃない」訴訟,甲19：旧優生保護法に基づく優生手術等を受けた者に対する一時金の支給等に関する法律第21条に基づく調査報告書（抜粋）,"弥三郎伝』谷口弥三郎顕彰会, 1964, pp.289-290. 145 横山尊『日本が優生社会になるまで一科学啓蒙、メディア、生殖の政治―』勁草書房,2015,p.287、安藤画一「私 の見る谷口君」『母性保護医報』72号,1956.3.20, p.193."
書籍,寺田和夫,日本の人類学,"(思索社,1975)",1,1,I0000076,「琉球人のご先祖の遺骨返還を」訴訟【アーカイブ】,甲15,"Press, 1988, p.9. (5) 日本の人類学史については、寺田和夫『日本の人類学』(思索社,1975),坂野徹『帝国日本と人類学 者1884-1952年』(勁草書房,2005) に詳しい。 (6) 清野"
書籍,部民政局編,日本の新憲法,49頁,1,1,I0000030,「海外でも国民審査を」訴訟【アーカイブ】,答弁書,司法制度の正当性確保のために不可欠な仕組みなのである(連合国最高司令 部民政局編『日本の新憲法』49頁(憲法調査会事務局、1956年))。この機会の保障 において、審査基準を緩める理由は何一つ見当たらない。 実証的に
書籍,,日本人体質之研究,"(増補版,荻原星文館, 1944)",1,1,I0000076,「琉球人のご先祖の遺骨返還を」訴訟【アーカイブ】,甲15,"前に出たのは第2部までで、第3 部は木原卓三郎が完成させた)。日本語で出たものは『日本人体質之研究』(増補版,荻原星文館, 1944)のみ。 (8)「金関丈夫博士年譜」,金関丈夫博士古希記念委員会編『日本民族と南方文化』"
書籍,,日本公衆衛生雑誌,69巻7号554-567頁,1,1,I0000119,“コロナ感染者立ち寄りで店名公表”は違法！訴訟【アーカイブ】,【意見書】東京女子医大講師　辻村貴子先生　意見書,D-19 感染者に関する情報公表の実態:2020年1月~ 8月の公表内容の分析」『日本公衆衛生雑誌』69巻7号554-567頁(令和2 (2022)年)には他の自 治体による情報公表の実態が挙げられており、同論文も同様の
書籍,,日本国憲法(第2版),(成文堂、2020年),1,1,I0000064,「セックスワークにも給付金を」訴訟 【アーカイブ】,甲31：意見書（新井誠教授）,うな原理にかかわる一定のものが主観的権利(平等権)と して国民に保障される」(同『日本国憲法(第2版)』(成文堂、2020年)224頁) とする。この記述は、文字通りの「差別の禁止」を求めるものである。そこでは、 先に見た「
書籍,佐藤功古稀記念,日本国憲法の理論,(有斐閣、一九八六),1,1,I0000046,在外選挙権確認訴訟【アーカイブケース】,甲２０：戸波江二「最高裁判所の憲法判例と違憲審査の活性化」,であっても強力であることを問題視する樋口陽一「判例 の拘束力・考」佐藤功古稀記念『日本国憲法の理論』(有斐閣、一九八六)六七五頁以下、判例変更の黙示的変更を論じ た戸松秀典「憲法判例の明示的変更と黙示的変更」ジュリスト一
書籍,三・大友一郎・田中英夫編,日本国憲法制定の過程II-解説,230-231頁,1,1,I0000030,「海外でも国民審査を」訴訟【アーカイブ】,答弁書,わしいものにしようという趣旨」の論議が行われた(高柳賢 三・大友一郎・田中英夫編『日本国憲法制定の過程II-解説』230-231頁(有斐閣、 1972年))。 その結果、大日本帝国憲法では認められていなかった違憲立法審査権(憲法81
書籍,,日本国憲法制定の過程II解説-連合国総司令部側の記録による-,(有斐閣),1,1,I0000031,結婚の自由をすべての人に訴訟（同性婚訴訟）,【大阪・第３回】控訴人ら証拠説明書２０（甲A649から661）.pdf,であること 甲A661 『日本国憲法制定の過 程II解説-連合国総司 令部側の記録による- 』(有斐閣) 写し 1972/1 /30 高柳賢三、 大友一郎、 田中英夫
書籍,,日本国憲法制定の過程II解説一連合国総司令部側の記録によるー,(有斐閣),1,1,I0000031,結婚の自由をすべての人に訴訟（同性婚訴訟）,【東京・第９回】証拠説明書１３（甲Ａ425から440）,甲A 427 『日本国憲法 制定の過程II 解説一連合国 総司令部側の 記録によるー』 (有斐閣) 写し 1972.11.30 高柳賢三、 大友一郎、 田中英夫
書籍,,日本国憲法制定の過程II解説一連合国総司令部側の記録による一,(有斐閣 写し 1972. 11.30 高柳賢三、 大友一郎、 田中英,1,1,I0000031,結婚の自由をすべての人に訴訟（同性婚訴訟）,【東京二次・第５回】証拠説明書５（甲A211から220）,面です。 甲A2 12 『日本国憲法 制定の過程 II 解説一連合国 総司令部側の 記録による一』 (有斐閣 写し 1972. 11.30 高柳賢三、 大友一郎、 田中英
書籍,高柳賢三=大友一郎=田中英夫,日本国憲法制定の過程I原文と翻訳,277頁,1,1,I0000031,結婚の自由をすべての人に訴訟（同性婚訴訟）,渋谷秀樹先生 意見書　「憲法理論からみた同性婚の省察」,見地に立って規制する法律が制定さるべきである。」 (高柳賢三=大友一郎=田中英夫『日本国憲法制定の過程I原文と翻訳』277頁〔1972年〕に よる。) この案が日本政府に提示された後、第1段が、日本の法文の体裁に合わないし、かつ必ずし
書籍,佐藤功,日本国憲法成立史第四巻,１９９４年、１０００頁,1,1,I0000106,本人の意思を無視して日本国籍を一方的にはく奪する「国籍法11条1項は違憲」訴訟,【訴訟２】上告理由書・補充書,設けることを意図したものである旨の説明がなされたのみであった(佐藤達夫、 佐藤功『日本国憲法成立史 第四巻』１９９４年、１０００頁）)。 以上のとおり、憲法１０条が設けられる過程で語られたのは、誰が日本国民で あるかは従前の法制
書籍,佐藤功,日本国憲法概説〔全訂第5版〕,(学陽書房、1996年),1,1,I0000135,難民帰化訴訟〜真に社会の一員へ〜,甲36・意見書,34 芦部信喜『憲法〔第8版]』(岩波書店、2023年)396頁。 35 佐藤功『日本国憲法概説〔全訂第5版〕』(学陽書房、1996年)252頁。 36 浦部法穂『憲法学教室〔第3版〕』(日本評論社、2016年)310-311頁。
書籍,高見勝利ほか編,日本国憲法解釈の再検討,(有斐閣、 2004年),1,1,I0000123,県知事の公務での護国神社参拝取りやめをー政教分離原則の違反を問うー,甲45 佐々木弘通「信教の自由・政教分離」,"林書院,1998年)401頁以下 - 林知更「政教分離原則の構造」高見勝利ほか編『日本国憲法解釈の再検討』(有斐閣、 2004年)114頁以下 - 山口智「宗教条項理論の有用性」宗教法第21号 「宗教条項理論の有用性」 宗教法"
書籍,佐藤幸治,日本国憲法論〔第2版],(成文堂、2020年),1,1,I0000135,難民帰化訴訟〜真に社会の一員へ〜,甲36・意見書,"8, Harvard Dataverse, V5 [2020]. 23 佐藤幸治『日本国憲法論〔第2版]』(成文堂、2020年)124頁。 24 Council of Europe, supra note, 10, para."
書籍,松井茂記,日本国憲法（第4版）,（有斐閣、 2022年）128-9頁,1,1,I0000106,本人の意思を無視して日本国籍を一方的にはく奪する「国籍法11条1項は違憲」訴訟,【訴訟１】甲１２１髙佐智美教授意見書「国籍法 11条 1項の憲法及び国際法規適合性について」,れている国民というのがあるとすれば、その範囲を憲法の下位に 34 松井茂記『日本国憲法（第 4版）』（有斐閣、 2022年）128-9頁。 10 ある法律により裁量的に決めるというのは論理矛盾」である とする。すなわ
書籍,,日本國憲法,(1955 年),1,1,I0000031,結婚の自由をすべての人に訴訟（同性婚訴訟）,渋谷秀樹先生 意見書　「憲法理論からみた同性婚の省察」,うことを前提 にしているようにもみえる。また、憲法学者の宮澤俊義のコンメンタール『日本國憲法』(1955 年)も24条1項の解説として「婚姻が有効に成立するための要件は、婚姻する男と女との合 意だけであり、それ以外
書籍,書籍,日本学術会議会員の任命拒否,原本 2021(平成3),1,1,I0000146,「学術会議の独立性」を市民で守ろう ～会員任命拒否理由の情報公開訴訟～,証拠説明書（甲A76～83）,たこと。 甲A82 書籍『日本学術会議会員の任命拒否』 原本 2021(平成3) 年3月25日 小森田秋夫 日
書籍,,日本学術会議会員の任命拒否―何が問題か,94~96頁,1,1,I0000146,「学術会議の独立性」を市民で守ろう ～会員任命拒否理由の情報公開訴訟～,準備書面３（本件任命拒否とその意思決定過程の重大性）｜2025年2月25日,おける批判 的精神の不可欠性、という点を具体的に挙げて、次のように論じている (『日本学術会議会員の任命拒否―何が問題か』94~96頁)。 「第一に、学問を学問として成り立たせているのは科学者のコミュニティ (学問共同体)である、ということで
書籍,,日本家族法史論,47頁,1,1,I0000031,結婚の自由をすべての人に訴訟（同性婚訴訟）,【東京二次・第６回】原告ら第７準備書面（婚姻制度の目的）,妻、「下戸(身分 の低い人)」にも2、3人の妻がいるとの記載がある(甲A250 『日本家族法史論』47頁以下)。 また、律令制導入後は、夫からみて妻と妾(ここでいう妾とは 嫡妻に対する第二妻を意味する)は二等親とされて
書籍,佐々木惣一,日本憲法要論(訂正第5版),(金刺芳流堂、1933年),1,1,I0000136,地域による報酬格差は違憲！裁判官の独立と良心を守る訴訟,乙１１│新・コンメンタール　憲法（第２版）,達吉「逐条憲法精義』(有斐閣、1927年)589~591頁。 ※43 佐々木惣一『日本憲法要論(訂正第5版)』(金刺芳流堂、1933年)529頁。 第81条(違憲審査権) 661 えたGHQ内部には、1930年代にアメリカでリベ
書籍,,日本民法学の形成と課題(上),星野英一先生古稀祝賀(有 斐閣・1996),1,1,I0000132,「わたしの体は母体じゃない」訴訟,甲175：小西意見書,村一郎「《非法》(non-droit) の仮説をめぐって」 中川良延ほか(編) 『日本民法学の形成と課題(上)』星野英一先生古稀祝賀(有 斐閣・1996)5頁。 31 森山浩江「水野法学における解釈論と母法研究」 大村敦志ほか (編
書籍,宇賀克也編,日本立法資料全集42国家賠償法〔昭和22年〕,(信山社、2015年),1,1,I0000054,ネパール人取調べ中死亡国賠訴訟事件【アーカイブ】,一審原告第５準備書面,国家賠償法6条の問題(昭和23年10月14日)」(佐藤達夫関係文書)宇賀克也編 『日本立法資料全集42 国家賠償法〔昭和22年〕』(信山社、2015年)391頁、宇賀 克也「国家賠償法案の立法過程」宇賀編・同書20頁。 3 宮澤俊義(芦部信喜補訂)『
書籍,ンの会,日本精神医学と同性愛(第1版),写 1993(平成5),1,1,I0000031,結婚の自由をすべての人に訴訟（同性婚訴訟）,【東京・第５回】証拠説明書１０（甲Ａ243から351-4）,"地 位及びその変遷等。 甲A33 8 動くゲイとレズビア ンの会 『日本精神医 学と同性愛(第1 版)』 写 1993(平成5) 年1月29日 動くゲイ とレズビ アンの会 動くゲイとレズビアンの会が,日本精神神経"
書籍,外間守善,日本語の世界九—――沖縄の言葉,(一九八一、中央公論社),1,1,I0000076,「琉球人のご先祖の遺骨返還を」訴訟【アーカイブ】,甲36,、中央公論社、四九頁) - (29) 伊波、前掲書四〇頁 - (30) 外間守善『日本語の世界九—――沖縄の言葉』(一九八一、中央公論社)一三三頁 - (31) 慶世村恒任『宮古史伝』(一九二七、南陽印刷) - (32) 比嘉政夫『沖
書籍,修所編,日米比較刑事訴訟手続ーハールバット教授セミナー記録,(司法研修 所1961),1,1,I0000155,人質司法に終止符を！訴訟,準備書面(5)_20251121【刑訴法60条1項2号と89条4号の違憲性について】,ルバット教授が日本の司法研修所で行ったセミナーの記録が存在する(司法研 修所編『日米比較刑事訴訟手続ーハールバット教授セミナー記録』(司法研修 所1961))、甲A58)。 27頁以下で「米国における保釈制度運用の実際」について言及されている。 ハール
書籍,,明治の結婚明治の離婚,角川書店,1,1,I0000031,結婚の自由をすべての人に訴訟（同性婚訴訟）,風間孝先生 赤枝香奈子先生 意見書　「同性カップルの権利と異性愛規範」,アリス」『森鴎外全集第五巻』岩波書店(初出 1909 年)。 湯沢雍彦、2005『明治の結婚 明治の離婚』角川書店。 14 # 第2章 女性の同性愛と異性愛規範の形成 はじめに 第1章では、1900年前後から 1900年代
書籍,,明治国家と宗教,東京大学出版会 渡辺康行 2005 「『国家の宗教的中立性』の領分」ジュリ一二八七号六〇頁,1,1,I0000123,県知事の公務での護国神社参拝取りやめをー政教分離原則の違反を問うー,甲44 佐々木弘通「思想良心の自由と信教の自由」,証 GHQの宗教政策」井門富二夫編『占領と日本宗教』未来社 山口輝臣 1999 『明治国家と宗教』東京大学出版会 渡辺康行 2005 「『国家の宗教的中立性』の領分」ジュリ一二八七号六〇頁 現代法双書 2004年4月
書籍,,明治建白集成第二巻,筑摩書房,1,1,I0000031,結婚の自由をすべての人に訴訟（同性婚訴訟）,風間孝先生 赤枝香奈子先生 意見書　「同性カップルの権利と異性愛規範」,鋭治・澤田順次、1915『変態性慾論』春陽堂。 色川大吉・我部政男監修、1990『明治建白集成 第二巻』筑摩書房。 霞信彦、1990「『鶏姦規定』考」『明治初期刑事法の基礎的研究』慶應義塾大学法学研究 会。 風間孝・河口和也
書籍,田島信威,最新法令用語の基礎知識(三訂版),(ぎょうせい、平成17年),1,1,I0000071,コロナ禍、日本社会の理不尽を問う（コロナ特措法違憲訴訟）【アーカイブ】,甲第６０号証の２：阿部泰隆先生　添付資料,身茂第四波『変異ウイルス』の試練』(2021年6月号113頁以下) 6 田島信威『最新法令用語の基礎知識(三訂版)』(ぎょうせい、平成17年)62-64頁 7 日経電子版『国内死亡数、11年ぶり減 コロナ予防で他の感染も抑制』(2021
書籍,,最近におきまして、私どもとして、具体的に重国籍で何らかの問題が生じたという事例は把握しておりません。,と答弁した事実(9頁,1,1,I0000106,本人の意思を無視して日本国籍を一方的にはく奪する「国籍法11条1項は違憲」訴訟,【訴訟２】証拠説明書（１）,よる弊 害として忠誠義務の衝突、外交保護権の衝突、重婚の発生の3点を挙げつつ、 『最近におきまして、私どもとして、具体的に重国籍で何らかの問題が生じた という事例は把握しておりません。」と答弁した事実(9頁第3段及び第4段 )、「国籍を喪失するということは、その人にとって非常に大きな意味があり ますし、家
書籍,,朝鮮近代の歴史民族誌:慶北尚州の植民地経験,(明石書店、2008年),1,1,I0000076,「琉球人のご先祖の遺骨返還を」訴訟【アーカイブ】,甲15,研究科の文化人類学コースで博士(学術)学位を取得した。博士論文をもとに出版した 『朝鮮近代の歴史民族誌:慶北尚州の植民地経験』(明石書店、2008年)は高く評価さ れ、毎年1名だけが授与される文化人類学界の中心的な学術賞である澁澤賞を受賞した こ
書籍,葛野尋之,未決拘禁法と人権,(現代人文社、2012年),1,1,I0000155,人質司法に終止符を！訴訟,甲A117 資料入手報告書,d. at 113. 3 イギリスの未決拘禁・保釈法制の詳細については、葛野尋之『未決拘禁法と人権』(現代人文社、2012年)68頁、石田倫識「保 釈」刑事立法研究会編『代用監獄・拘置所改革のゆくえ』(現代人文社、200
書籍,,条約法に関する草案及び解説,1966年、211頁,1,1,I0000155,人質司法に終止符を！訴訟,甲A59：調査報告書【国連人権条約機関が採択した一般的意見及び勧告の法的権威と条約解釈上の意義について】,条約に基づき設置された自由権規約委員会と協力する義務である」 6国際法委員会、『条約法に関する草案及び解説』、1966年、211頁。 7欧州民主主義法委員会(ヴェネツィア委員会)、国内法における国際人権条約の実施と裁判所の役割に
書籍,柏原伸行,条解風俗営業等の規制及び業務の適正化等に関する法律,(立花書房、1986年),1,1,I0000064,「セックスワークにも給付金を」訴訟 【アーカイブ】,甲102：意見書（岩切大地教授）,使われていることも37、これを助長するかもしれない。そ 32 飛田清弘、柏原伸行『条解風俗営業等の規制及び業務の適正化等に関する法律』(立花書房、1986年) 47-48頁。なお昭和23年の当初の風営法においてもこれらの目的を見出すことができるとするもの
書籍,配信記事,東京都デパートなどへの休業要請しない方向4回目の宣言で,(2021 年7月8日),1,1,I0000071,コロナ禍、日本社会の理不尽を問う（コロナ特措法違憲訴訟）【アーカイブ】,甲第６０号証の２：阿部泰隆先生　添付資料,20210423/k10012992771000.html 4 NHK 配信記事『東京都 デパートなどへの休業要請しない方向 4回目の宣言で』(2021 年7月8日) https://www3.nhk.or.jp/news/html/20210708/k1001
書籍,柄谷行人,柄谷行人政治を語る,(2009年、図書新 聞),1,1,I0000031,結婚の自由をすべての人に訴訟（同性婚訴訟）,駒村圭吾先生 意見書 憲法24条2項についての意見書,整的理念のわかりやすい説明としては、 (統制的理念の語を用いているが)、柄谷行人『柄谷行人政治を語る』(2009年、図書新 聞)68-70頁、参照。 のであって、婚姻制度の形成についても一定の憲法的規律を及ぼす。 この点
書籍,團藤重光,條解刑事訴訟法上,(弘文堂、1950 年),1,1,I0000130,日本の「黙秘権」を問う訴訟 〜56時間にわたる侮辱的な取調べは違法〜 ,甲４号証（安部祥太氏意見書）,た取調べ」の正当化根拠を欠く(この点は、下記 189 代表的論者として、團藤重光『條解刑事訴訟法上』(弘文堂、1950 年)365頁。 190 濱田・前掲注156)124~125頁。 45 3(2)黙秘権保障のための制
書籍,,森鴎外全集第五巻,岩波書店(初出 1909 年),1,1,I0000031,結婚の自由をすべての人に訴訟（同性婚訴訟）,風間孝先生 赤枝香奈子先生 意見書　「同性カップルの権利と異性愛規範」,橋順子、2008『女装と日本人』講談社。 森鴎外、1972「ヰタ・セクスアリス」『森鴎外全集第五巻』岩波書店(初出 1909 年)。 湯沢雍彦、2005『明治の結婚 明治の離婚』角川書店。 14 # 第2章 女性の同性
書籍,,概説日本法制史,(甲A479),1,1,I0000031,結婚の自由をすべての人に訴訟（同性婚訴訟）,【札幌・第１回】控訴人ら第２準備書面　※控訴答弁書に対する反論,に減らすかに大いに腐心していたという事情があったものと考え られる。出口雄一ほか『概説日本法制史』(甲A479)321頁参照。 16 梅謙次郎『民法要義巻之四』(甲A480)274頁。 17 梅謙次郎『民法要義巻之四』
書籍,,権利保障の諸相,(三省堂、平成26年),1,1,I0000064,「セックスワークにも給付金を」訴訟 【アーカイブ】,甲59：意見書（曽我部真裕教授）,詳細には、同「日本国憲法と宗教法人税制」宗教法22号(平成15年) 19頁(同 『権利保障の諸相』(三省堂、平成26年)所収))、市川正人 『ケースメソッド憲法(第2版)』(日 本評論社、平成21年)第8章など参照。
書籍,,正義論改訂版,(2017年),1,1,I0000106,本人の意思を無視して日本国籍を一方的にはく奪する「国籍法11条1項は違憲」訴訟,【訴訟１】証拠説明書（５）,おして、武田が、原告らの 行為を「市民的不服従」であるとし てとらえ、ロールズの『正義論改 訂版』(2017年)を引用するかたち で、市民的不服従の「役目は法へ の忠誠の範囲内で不正義にあら がうことで、正義からの退却
書籍,主な著作,歩く・知る・対話する琉球学――歴史・社会・文化を体験しよう,(編著、明石 書店、2021年),1,1,I0000076,「琉球人のご先祖の遺骨返還を」訴訟【アーカイブ】,甲31,勝(まつしま・やすかつ) 龍谷大学経済学部教授。専門は、島嶼経済論。 主な著作 『歩く・知る・対話する琉球学――歴史・社会・文化を体験しよう』(編著、明石 書店、2021年)、『帝国の島―――琉球・尖閣に対する植民地主義と闘う』(明石 書店、2020年)、『談論
書籍,,比較判例ジェンダー法,(信山社・2007),1,1,I0000132,「わたしの体は母体じゃない」訴訟,甲175：小西意見書,上、511頁。 19 小竹聡「妊娠中絶・母体保護」 浅倉むつ子/角田由紀子(編)『比較判例ジェンダー法』(信山社・2007) 219頁以下参照。 体的に子を産み、妊娠によって直接かつ即時に影響を受けるのは 2 人のうちの女性
書籍,,比較法制研究,12号〔1989年〕33頁,1,1,I0000090,司法の独立を脅かす岡口裁判官の罷免訴追に反対します！【アーカイブ】,意見書（山元一）,刊金曜日』1343号〔2021年〕32 頁。 57 中村博「懲戒処分と比例原則」『比較法制研究』12号〔1989年〕33頁。 58 本意見書の拠って立つ弾劾と懲戒の機能的同質化論からすれば、柳瀬・前掲注(45) 「本
書籍,,氏と家族,(大蔵省印刷局、1999),1,1,I0000131,夫婦別姓も選べる社会へ！訴訟,甲A004_二宮先生意見書（平成23年12月5日）,が 区別を容易ならしむるやうにせねばならぬ」(増本登志子・久武綾子・井戸田博 史『氏と家族』(大蔵省印刷局、1999)9頁〔井戸田〕より)と述べていた。井 戸田教授によれば、この太政官布告による苗字の自由は、それ
書籍,,民事研修,268号(1979年),1,1,I0000090,司法の独立を脅かす岡口裁判官の罷免訴追に反対します！【アーカイブ】,意見書（山元一）,"(有斐閣,1976年)550頁。 桜田は別の論文(「裁判官等弹劾罷免の法的性格」『民事研修』268号(1979年) 17-18頁で、「弾劾 裁判による罷免は、その性質上これを行政処分と解さなければならない。しかも"
書籍,永井潜,民族の運命(民族衛生叢書1),"村松書店,1948(『編集復刻版性と生殖の人権問題資料集成 第25巻』 不二出版,2002, pp.178-203.)",1,1,I0000132,「わたしの体は母体じゃない」訴訟,甲19：旧優生保護法に基づく優生手術等を受けた者に対する一時金の支給等に関する法律第21条に基づく調査報告書（抜粋）,"社会は極度の混乱に陥り、空襲で焼け出された被災者や戦災で両親を失 10 永井潜『民族の運命(民族衛生叢書1)』村松書店,1948(『編集復刻版性と生殖の人権問題資料集成 第25巻』 不二出版,2002, pp.178-203.)"
書籍,,民族衛生,(南江堂、1914年),1,1,I0000132,「わたしの体は母体じゃない」訴訟,甲147：『ハンセン病問題に関する検証会議　最終報告書』抜粋,た民族衛生の「パンフレット」 を参考にしたという。この「パンフレット」、すなわち『民族衛生』(南江堂、1914年)で、氏原は 「精系離断法」について、簡単な小手術でアメリカにおいてすでに実施されており、「民族改善
書籍,,民法3親族法・相続法(第5版),(勁草書房・2024),1,1,I0000132,「わたしの体は母体じゃない」訴訟,甲175：小西意見書,果を得たいと主張しているわけではなく、自らの望む「不妊 55 我妻榮ほか(著) 『民法3 親族法・相続法(第5版)』(勁草書房・2024)が、「自然血族関係は、親子の血縁を基礎とするものである から、人がだれを父母として生まれたかによっ
書籍,松尾弘・益子良一編,民法と税法の接点――基本法から見直す租税実務――,ぎょうせい (2005),1,1,I0000031,結婚の自由をすべての人に訴訟（同性婚訴訟）,渡邉泰彦先生 意見書,本における状況については、平田由紀子「事実上の夫婦の法的地位」松尾弘・益子良一編『民法と税法の接点――基本法から見直す租税実務――』ぎょうせい (2005) 35頁を参照。 (30) 同判決については、渡邉泰彦「同性カップルをめぐるベルギーとオーストリ
書籍,,民法典の百年,７頁,1,1,I0000159,日本でもマリアージュしたいねん～海外で成立した同性婚の受理を求める裁判～,c231009家事審判申立書（民法の全条文が同性婚と両立すること等）,、アメリカ（ルイジアナ州）、ロシア、イギリスの８ヵ 国の法が参照された（甲Ａ５３『民法典の百年』７頁）。 これらの８つの国々のうち、フランス、オランダ、デンマーク、スイス、 アメリカ、イギリスの６ヵ国においては、すで
書籍,野英一編,民法典の百年Ⅰ,"(有斐閣, 1998)",1,1,I0000031,結婚の自由をすべての人に訴訟（同性婚訴訟）,【東京・第５回】証拠説明書８（甲A211－1から211-68）,"宮周平「日本民法 の展開 (3) 判例の法形 成~内縁」広中俊 雄・星 野英一編『民法典の 百年Ⅰ』(有斐閣, 1998) 341 頁以下 写 1998年(平成10 年)"
書籍,山本敬三・判例批評・別冊ジュリスト,民法判例百選】〔第6版〕,(有斐閣、2009),1,1,I0000131,夫婦別姓も選べる社会へ！訴訟,甲A004_二宮先生意見書（平成23年12月5日）,- れる憲法上の基本権である」ことから(山本敬三・判例批評・別冊ジュリスト 『民法判例百選】〔第6版〕』(有斐閣、2009) 11 頁)、750 条は憲法 13 条に違 反する。さらには、人格権が個人の尊厳と直結することから
書籍,,民法学と比較法学の諸相Ⅲ,(信山社・1998),1,1,I0000132,「わたしの体は母体じゃない」訴訟,甲175：小西意見書,一考察」山畠正男先生・五十嵐清先生・藪重夫先生古稀記念論文集 刊行発起人(編) 『民法学と比較法学の諸相Ⅲ』(信山社・1998) 294頁以下。ただし同309頁注62は、ジャン・カルボニエのいう「非 法」と、ここでいう「法の外の
書籍,田山輝明ほか編,民法学の新たな展開,(成文堂、1993年),1,1,I0000031,結婚の自由をすべての人に訴訟（同性婚訴訟）,【札幌】上告受理申立て理由書,れる。熊 谷芝青「フランス民法における『無効』と『不成立』の関係」田山輝明ほか編『民法学の 新たな展開』(成文堂、1993年)65頁以下は、ボワソナードが当然の前提としてい た「不成立」の概念が19世紀フランスにおいて婚姻に
書籍,田井義信編,民法学の現在と近未来,(法律文化 社、2012年),1,1,I0000031,結婚の自由をすべての人に訴訟（同性婚訴訟）,【札幌】上告受理申立て理由書,)』(甲A16)179頁参照。 9 鈴木伸智「同性婚と婚姻・婚姻意思」田井義信編『民法学の現在と近未来』(法律文化 社、2012年)269頁参照。 10 中川善之助『新訂親族法』(青林書院新社、1965年)160~161頁、
書籍,熊野敏三,民法草案人事編理由書上巻,(1888年頃),1,1,I0000031,結婚の自由をすべての人に訴訟（同性婚訴訟）,【札幌】上告受理申立て理由書,ける同性愛者をめぐる家族法上の諸問題」(甲A225)24 6頁。 17 熊野敏三『民法草案人事編理由書上巻』(1888年頃)(甲A183)74丁表裏参照。 18 梅謙次郎『民法要義巻ノ四』(和仏法律学校・明法堂、1899年)(甲
書籍,梅謙次郎,民法要義卷之四親族編,"(有斐閣書房,1899)",1,1,I0000031,結婚の自由をすべての人に訴訟（同性婚訴訟）,【東京二次・第４回】原告ら第２準備書面（婚姻の目的論）,"は言はずして明かなり。故に我民法に於ては之が規定を設けず」(甲A175 梅謙次郎『民法要義卷之四親族編』(有斐閣書房,1899)118頁)と記している。 - ② 法典調査会委員だった奥田義人も,「婚姻は男女の自由の意思に基く"
書籍,奥田義人,民法親族法論全,(有斐閣 書房、1898),1,1,I0000131,夫婦別姓も選べる社会へ！訴訟,甲A004_二宮先生意見書（平成23年12月5日）,たのである(井戸田・前掲書95頁)。 民法施行から4ヶ月後に刊行された、奥田義人『民法親族法論全』(有斐閣 書房、1898)では、「氏八家ニ属スル名称ニシテ、以テ他ノ家ト区別スル所以ナ リ。我邦往古ノ旧慣ニ於テハ、人ノ
書籍,岡村司,民法親族編(明治三十一年)完,"(京都法政大學講義録,1898〔明治31〕年)",1,1,I0000031,結婚の自由をすべての人に訴訟（同性婚訴訟）,【東京二次・第４回】原告ら第２準備書面（婚姻の目的論）,"し,やはり、生殖に言及しないのと共通する。) ③ 岡村司『民法親族編(明治三十一年)完』 (京都法政大學講義録,1898〔明治31〕年) (甲A154・280頁) (婚姻の目的について)当事者からみれば「"
書籍,窪徳忠編,沖縄の外来宗教,一九七八、弘文堂、一五九頁,1,1,I0000076,「琉球人のご先祖の遺骨返還を」訴訟【アーカイブ】,甲36,- (45) 植松、前掲書八七頁 - (46) 藤井正雄「先祖供養」(窪徳忠編『沖縄の外来宗教』一九七八、弘文堂、一五九頁) - (47) J・クライナー「奄美を中心とした南島の神観念と世界観」(『沖縄文化の古層を考
書籍,比嘉政夫,沖縄の門中と村落祭祀,(一九八三、三一書房),1,1,I0000076,「琉球人のご先祖の遺骨返還を」訴訟【アーカイブ】,甲36,縄文化の古層を考える』一九八六、法政大学出版局、四三頁) - (48) 比嘉政夫『沖縄の門中と村落祭祀』(一九八三、三一書房)一四三~一四四頁 - (49) 比嘉、前掲書(一九八二) 一九~二〇頁 - (50) 比嘉、前掲書
書籍,名嘉真宜勝・恵原義盛,沖縄・奄美の葬送・墓制,(一九七九、明玄書房),1,1,I0000076,「琉球人のご先祖の遺骨返還を」訴訟【アーカイブ】,甲36,クラブ『マブイの遊離と収納』一九八四、一三一頁 - (5) 名嘉真宜勝・恵原義盛『沖縄・奄美の葬送・墓制』(一九七九、明玄書房)一七五頁 - (6) 名嘉真・恵原、前掲書一七四頁 - (7) 名嘉真・恵原、前掲書一二三頁 -
書籍,,沖縄文化の古層を考える,一九八六、法政大学出版局、四三頁,1,1,I0000076,「琉球人のご先祖の遺骨返還を」訴訟【アーカイブ】,甲36,五九頁) - (47) J・クライナー「奄美を中心とした南島の神観念と世界観」(『沖縄文化の古層を考える』一九八六、法政大学出版局、四三頁) - (48) 比嘉政夫『沖縄の門中と村落祭祀』(一九八三、三一書房)一四三~一四四頁
書籍,,沖縄文学全集第20巻,国書刊行会、1991年、115-144頁,1,1,I0000076,「琉球人のご先祖の遺骨返還を」訴訟【アーカイブ】,甲35,頁。 16 たとえば、芸能と宗教的要素との関係に関しては、大城学「長者の大主考」『沖縄文学全集第20巻』、国書刊行会、1991年、115-144頁を参照。また、文学における宗教性は第五章と第六章で詳しく論じる。 17 See
書籍,,沖縄県国頭郡志,(1919年),1,1,I0000076,「琉球人のご先祖の遺骨返還を」訴訟【アーカイブ】,甲15,按司 墓」や「ノロ墓」と呼ばれる墓群がある。三宅を今帰仁に案内した島袋源一郎は 『沖縄県国頭郡志』(1919年)を書いており、そこでこの渡久地の「按司御墓」を 紹介している。したがって、島袋は渡久地に行けば墓群があるこ
書籍,天田悠,治療行為と刑法,(成文堂、2018),1,1,I0000132,「わたしの体は母体じゃない」訴訟,甲143：小川意見書,益が主観的なものであって必ずしも広く共有されうるものではないとし 46 天田悠『治療行為と刑法』(成文堂、2018)397頁。 47 参照、川添裕子『美容整形と〈普通のわたし〉』(青弓社、2013)。 48 参照、谷
書籍,,法と民主主義,554号43~47頁,1,1,I0000146,「学術会議の独立性」を市民で守ろう ～会員任命拒否理由の情報公開訴訟～,甲A46 裁決書,"労働組合,その他の市民団体等々が,任命拒否に対する抗議声明を発出 L(資料25.『法と民主主義』554号43~47頁参照)、2020年秋の 臨時国会でも連日,任命拒否問題を巡る追及が重ねられ,また短期間の うちに1,"
書籍,,法と社会規範,(2002),1,1,I0000123,県知事の公務での護国神社参拝取りやめをー政教分離原則の違反を問うー,甲42 小泉良幸「信教の自由と政教分離」,合によって、より多くの成果をもたらすだろう。参照、E・ポズナー(太 田勝造監訳)『法と社会規範」 (2002)。人権説の理解にとって、浦部法穂「政教分離規定の 性格」高柳信一先生古稀記念論集 「現代憲法の諸相」 (1
書籍,松浦編,法の臨界I法的思考の再定位,(東大出版会、一九九九),1,1,I0000046,在外選挙権確認訴訟【アーカイブケース】,甲２０：戸波江二「最高裁判所の憲法判例と違憲審査の活性化」,論を分析した論稿として、服部高宏「法と政治の力学と憲法裁判」井上=嶋津 =松浦編『法の臨界I法的思考の再定位』(東大出版会、一九九九)一○三頁以下がある。さらに、ドイツ憲法判例研究 会編『ドイツの最新憲法判例』(信山社、近刊)の栗
書籍,,法哲学(第2版),(ミネルヴァ書房・2006),1,1,I0000132,「わたしの体は母体じゃない」訴訟,甲175：小西意見書,前掲注13、98 頁。 39 アルトゥール・カウフマン (著) 上田健二(訳) 『法哲学(第2版)』(ミネルヴァ書房・2006)290頁。 40 カウフマン、同上、293頁。 41 カウフマン、同上、295頁。 42 カ
書籍,,法女性学,日本評論社 田上穣治他編,1,1,I0000123,県知事の公務での護国神社参拝取りやめをー政教分離原則の違反を問うー,甲44 佐々木弘通「思想良心の自由と信教の自由」,植野妙実子『憲法の基本』学陽書房、二〇〇〇年一〇九頁以下。 金城清子 1991『法女性学』日本評論社 田上穣治他編 1968『体系憲法事典』青林書院新社 # 第7章 思想良心の自由と信教の自由 ## 思想良
書籍,,法学新報,59巻12号〔1952年〕104頁,1,1,I0000090,司法の独立を脅かす岡口裁判官の罷免訴追に反対します！【アーカイブ】,意見書（山元一）,をつなぐ所以でもある。」、とする見解がある(野間 繁「裁判官弾劾法上の諸問題」 『法学新報』59巻12号〔1952年〕104頁)。問題裁判官のその地位か らの放逐自体ではなく「裁判官の責任感」を引き合いに出してい
書籍,,法律上の争訟,」),1,1,I0000080,地方議会に横行する「少数派議員潰し」に立ち向かう訴訟【アーカイブ】,土屋訴訟・甲第40〜53号証,28) 市川・前掲論文(「町議会による議員辞職勧告決議についての国家賠償 請求と『法律上の争訟』」) 7頁。 中京法学54巻3・4号(2020年)(289)573 問題にとどまるものとして、その適否については議会の
書籍,牧野菊之助,法律教科書親族法,"(東京専門学校出版部,明治34年)",1,1,I0000031,結婚の自由をすべての人に訴訟（同性婚訴訟）,【札幌・第４回】原告ら第４準備書面　※裁判所の釈明への回答,"教育』(叢文閣,昭和11年)(甲A 190)163~164頁。 37 牧野菊之助『法律教科書親族法』(東京専門学校出版部,明治34年)(甲A191)5 9頁。 38 牧野菊之助『日本親族法論』(法政大学,明治41年)(甲"
書籍,高橋滋,法曹実務のための行政法入門,(判例時報 社、2021年),1,1,I0000095,『宮本から君へ』助成金不交付決定取消訴訟【アーカイブ】,控訴答弁書_211015,飯島淳子=湊二郎『行政法〔第2版〕』(有 斐閣、2020年)60頁、(i)高橋滋『法曹実務のための行政法入門』(判例時報 社、2021年)223~225頁、(k)橋本博之・前掲『現代行政法』65~6 6頁、(j)亘理格『現代行政
書籍,東京大学労働法研究会,注解労働時間法,(有斐閣、1990年),1,1,I0000070,「人間を育てる教員に、人間らしい働き方を」訴訟【アーカイブ】,第10回裁判資料_鑑定意見書（高橋哲先生）実印差し替え,判例百選〔第 3版〕』有斐閣、1992年、205頁。 34 東京大学労働法研究会『注解労働時間法』(有斐閣、1990年)81-82;片岡曻・萬井隆令 『労働時間法論』(法律文化社、122頁)1990年;長谷川珠子「労働
書籍,金子一編,注解日本国憲法下巻(1),758頁,1,1,I0000117,立候補年齢引き下げ訴訟,控訴理由書,権国家体制の下で「絶対的に平等な参政権」の実現を図る点にある(甲B40・金子一編『注解日本国憲法下巻(1)』758頁参照)。このような制定経緯および被選挙権保障の趣旨に照らして、憲法44条但書は、「列挙事由に限らず…被選挙権につ
書籍,,注解法律学全集2憲法Ⅱ〔第21条~第40条〕,(甲A184),1,1,I0000031,結婚の自由をすべての人に訴訟（同性婚訴訟）,【大阪・第５回】原告ら第４準備書面,『新・コンメンタール憲法(第2版)』(甲A188)301頁。 26 樋口陽一ほか『注解法律学全集2憲法Ⅱ〔第21条~第40条〕』(甲A184) 132 頁(中村睦男執筆部分) する態度をとるところまではいっていない。この点で、ワイマール憲法 及び
書籍,,注解法律学全集憲法IV,"[浦部法穂執筆担当〕(青林書院,2004年)",1,1,I0000090,司法の独立を脅かす岡口裁判官の罷免訴追に反対します！【アーカイブ】,意見書（山元一）,"る抗告事件」について裁判権を有する (同条同項2号)。 20 参照、樋口陽一ほか『注解法律学全集 憲法IV』[浦部法穂執筆担当〕(青林書院,2004年)53頁。 なお、弾劾裁判と懲戒のための分限裁判は、それぞれ独立した相異なる判"
書籍,,注解特別刑法第7巻風俗・軽犯罪編,(青林書院、1982年),1,1,I0000064,「セックスワークにも給付金を」訴訟 【アーカイブ】,第5準備書面（岩切大地教授の意見書について） ,察規制立法である以上(高木俊夫・金築誠志「II風俗営業等取締法」平野龍一 ほか編『注解特別刑法第7巻風俗・軽犯罪編』(青林書院、1982年)15頁)、風営 法という文脈における「善良の風俗」は、警察法2条における警察の責務の範囲内 であ
書籍,蔭山信,注解風営法Ⅰ,(東京法令出版、2008年),1,1,I0000064,「セックスワークにも給付金を」訴訟 【アーカイブ】,甲102：意見書（岩切大地教授）,会議録13号19頁(平成10年4月28日) 〔泉幸信政府委員〕。 6なお、蔭山信『注解風営法Ⅰ』(東京法令出版、2008年)29頁は、昭和59年答弁が用いる「性を売り 物にする」という用語法それ自体に道徳的な非難が含
書籍,西田典之ほか編,注釈刑法第2各論(1),(有斐閣 2016年),1,1,I0000083,ベトナム人技能実習生リンさんの死体遺棄罪刑事事件【アーカイブ】,上告趣意書,俗に反する程度が強いものか、という観点から判断されるべ きである(西田典之ほか編『注釈刑法第2各論(1)』(有斐閣 2016年)876頁[船矢貴 之])。 32 山口厚『刑法各論(第二版)』524頁は、遺棄とは、死体等を移動さ
書籍,東京大学労働法研究会,注釈労働時間法,(有斐閣、1990年),1,1,I0000070,「人間を育てる教員に、人間らしい働き方を」訴訟【アーカイブ】,第10回裁判資料_鑑定意見書（高橋哲先生）実印差し替え,説明する。つまり、「労基法上の労働時間」とは明示、黙 9 東京大学労働法研究会『注釈労働時間法』(有斐閣、1990年)97頁。 10 中内哲「労働時間の意義・算定」土田道夫・山川隆一編『労働法の争点』(有斐閣、201
書籍,長谷部恭男編,注釈日本国憲法(2)10条-24条,(有斐閣、 2017年),1,1,I0000117,立候補年齢引き下げ訴訟,証拠説明書6（甲B72~甲B75）,甲B74 長谷部恭男編『注釈 日本国憲法(2)10条 -24条』(有斐閣、 2017年)[宍戸常 寿]51~55頁 写 し 2017年1月 30日
書籍,部恭男編,注釈日本国憲法(3)一国民の権利及び義務(2)・国会§§25~64,(有斐閣、2020年),1,1,I0000116,「会計年度任用職員にも労働基本権を！」訴訟,書証（甲２６）_意見書 ※期日において甲２７と訂正,日本国憲法上巻』(青林書院新社、1984年)636頁〔中村睦男〕、長谷 部恭男編『注釈日本国憲法(3)一国民の権利及び義務 (2)・国会 §§25~64』(有斐閣、2020年)69頁[駒村圭 吾]、佐藤幸治『日本国憲法論[第2版]』(成文堂、2020年)414頁、毛利透ほか
書籍,長谷部恭男編,注釈日本国憲法(3)国民の権利及び義務(2)・国会,(有斐閣、2020年),1,1,I0000070,「人間を育てる教員に、人間らしい働き方を」訴訟【アーカイブ】,堀口悟郎先生意見書,14号(1971年4月23日)5-6頁。 30 駒村圭吾「第27条」長谷部恭男編『注釈日本国憲法(3) 国民の権利及び義務 (2)・国会』(有斐閣、2020年)58頁。 この憲法27条2項を受けて「労働者保護法の基本法」というべき労基法が制定されている31
書籍,,注釈日本国憲法(上)(下),(共著),1,1,I0000123,県知事の公務での護国神社参拝取りやめをー政教分離原則の違反を問うー,甲43 浦部法穂『憲法学教室　全訂第２版』,"名古屋大学大学院法学研究科教授 主著『違憲審査の基準』(勁草書房,1985年) 『注釈日本国憲法(上)(下)』(共著)(青林書院,1984,1988年) 『ゼミナール憲法裁判』(共著) (日本評論社,1986年) 『憲法の解釈I・"
書籍,,注釈日本国憲法上巻,(青林書院新社、1984年),1,1,I0000116,「会計年度任用職員にも労働基本権を！」訴訟,書証（甲２６）_意見書 ※期日において甲２７と訂正,『憲法Ⅲ 人権(2)』(有斐閣、1981 年)466頁〔中村睦男〕、樋口陽一ほか『注釈 日本国憲法上巻』(青林書院新社、1984年)636頁〔中村睦男〕、長谷 部恭男編『注釈日本国憲法(3)一国民の権利及び義務 (2)・国会
書籍,,注釈日本国憲法（２）,４９６頁,1,1,I0000031,結婚の自由をすべての人に訴訟（同性婚訴訟）,【東京・一次】上告理由書,Ⅱ 人権総論』３９３頁、甲Ａ１９・『註解日本國憲法上巻』４７０頁、甲 Ａ１５６・『注釈日本国憲法（２）』４９６頁４行目〔川岸令和〕）。 ## ３ 法律上同性のカップルにも婚姻の自由の保障が及ぶこと ### （１）憲法２４条１
書籍,青山道夫編,注釈民法(20),甲Ａ４８・４ ６頁,1,1,I0000159,日本でもマリアージュしたいねん～海外で成立した同性婚の受理を求める裁判～,c231009家事審判申立書（民法の全条文が同性婚と両立すること等）,（昭和２２年法律第２２２号）が制定され、 翌２３年に施行されたところ（青山道夫編『注釈民法(20)』、甲Ａ４８・４ ６頁〔熊谷開作〕）、この民法改正に当たって、同性同士の婚姻について検 討された形跡は見当たらない。 (3
書籍,,注釈民法(23),甲A18・20頁,1,1,I0000159,日本でもマリアージュしたいねん～海外で成立した同性婚の受理を求める裁判～,c241207補充書面７（R6民法改正、GID法違憲最決、GID認知訴訟最判に伴う補充等）,合を定め たにすぎない」として、解釈によって、適用を排除されてきた(前掲於保 編『注釈民法(23)』甲A18・20頁)。 b 前記に見た「連れ子養子の共同親権」の規律は、配偶者が同性である場 合にも同じく当てはまる。 な
書籍,南博方=高橋滋編,注釈行政手続法,510頁,1,1,I0000060,ジャーナリストに渡航の自由を！訴訟【アーカイブ】,原告第６準備書面,橋滋『行政手続法』434-435頁 (ぎょうせい、1996)、 南博方=高橋滋編『注釈行政手続法』510頁〔井口実〕(第一法規、2000)、高木光ほか編 『条解行政手続法(第2版)』169頁(弘文堂、2017) [須田
書籍,柳田国男,海上の道,(一九六七、筑摩書房),1,1,I0000076,「琉球人のご先祖の遺骨返還を」訴訟【アーカイブ】,甲36,」(『柳田国男研究』七、一九七四、白鯨社、四二~五四頁) - (25) 柳田国男『海上の道』(一九六七、筑摩書房)一六二頁 - (26) 嘉手納宗徳編訳『遺老説伝』(一九七八、角川書店)一〇八頁 - (27) 柳
書籍,,災害対策基本法,421、422頁,1,1,I0000061,野村ダム緊急放流による水害訴訟,原告　準備書面２１｜2024年5月24日,いこと等井が指摘され、令和3年法律 第30号の改正により、避難勧告が廃止された(『災害対策基本法』421、422頁)。 7 限を有するものであるが、この権限は、災害時において当該市町村内の情報が集 中し、その状況を
書籍,関谷直也著,災害情報東日本大震災からの教訓,(東京大学出版会、202 1年9月),1,1,I0000061,野村ダム緊急放流による水害訴訟,西予市　準備書面（１２）2024年11月22日,行動、心理的問題(正常性バイアスを含む)により、大きな阻害を受ける (関谷直也著『災害情報 東日本大震災からの教訓』(東京大学出版会、202 1年9月)。災害情報を届けるため、適切な避難文言を選択することはその通り であるが、基本的には
書籍,大橋洋一編,災害法,269頁,1,1,I0000061,野村ダム緊急放流による水害訴訟,西予市　準備書面（１１）2024年2月28日,る見解がある。また、同様に、情報提供 ないし単なる呼びかけにとどまる(大橋洋一編『災害法』269頁、有斐閣) とする見解がある。裁判例も、兵庫県佐用町豪雨水害訴訟判決(神戸地方裁 判所姫路支部平成25年4月24
書籍,洋介著,災害行政法,125頁,1,1,I0000061,野村ダム緊急放流による水害訴訟,西予市　準備書面（１７）最終　2025年12月17日,わず、 法的強制力を伴わないものであり、性格としても行政指導である(村中 洋介著『災害行政法』125頁、信山社)と解する見解がある。また、同 様に、情報提供ないし単なる呼びかけにとどまる(大橋洋一編『災害法』 26
書籍,,無意識のバイアス,(山岡希美訳、2021 年、明石書店),1,1,I0000085,「人種差別を許さない」訴訟　～警察官による母子の不当聴取と個人情報の漏洩～,甲３１　意見書（大阪公立大学大学院准教授明戸隆浩）,の言動はま ったくそうしたものではなかった。 11 ジェニファー・エバーハート『無意識のバイアス』(山岡希美訳、2021 年、明石書店)、13ページ。 11 そしてそれは、一般的な意味で自らのもつ人種的バイアスに意識
書籍,,特定の社会的集団の構成員であること,」 (2002年5月),1,1,I0000178,私として生きる権利を求めて。アイコさん難民不認定取消訴訟,甲C4-6,する条約第1条A(2)および/または1967年難民の地位に関する 議定書における『特定の社会的集団の構成員であること』」 (2002年5月)およびUNHCR 「国際的保護に関するガイドライン第6号: 難民の地位に関する1951年条約第1条
書籍,,特集・在外投票制度,外国の立法33巻3号(1995年),1,1,I0000046,在外選挙権確認訴訟【アーカイブケース】,甲２１：「在外日本人の選挙権行使と立法の不作為」と題する意見書,に伴う問題点並びに諸外国の制度についても、同書を参 照。諸外国の制度については、『特集・在外投票制度』外国の立法33巻3号(1995年)も参 照。 (12)1996年時点で憲法違反の状態が確認できるとしても、それ以前はどう
書籍,佐々木雅寿,現代における違憲審査権の性格,(有斐閣、一九九五),1,1,I0000046,在外選挙権確認訴訟【アーカイブケース】,甲２０：戸波江二「最高裁判所の憲法判例と違憲審査の活性化」,付随的審査制の下での運用 の可能性について肯定的に分析する論稿として、佐々木雅寿『現代における違憲審査権の性格』(有斐閣、一九九五)、 とくに一七七頁以下参照。 (20) たとえば、読売憲法改正試案に対して、水島ほか「読売憲法改正試
書籍,熊本悦明編,現代の性(からだの科学【臨時増刊),),1,1,I0000031,結婚の自由をすべての人に訴訟（同性婚訴訟）,【東京・第５回】証拠説明書１０（甲Ａ243から351-4）,甲A34 1 小林司「文化論的に 「みた性のあり方」 (熊本悦明編『現代 の性(からだの科学 【臨時増刊)』) 写 1981(昭和56) 年10月30日 小林司 同性愛を非病理化した欧米の医学的知見が1 980年代頃から
書籍,,現代ビジネス,(2017年3月11日、講談社),1,1,I0000146,「学術会議の独立性」を市民で守ろう ～会員任命拒否理由の情報公開訴訟～,準備書面１２（文書の不存在等に対して存在が認められた判例及び事例について）｜2026年6月9日,の日報を引きずり出した情報公開請求の『威力』全ては一つの疑問から始ま った」『現代ビジネス』(2017年3月11日、講談社)(甲A99)等) ## 2 イラク派遣日報問題 ### (1) 事案の概要 平成16(
書籍,,現代人権論,176頁,1,1,I0000104,公安警察による市民運動の監視を許さない。市民の「もの言う」自由を守るための訴訟【アーカイブ】,【第１回】控訴理由書,より特定化すること」を求めたことや(芦部信喜「現代に おける言論・出版の自由」同『現代人権論』176頁)、毛利透が「萎縮の結果と して不利益を被るのは、国家全体なのであ」り(毛利透「表現の自由と民主性-萎 縮効果論
書籍,矢島基美,現代人権論の起点,169頁,1,1,I0000123,県知事の公務での護国神社参拝取りやめをー政教分離原則の違反を問うー,甲39 安西文雄「国家と宗教」,ジュリ 1399号56頁以下、62 頁(2010)参照。 (29) 矢島基美 『現代人権論の起点』 169頁 (2015)は、目的効果基準が「活かさ れるとすれば、それはどのような領域なのかについて吟味し直しつつ、政教
書籍,村井敏邦,現代刑事訴訟法〔第2版〕,(三省堂、1998年),1,1,I0000130,日本の「黙秘権」を問う訴訟 〜56時間にわたる侮辱的な取調べは違法〜 ,甲４号証（安部祥太氏意見書）,るほかな いのであれば、端的に同規定は憲法違反であるということになる(村井敏邦 『現代刑事訴訟法〔第2版〕』(三省堂、1998年)143頁〔高田昭正執 筆〕など。その意味で、同規定を違憲であると断じずに、「出頭拒否・退去を 認め
書籍,佐藤幸治,現代国家と司法権,甲A405・257頁,1,1,I0000159,日本でもマリアージュしたいねん～海外で成立した同性婚の受理を求める裁判～,c260821補充書面16（仙台家裁の令和8年7月10日審判の誤り）,法が国民に保障する権利・自由」を「実行有らしめる効果的な救済の方法」 (佐藤幸治『現代国家と司法権』甲A405・257頁)としては、婚姻とい う効果を与えるためには、上記婚姻届の受理を命じる以外にない。 ### (7)仙
書籍,,現代家族法〔第4版〕,(青林書院、2001),1,1,I0000031,結婚の自由をすべての人に訴訟（同性婚訴訟）,二宮周平先生 追加意見書,生殖的機能、教育 的機能)を参照して、核家族の機能の意義と相互関連を整理した (『現代家族法〔第4版〕』(青林書院、2001)5頁)。それによる と、核家族の機能は、家族の構成員に対しては、性愛の充足、生殖 哺育、共同的生活
書籍,,現代家族法の展「開,"(一粒社,1990)",1,1,I0000031,結婚の自由をすべての人に訴訟（同性婚訴訟）,【大阪・第５回】証拠説明書５（甲A227から307）,"12頁】 甲A 239- 31 「久貴忠彦「結婚と健康診断 書」同『現代家族法の展 「開』(一粒社,1990)83頁 写し 1990年 (平成 2年) 久貴忠彦 1942年12月16日のフランス法"
書籍,平・渡辺惺之編,現代家族法講座第5巻国際化と家族,(日本評論社、2021年),1,1,I0000159,日本でもマリアージュしたいねん～海外で成立した同性婚の受理を求める裁判～,c241218二宮周平先生（民法）意見書（甲C1）,林貴美「同性婚・登録パートナーシップをめぐる国際私法問題」二宮周 平・渡辺惺之編『現代家族法講座第5巻 国際化と家族』(日本評論社、2021年)137 頁)もある。 - 1 - ①~④等により婚姻の届出不受理処分に対する不服申立てに理
書籍,,現代精神医学大系8人格異常、性的異常,中山書店:184,1,1,I0000031,結婚の自由をすべての人に訴訟（同性婚訴訟）,風間孝先生 赤枝香奈子先生 意見書　「同性カップルの権利と異性愛規範」,を否定する経緯については、河口意見書 を参照のこと。 30 懸田克躬編、1981『現代精神医学大系8 人格異常、性的異常』中山書店:184。 46 (3)まとめ 1990 年代、同性愛者による異議申立は、東京都と精神医学会に向けられた。この
書籍,橋本博之,現代行政法,65~6 6頁,1,1,I0000095,『宮本から君へ』助成金不交付決定取消訴訟【アーカイブ】,控訴答弁書_211015,の行政法入門』(判例時報 社、2021年)223~225頁、(k)橋本博之・前掲『現代行政法』65~6 6頁、(j)亘理格『現代行政法入門〔第4版〕』(有斐閣、2019年)90~1 91頁〔亘理格〕、(1)北村和
書籍,亘理格,現代行政法入門〔第4版〕,(有斐閣、2019年),1,1,I0000095,『宮本から君へ』助成金不交付決定取消訴訟【アーカイブ】,控訴答弁書_211015,23~225頁、(k)橋本博之・前掲『現代行政法』65~6 6頁、(j)亘理格『現代行政法入門〔第4版〕』(有斐閣、2019年)90~1 91頁〔亘理格〕、(1)北村和生=佐伯彰洋=佐藤英世=高橋明男『行政法の基本 一重要判例
書籍,式部信訳,理性と道徳,(渓水 社、2019),1,1,I0000132,「わたしの体は母体じゃない」訴訟,甲143：小川意見書,"ersity of Chicago Press, 1987, p.22(式部信訳『理性と道徳』(渓水 社、2019)30頁)を指す。 63 佐藤。前揭注(12)。 64 実際には、「不可欠」かどうかを一方的に判断す"
書籍,原科幸彦,環境アセスメント,(放送大 学教育振興会・1994年),1,1,I0000121,神戸石炭訴訟｜気候変動と大気汚染を防ぐため、石炭火力発電所新設は取り消しを！【アーカイブ】,準備書面２｜2019年9月6日,浅野直人『環境影響評価の制度と法』 (信山社・1998年)98~99頁、原科幸彦『環境アセスメント』(放送大 学教育振興会・1994年)111~112頁等も参照)。 複数案の検討は、対象事業の環境負荷の回避・低減を図るた
書籍,浅野直人,環境影響評価の制度と法,(信山社・1998年),1,1,I0000121,神戸石炭訴訟｜気候変動と大気汚染を防ぐため、石炭火力発電所新設は取り消しを！【アーカイブ】,準備書面２｜2019年9月6日,されている(大塚直『環境法(第 3版)』(有斐閣・2010年)268頁。浅野直人『環境影響評価の制度と法』 (信山社・1998年)98~99頁、原科幸彦『環境アセスメント』(放送大 学教育振興会・1994年)111~112頁等
書籍,,環境施設,(公共投資ジャーナル社出版),1,1,I0000088,首里城火災の管理責任を問う住民訴訟〜責任者出てこい！〜,専門家意見書（鍵谷司）,計画センター会長代行 鍵谷司鍵 # 第1 はじめに 私は、環境工学の専門誌である『環境施設』(公共投資ジャーナル社出版) 2020年3月号から『首里城炎上』と題する論文を連載し、首里城が全焼し た令和元年10月3
書籍,北村喜宣,環境法〔第6版〕,〔弘文 堂、2023年〕329頁,1,1,I0000120,神宮外苑を守ろう訴訟｜100年の歴史と3000本超の樹木を未来へ,【訴訟１・東京都訴訟】原告準備書面（４）修正,めるものであり、その点の審査を 求める許可基準が創設されているのである(北村喜宣『環境法〔第6版〕』〔弘文 堂、2023年〕329頁)。 東京都環境影響評価条例には、このようないわゆる横断条項は無いが、同 60条は、「
書籍,訳書,生きる勇気と癒す力,(三一書房),1,1,I0000031,結婚の自由をすべての人に訴訟（同性婚訴訟）,原ミナ汰さん陳述書（原告さん以外の方の陳述書）,取り組みとしてセルフヘルプグループ活動を始めました。こ の活動の一つとして、訳書『生きる勇気と癒す力』(三一書房)がありま す。 性暴力被害に遭っても、誰にも話せなかったり、話そうとしても周りに 止められたりするせいで、世
書籍,山根純佳,産む産まないは女の権利か,(勁草書房・2004),1,1,I0000132,「わたしの体は母体じゃない」訴訟,甲175：小西意見書,訳) 『アナーキー・国家・ユートピア』(木鐸社・2000)52頁。 3 山根純佳『産む産まないは女の権利か』(勁草書房・2004)53頁以下参照。 4 大林啓吾「身体の自由」 法學研究97巻10号(2024)2頁以下参照。 殺人
書籍,加藤静枝,産児制限と婦人付サンガー夫人小伝(よみうり叢書3),"読売新聞社, 1946, p.1. (『編集復刻版性と生殖の人権問題資料集成 第8巻』不二出版,2001,p.60.)",1,1,I0000132,「わたしの体は母体じゃない」訴訟,甲19：旧優生保護法に基づく優生手術等を受けた者に対する一時金の支給等に関する法律第21条に基づく調査報告書（抜粋）,"点』桐書房, 2007, p.7. 4 『読売新聞』1946.2.10、加藤静枝『産児制限と婦人 付サンガー夫人小伝(よみうり叢書3)』読売新聞社, 1946, p.1. (『編集復刻版性と生殖の人権問題資料集成 第8巻』不二出版,2001,p.60.)、"
書籍,,田中二郎先生古稀記念・公法の理論(上),"(有斐閣,1976年)",1,1,I0000090,司法の独立を脅かす岡口裁判官の罷免訴追に反対します！【アーカイブ】,意見書（山元一）,"Ⅱ〔第7版〕』(有斐閣,2019年)391 頁。 43 桜田誉「公務員の責任」 『田中二郎先生古稀記念・公法の理論(上)』(有斐閣,1976年)550頁。 桜田は別の論文(「裁判官等弹劾罷免の法的性格」『民事研修』268号(1979年) 17"
書籍,,男の絆,筑摩書房,1,1,I0000031,結婚の自由をすべての人に訴訟（同性婚訴訟）,風間孝先生 赤枝香奈子先生 意見書　「同性カップルの権利と異性愛規範」,逍遥、1937『当世書生気質』岩波書店(初出 1885年)。 前川直哉、2011『男の絆』筑摩書房。 三橋順子、2008『女装と日本人』講談社。 森鴎外、1972「ヰタ・セクスアリス」『森鴎外全集第五巻』岩波書
書籍,前川直哉,男の絆―――明治の学生からボーイズ・ラブまで,(2011年、 筑摩書房),1,1,I0000031,結婚の自由をすべての人に訴訟（同性婚訴訟）,【東京二次・第9回】原告ら証拠説明書26,甲 A433 前川直哉『男の絆――― 明治の学生からボーイ ズ・ラブまで』(2011年、 筑摩書房) 原本 2011.5.25 前川 直 哉
書籍,井村恒郎ほか編,異常心理学講座第1部(D)性及び性格(2),19頁,1,1,I0000031,結婚の自由をすべての人に訴訟（同性婚訴訟）,渋谷秀樹先生 意見書　「憲法理論からみた同性婚の省察」,"会『心理学講座』18頁〔1953年〕,加藤正明 「性欲の質的異常」井村恒郎ほか編『異常心理学講座第1部 (D)性及び性格(2)』19頁〔1955 年〕等)。 アメリカ精神医学会(American Psychiatric Association)が1"
書籍,井村恒郎ほか編,異常心理学講座第4巻,"(みすず書房,昭和42 年)",1,1,I0000031,結婚の自由をすべての人に訴訟（同性婚訴訟）,【大阪・第４回】原告ら第３準備書面　※被告第１準備書面に対する反論等,",昭 和30年)(甲A149)28頁。 11 加藤正明「異常性欲」井村恒郎ほか編『異常心理学講座第4巻』(みすず書房,昭和42 年)(甲A150)283頁。同論文は,1969年(昭和44年)のブルーボーイ事件判 決においても"
書籍,井村恒郎ほか編,異常心理学講座第四巻,"(みすず書房,昭和42 年)",1,1,I0000031,結婚の自由をすべての人に訴訟（同性婚訴訟）,【札幌・第４回】原告ら第４準備書面　※裁判所の釈明への回答,"和30年)(甲A203)19~28頁。 57 加藤正明「異常性欲」井村恒郎ほか編『異常心理学講座第四巻』(みすず書房,昭和42 年)(甲A204)274~287頁。同論文は,1969年(昭和44年)のブルーボー イ事件判決に"
書籍,医療情報科学研究所編,病気がみえるvol10産科(第4版),228頁,1,1,I0000083,ベトナム人技能実習生リンさんの死体遺棄罪刑事事件【アーカイブ】,上告趣意書,る。経膣分娩の場合、母体の出血量は単胎で800ml、 2 医療情報科学研究所編『病気がみえるvol10 産科(第4版)』228頁。 6 多胎で1500mlにもおよぶ3。 産後の母体はゆっくりと時間をかけて元の状態に戻る。産褥期と呼ばれ
書籍,,癩予防に関する意見,(1912年),1,1,I0000132,「わたしの体は母体じゃない」訴訟,甲147：『ハンセン病問題に関する検証会議　最終報告書』抜粋,務所、1934年)。 ## 三 療養所の経費節約 こうした意見に対して、光田は『癩予防に関する意見』(1912年)で、次のように反対した。女 性だけの療養所では男性特有の職業(大工、左官、土方など)に関して院外の健康者を
書籍,穂積重遠,相続法,"(岩波書店,昭和8年)",1,1,I0000031,結婚の自由をすべての人に訴訟（同性婚訴訟）,【札幌・第４回】原告ら第４準備書面　※裁判所の釈明への回答,"積重遠『相続法大意』(岩波書店,大正6年)(甲A196)61頁。 43 穂積重遠『相続法』(岩波書店,昭和8年)(甲A197)224~225頁。教会法(カ ノン法)上の婚姻に関し,大島梨沙「『法律上の婚姻』とは"
書籍,,知る権利,"(岩波書店,1982年)",1,1,I0000146,「学術会議の独立性」を市民で守ろう ～会員任命拒否理由の情報公開訴訟～,甲B26 答申書,"法上 は抽象的な権利にとどまる、と説かれるのが一般的である。 しかし、奥平康弘が『知る権利』(岩波書店,1982年)の 出版から36年後の遺作・沖縄密約情報公開訴訟控訴審「陳述 書」において確認し、「憲法というそ"
書籍,片山義博,知事の真贋,(文春新書、2020年11月),1,1,I0000071,コロナ禍、日本社会の理不尽を問う（コロナ特措法違憲訴訟）【アーカイブ】,甲第６０号証の２：阿部泰隆先生　添付資料,/toyokeizai.net/articles/-/429131 9 片山義博『知事の真贋』(文春新書、2020年11月)62頁-78頁 10 朝日新聞デジタル『休業要請応じないパチンコ店、東京都も店名公表へ』(
書籍,,社会保障判例百選・第4版,),1,1,I0000080,地方議会に横行する「少数派議員潰し」に立ち向かう訴訟【アーカイブ】,土屋訴訟・甲第40〜53号証,きない。 当該判決について、詳しくは、大田直史「保険医に対する戒告の処分性」 (『社会保障判例百選・第4版』)44頁~45頁、及びそこに掲げられている 文献を参照。 568(284) 「地方議会による議員懲罰とその司法審査に関
書籍,,社会保障法,402頁,1,1,I0000129,「共働き妻を亡くした夫にも遺族年金を」訴訟,甲11　東京大学　笠木映里先生　意見書（社会保障法）,督署「遺族(補償)等給付 葬祭料等(葬祭給 付)の請求手続」。 2 笠木映里ほか『社会保障法』402頁(渡邊絹子執筆箇所)、衣笠葉子「ジェンダーと社会保 障」日本社会保障法学会『講座・現代社会保障法学の論点 〔下〕
書籍,,社会保障法第8版,有斐閣(2023),1,1,I0000129,「共働き妻を亡くした夫にも遺族年金を」訴訟,甲11　東京大学　笠木映里先生　意見書（社会保障法）,ュリスト22号(2017)187頁。加藤智章・菊池馨実・倉田 聡・前田雅子(著)『社会保障法 第8版』有斐閣(2023) 237頁も、生活水準が著しく高い などの例外的な場合を除き、当該遺族が死亡労働者の収入により消費生活
書籍,菊谷和宏訳,社会学的方法の規準,講談社,1,1,I0000031,結婚の自由をすべての人に訴訟（同性婚訴訟）,風間孝先生 赤枝香奈子先生 意見書　「同性カップルの権利と異性愛規範」,"hode Sociologique, F. Alcan(=2018、菊谷和宏訳 『社会学的方法の規準』講談社。) Ewald, François 1990 “Norms, Discipline, and the Law”,"
書籍,,社会法のなかの自律と連帯,(2022),1,1,I0000070,「人間を育てる教員に、人間らしい働き方を」訴訟【アーカイブ】,毛塚勝利先生_意見書,告書121頁以下、浅野高宏「労働時間管理義務の現在と今後の課題」道幸哲也 ほか編『社会法のなかの自律と連帯』 (2022)285頁以下等参照。 9 労働契約上の使用者の付随義務として労働時間把握義務を負うがゆえに、未払賃金請求の
書籍,,社会科学の理論とモデル7:法律,東京大学出版会. 太田勝造(2015),1,1,I0000117,立候補年齢引き下げ訴訟,甲B76：齋藤宙治「被選挙権年齢引下げに関する人々の意識ーサーベイ実験による法定立候補年齢の研究ー」,5賛成 6強く賛成 **引用文献** [日本語文献] 太田勝造(2000) 『社会科学の理論とモデル7: 法律』東京大学出版会. 太田勝造(2015) 「法を創る力としての国民的基盤:震災報道と原子力賠償を例として」大村敦志編『岩波
書籍,,社会科学論集,162号〔2020年〕2頁,1,1,I0000090,司法の独立を脅かす岡口裁判官の罷免訴追に反対します！【アーカイブ】,意見書（山元一）,"よる表現解釈と表現の自由―いわゆる『9条俳句訴訟」 と『岡口判事事件』を巡って」『社会科学論集』162号〔2020年〕2頁以下,柳眞弘(根森健〔追補〕 「ビ ラによる批判的発言の使用差止めを命じる判決に対する憲法異議"
書籍,福原義柄は大著,社会衛生学,(1914年),1,1,I0000132,「わたしの体は母体じゃない」訴訟,甲147：『ハンセン病問題に関する検証会議　最終報告書』抜粋,論と衛生」、『国家医学会雑誌』第221号、 1905年)。 一方、福原義柄は大著『社会衛生学』(1914年)で、「民族衛生策ハ主トシテ其根拠ヲ遺伝研究二 置クモノデアル」としながらも、「後天形質」が遺伝しないからと
書籍,,神奈川法学,41巻1号107頁,1,1,I0000146,「学術会議の独立性」を市民で守ろう ～会員任命拒否理由の情報公開訴訟～,準備書面１２（文書の不存在等に対して存在が認められた判例及び事例について）｜2026年6月9日,7年、行政管理研究センター)、森田明「情報公開を 巡る国家賠償事件のケース検討」『神奈川法学』41巻1号107頁 (2008年、神奈川大学法学会)等 ### (2) 事案の概要 原告は、「国立大学附属病院の医療提供
書籍,中里実ほか編,租税法概説[第5版],"(有斐閣,2025年)",1,1,I0000152,保育料を経費に！訴訟,甲50：意見書（藤間大順　神奈川大学准教授）,"271 号順号 13525 で上告不受理となり確定している。 14 中里実ほか編『租税法概説[第5版]』(有斐閣,2025年)127 頁[浅妻章如執筆 部分]。 15 高橋祐介「マルサではない女」佐藤英明編著『租税法演習ノー"
書籍,渕圭吾,租税法講義,"(有斐閣,2024年)",1,1,I0000152,保育料を経費に！訴訟,甲50：意見書（藤間大順　神奈川大学准教授）,"4 号順号 12387 で上告不受理となり確定している。 10 たとえば、渕圭吾『租税法講義』(有斐閣,2024年)82~83 頁参照。 5 「ある支出が事業所得の金額の計算上必要経費として控除されるためには,当"
書籍,北野弘久著・黒川功補訂,税法学原論〈第7版〉,121-122頁,1,1,I0000096,「日本の入管収容は国際人権法違反」訴訟,甲A57　意見書（申惠丰青山学院大学教授）※日本の入管収容と国際人権法,害する場合には、そのような法規定は違憲無効となるとされる(北野弘久著・黒川功補訂『税法学原論〈第7版〉』121-122頁)。条約に国内的効力が与えられている以上、条約も国内法と同様、原則として直接適用可能であると推定されるべ
書籍,上杉慎吉編,穂積八束博士論文集,(有斐閣書房、1913年),1,1,I0000136,地域による報酬格差は違憲！裁判官の独立と良心を守る訴訟,乙１１│新・コンメンタール　憲法（第２版）,慎吉『新稿憲法述義』(有斐閣、1924年)602~606頁。 ※40 上杉慎吉編『穂積八束博士論文集」(有斐閣書房、1913年)187頁。 ※41 市村光恵『帝国憲法論』(有斐閣書房、1915年)676~681頁。 ※42
書籍,,空間の経験,山本浩訳、筑摩書房、1999年、11-12頁,1,1,I0000076,「琉球人のご先祖の遺骨返還を」訴訟【アーカイブ】,甲35,"go Press, 1969, pp.35-36. 2 ・イー・フー・トゥアン、『空間の経験』山本浩訳、筑摩書房、1999年、11-12頁。 3 イー・フー・トゥアン、同、15頁。 4 エドワード・レルフ、『場所の"
書籍,海外調査報告書,立会いをめぐる世界の潮流,(2019年),1,1,I0000155,人質司法に終止符を！訴訟,甲A149_日弁連_取調べ立会いに関する海外調査報告_韓国_イギリス_,果など詳しくは、日弁連第62回人権擁護大会シンポジウム第1分科会 海外調査報告書『立会いをめぐる世界の潮流』(2019年)142頁以下、近畿弁護士会連合会第30回人権擁護 大会シンポジウム第2分科会報告書『取調室の扉を開こう!』
書籍,和之,立憲主義と日本国憲法,第5版230頁,1,1,I0000031,結婚の自由をすべての人に訴訟（同性婚訴訟）,【東京・第１０回】原告ら最終準備書面,の自由 が同項の保障の範囲内にあることに変わりはない(参考甲A540・高橋 和之『立憲主義と日本国憲法』第5版230頁の取材の自由についての記 述)。 ## 2 婚姻の自由が憲法上の権利とされた実質的根拠 なぜ、憲法は婚姻の
書籍,高橋和之,立憲主義と日本国憲法(第4版),144頁,1,1,I0000031,結婚の自由をすべての人に訴訟（同性婚訴訟）,【東京・第１０回】原告ら最終準備書面,法律でも破れない権利・規範として憲法に規定されたのである (甲A150・高橋和之『立憲主義と日本国憲法(第4版)』144頁)。 したがって、憲法の、とりわけ人権規定の解釈においては、当該条項が 個人の尊厳の原理といかなる関係に立ち、人
書籍,,立憲主義と日本国憲法【第5版,(有斐閣),1,1,I0000031,結婚の自由をすべての人に訴訟（同性婚訴訟）,【東京・第５回】証拠説明書９（甲A212から242）,のこと。) 甲A229 『立憲主義と日本国憲法 【第5版』(有斐閣)抄本 160-161頁 388-391頁 414-415頁 写 2020年4月
書籍,高橋和之,立憲主義と日本国憲法〔第3版〕,180頁,1,1,I0000123,県知事の公務での護国神社参拝取りやめをー政教分離原則の違反を問うー,甲39 安西文雄「国家と宗教」,不介入と公平性という対立図式で語られることが多いと 思われる。たとえば高橋和之 『立憲主義と日本国憲法〔第3版〕』180頁(2013)。 本文中の分離主義は不介入と基本的に同一となろうし、非優遇主義は公平性と軌 を一にするであろう。
書籍,細に分析した阪口正二郎,立憲主義と民主主義,(2001),1,1,I0000123,県知事の公務での護国神社参拝取りやめをー政教分離原則の違反を問うー,甲42 小泉良幸「信教の自由と政教分離」,読まれたい。プリコミットメントを含め立憲主義の諸構想を詳 細に分析した阪口正二郎『立憲主義と民主主義』 (2001) にも挑戦してほしい。 □ 編者紹介 小山 剛(こやま・ごう) 1960年生まれ 1990年 慶應義塾大
書籍,,立法の実務と理論,(2005年),1,1,I0000030,「海外でも国民審査を」訴訟【アーカイブ】,意見書（駒村圭吾先生）,る「合意モデル」と「挑戦モデル」」中 村睦男=大石眞編・上田章先生喜寿記念論文集『立法の実務と理論』(2005年)がある。 本意見書は外国の文献の参照を、意見書の性質上大幅に割愛したが、海外の論調について は、この駒村論
書籍,戸松秀典,立法裁量論,(有斐閣、一九九二),1,1,I0000046,在外選挙権確認訴訟【アーカイブケース】,甲２０：戸波江二「最高裁判所の憲法判例と違憲審査の活性化」,は違憲となる余地を認 めるものでなければならない。この点について、とくに戸松秀典『立法裁量論』(有斐閣、一九九二)二五頁以下、私見 として、戸波「違憲審査権と立法裁量論」憲法理論研究会編『違憲審査制の研究』(敬文堂
書籍,二至村菁,米軍医が見た占領下京都の600日,"藤原書店, 2015, pp.103- 104. 73 『毎日新聞』(昭和62年8月18日)",1,1,I0000132,「わたしの体は母体じゃない」訴訟,甲19：旧優生保護法に基づく優生手術等を受けた者に対する一時金の支給等に関する法律第21条に基づく調査報告書（抜粋）,"井秀人編『ジ ェンダーと生政治』臨川書店,2019, pp.64-65、二至村菁『米軍医が見た占領下京都の600日』藤原書店, 2015, pp.103- 104. 73 『毎日新聞』(昭和62年8月18日) (「引揚げ港・博多を考える"
書籍,,精巣腫瘍診療ガイドライン,(乙B8、85~86頁,1,1,I0000114,受刑者にも適切な医療を！刑務所医療過誤事件,原告準備書面（３）,能性は否定できない。従って、Iaステ ージに応じた経過観察をするべきであった。 『精巣腫瘍診療ガイドライン』(乙B8、85~86頁)では、セミノ ーマIIaの導入化学療法後のフォローアップの例として、1年目は症状・ 理学的検査、
書籍,,精神病学集要前編,"が出版される中,法典調 査会及び帝国議会での審議を経た後,1898(明治31)",1,1,I0000031,結婚の自由をすべての人に訴訟（同性婚訴訟）,【大阪・第１１回】原告ら第１５準備書面（被告第５準備書面３２頁～３６頁に対する反論）,"新たに法典調査会が設けられ,穂積陳重,富井政章,梅謙次郎が 起草委員に選ばれた。『精神病学集要前編』が出版される中,法典調 査会及び帝国議会での審議を経た後,1898(明治31)年には, 8 【有償配布や Web(ホ"
書籍,小学館国語辞典編集部編,精選版日本国語大辞典,(小学館、2006),1,1,I0000132,「わたしの体は母体じゃない」訴訟,甲143：小川意見書,母親として子を産み育てる機能。」とされ ている。 71 小学館国語辞典編集部編『精選版 日本国語大辞典』(小学館、2006)。 72 松村明編『大辞林[第4版]』(三省堂、2019)。 また、同条は「不妊手術及び人工妊娠中
書籍,,純粋理性批判5,(2011年、光文社),1,1,I0000031,結婚の自由をすべての人に訴訟（同性婚訴訟）,駒村圭吾先生 意見書 憲法24条2項についての意見書,ニュエル・カン トによるものであるが、カントの所論については、カント(中山元訳)『純粋理性批判5』 (2011年、光文社)194-198頁、参照。また、規整的理念のわかりやすい説明としては、 (統制的理念の語を用いてい
書籍,藤井俊夫,経済規制と違憲審査,(成文堂、一九九六),1,1,I0000046,在外選挙権確認訴訟【アーカイブケース】,甲２０：戸波江二「最高裁判所の憲法判例と違憲審査の活性化」,制限」樋口=野中編『憲法 の基本判例(第二版〕」一二〇頁以下参照。また、藤井俊夫『経済規制と違憲審査』(成文堂、一九九六)二五頁以下が 示唆に富む。 (12) 森林法違憲判決の評価自体かなり分かれている。さしあたり、棟居快
書籍,長谷部恭男,続・Interactive憲法,130頁,1,1,I0000123,県知事の公務での護国神社参拝取りやめをー政教分離原則の違反を問うー,甲39 安西文雄「国家と宗教」,623. (12) See text at note 8. (13) 長谷部恭男『続・Interactive 憲法』130頁(2011)は、目的効果基準でい う「目的」の要件とレモン・テストの「目的」の要件とは、定式の仕方が異なる こと
書籍,子編,編集復刻版優生保護法関係資料集成第6巻,"六花出版,2020, pp.225-229.)",1,1,I0000132,「わたしの体は母体じゃない」訴訟,甲25：優生保護法から母体保護法へー平成８年改正以降,"優生保護法検討委員会「〔日本母性保護産婦人科医会に対する〕 答申」(松原洋 子編『編集復刻版 優生保護法関係資料集成 第6巻』六花出版,2020, pp.225-229.) 14 全国精神障害者家族会連合会「優性保護法の見直しについての要望書」("
書籍,,編集復刻版性と生殖の人権問題資料集成第19巻,"不二出版,2001, pp.64-264.)",1,1,I0000132,「わたしの体は母体じゃない」訴訟,甲47：国民優生法の制定過程,"生省「国民優生ニ関スル法律案ノ帝国議会 ニ於ケル審議ノ経過」(昭和15年3月)(『編集復刻版性と生殖の人権問題資料集成 第19巻』不二出版,2001, pp.64-264.)参照 第1編-12 第1章 国民優生法の制定過程 同年2月22日、衆議"
書籍,,編集復刻版性と生殖の人権問題資料集成第22巻,"不 二出版,2002, p.106.)",1,1,I0000132,「わたしの体は母体じゃない」訴訟,甲47：国民優生法の制定過程,"9. 240 青木延春「優生結婚と優生断種」龍吟社, 1941, p.410.(『編集復刻版性と生殖の人権問題資料集成 第22巻』不 二出版,2002, p.106.) 第1編-62 第1章 国民優生法の制定過程 のコンメンタールにもそのまま踏"
書籍,,編集復刻版性と生殖の人権問題資料集成第6巻,"不二出版, 2001, p.183.)",1,1,I0000132,「わたしの体は母体じゃない」訴訟,甲19：旧優生保護法に基づく優生手術等を受けた者に対する一時金の支給等に関する法律第21条に基づく調査報告書（抜粋）,"的である(付表2参照)。 111 「日本産児調節連盟宣言及規約」(昭和6年)(『編集復刻版性と生殖の人権問題資料集成 第6巻』不二出版, 2001, p.183.) 第1編-97 ついての規定が置かれている。 しかし、同法案は提案理由の説明は行"
書籍,,編集復刻版性暴力問題資料集成第1巻,"不 二出版, 2004, pp.1-20.)",1,1,I0000132,「わたしの体は母体じゃない」訴訟,甲19：旧優生保護法に基づく優生手術等を受けた者に対する一時金の支給等に関する法律第21条に基づく調査報告書（抜粋）,"こが沢山 11 内務省保安局外事課「進駐軍/不法行為」(抄) (昭和20年)(『編集復刻版 性暴力問題資料集成 第1巻』不 二出版, 2004, pp.1-20.)、警視庁史編さん委員会編『警視庁史 昭和中編(上)』警視庁史編さん委員会,"
書籍,川添裕子,美容整形と〈普通のわたし〉,(青弓社、2013),1,1,I0000132,「わたしの体は母体じゃない」訴訟,甲143：小川意見書,6 天田悠『治療行為と刑法』(成文堂、2018)397頁。 47 参照、川添裕子『美容整形と〈普通のわたし〉』(青弓社、2013)。 48 参照、谷本菜穂『美容整形というコミュニケーション』(花伝社、2018) 114-117頁。
書籍,谷本菜穂,美容整形というコミュニケーション,(花伝社、2018),1,1,I0000132,「わたしの体は母体じゃない」訴訟,甲143：小川意見書,添裕子『美容整形と〈普通のわたし〉』(青弓社、2013)。 48 参照、谷本菜穂『美容整形というコミュニケーション』(花伝社、2018) 114-117頁。 49 参照、谷本・前掲注(48)第二部。 50 吉野孝義「美容整形」判例タイム
書籍,,考古学京都学派(増補),"雄山閣出版,1997;山本芳美「解説-三宅宗悦 博士とその生涯」『台湾原住民研究』7,2",1,1,I0000076,「琉球人のご先祖の遺骨返還を」訴訟【アーカイブ】,甲15,"器時代人研究』岡書院,1928, p.49. (12) 角田文衛「三宅宗悦博士」『考古学京都学派(増補)』雄山閣出版,1997;山本芳美「解説-三宅宗悦 博士とその生涯」『台湾原住民研究』7,2003;新里貴之「奄美をフィール"
書籍,高橋哲,聖職と労働のあいだ―――「教員の働き方改革,への法理論』(岩波書店、2022年),1,1,I0000070,「人間を育てる教員に、人間らしい働き方を」訴訟【アーカイブ】,堀口悟郎先生意見書,。 3 また、一審判決後に、給特法研究の到達点を示す第一級の研究書である、高橋哲『聖職と労働のあいだ―――「教員の働き方改革」への法理論』(岩波書店、2022年)も刊行されている。 # I 給特法の本来的意義 ## 1 公立学校教員への時間外
書籍,石川健治,自由と特権の距離(増補版),日本評論社 2007年236頁,1,1,I0000031,結婚の自由をすべての人に訴訟（同性婚訴訟）,木村草太先生 意見書　※憲法 14 条１項適合性について,障することを「制度体保障」と呼ぶ。天皇制と制度体保障の関 係については、石川健治『自由と特権の距離(増補版)』 日本評論社 2007年236頁)、衆参 両院議員の区別は二院制、条例の差異は地方自治と、それぞれ憲法上の制度の意義から
書籍,松井茂記ほか編,自由の法理,(成文堂、2 015),1,1,I0000132,「わたしの体は母体じゃない」訴訟,甲143：小川意見書,に参照される丸山敦裕「憲法13条における一般的自由説とその周辺」 松井茂記ほか編『自由の法理』(成文堂、2 015)581-582頁でも指摘されている。 佐藤のほかにも例えば、高橋和之『立憲主義と日本国憲法 [第6
書籍,,臺大校友雙月刊/2012年9月號,),1,1,I0000076,「琉球人のご先祖の遺骨返還を」訴訟【アーカイブ】,甲31,から「所蔵人骨数点を借用する」と記載され (17) 蔡錫圭「體質人類學研究室」(『臺大校友雙月刊/2012年9月號」)、39頁。 (18) 同上論文、37頁。 (19) 同上論文、37~39頁。 (22) (20) 許鴻梁「琉球人頭骨/
書籍,芦田均,芦田均日記第1巻,"岩波書店,1986, p.248. 第1編-85 が社会と家庭に甚だしい負担をかけている",1,1,I0000132,「わたしの体は母体じゃない」訴訟,甲19：旧優生保護法に基づく優生手術等を受けた者に対する一時金の支給等に関する法律第21条に基づく調査報告書（抜粋）,"生行政」『日本医事新報』1175号, 1946.1.1, p.2. 80 芦田均『芦田均日記第1巻』岩波書店,1986, p.248. 第1編-85 が社会と家庭に甚だしい負担をかけていることは私たちが日常目の当たりに"
書籍,,行動の構造(上/下),(みすず書房、2014年),1,1,I0000071,コロナ禍、日本社会の理不尽を問う（コロナ特措法違憲訴訟）【アーカイブ】,甲第５２号証：「匿名の権力ー感染症と憲法」と題する論文（法律時報2020年8月号）,判例時報1748号30頁。 18) M・メルローボンティ(滝浦静雄・木田元駅】 『行動の構造(上/下)』(みすず書房、2014年)。 19) この現前 (present)の要否は、例えばオンライン国会の是非にも関わる(「『オ
書籍,,行政争訟の法理,所収・昭和29年・有斐閣),1,1,I0000080,地方議会に横行する「少数派議員潰し」に立ち向かう訴訟【アーカイブ】,土屋訴訟・甲第40〜53号証,"号) 110頁~114頁,田 中二郎「行政處分の執行停止と内閣總理大臣の異議」(『行政争訟の法理』 所収・昭和29年・有斐閣) 185頁~204頁,山田準次郎「行政処分の執行停 止に対する内閣総理大臣の異議に関する最高"
書籍,中央経済社,行政事件における要件事実と訴訟実務-実務の正当化根拠を求めて,河村浩 289頁,1,1,I0000063,クルド難民収容者暴行被害国賠訴訟【アーカイブ】,原告第８準備書面,は「国において･･･抗弁として主張立証すべきものである」とされている(中央経済社『行政事件における要件事実と訴訟実務 - 実務の正当化根拠を求めて』河村浩 289頁)。そのため、正当な職務行為であることを基礎づける原告の暴行の有無は、被告において立証責任がある。 #
書籍,,行政判例百選II[第7版],(有 斐閣、2017年),1,1,I0000095,『宮本から君へ』助成金不交付決定取消訴訟【アーカイブ】,控訴答弁書_211015,第2版、信山社、2016年) 239頁、(n)宇賀克也=交告尚史=山本隆司(編)『行政判例百選II[第7版]』(有 斐閣、2017年)362~363頁〔石塚武志〕、(o)小早川光郎=青柳馨(編 著)『論点体系 判例行政法 2』(第
書籍,,行政判例百選Ⅱ,),1,1,I0000080,地方議会に横行する「少数派議員潰し」に立ち向かう訴訟【アーカイブ】,土屋訴訟・甲第40〜53号証,"(『行政判例百選・新版』)269頁~270頁,東條武治「内閣総理大臣の異議」 (『行政判例百選Ⅱ』)414頁~415頁,古城誠「内閣総理大臣の異議」(『同 II・第3版』)430頁~431頁,鵜澤剛「内閣総理大臣の異議"
書籍,,行政判例百選Ⅱ・第2版,),1,1,I0000080,地方議会に横行する「少数派議員潰し」に立ち向かう訴訟【アーカイブ】,土屋訴訟・甲第40〜53号証,"その司法審査を積極的に行うべきものと言える。 (32) 市原昌三郎「理由付記」(『行政判例百選Ⅱ・第2版』)266頁~267頁, 大浜啓吉「理由の提示 (2) 一旅券発給拒否」(『同1・第5版』)252頁~ 253頁,折橋洋介"
書籍,,行政判例百選・新版,),1,1,I0000080,地方議会に横行する「少数派議員潰し」に立ち向かう訴訟【アーカイブ】,土屋訴訟・甲第40〜53号証,"(『憲法判例百選Ⅱ』) 298頁~299頁,緒方節郎「内閣総理大臣の異議」 (『行政判例百選・新版』)269頁~270頁,東條武治「内閣総理大臣の異議」 (『行政判例百選Ⅱ』)414頁~415頁,古城誠「内閣総理大臣の異"
書籍,,行政手続法現代行政法学全集,191頁,1,1,I0000060,ジャーナリストに渡航の自由を！訴訟【アーカイブ】,原告第４準備書面,内 容として掲げるべきである(『条解行政手続法(第2版)』165頁[須 田守]、『行政手続法 現代行政法学全集』191頁[高橋滋]、臨時行政改 革推進審議会(第3次行革審)行政手続法要綱案)。 ## 3 処分の性質上、審査基準を設置
書籍,金子芳雄=広岡隆=山本徳栄編,行政法(下),〔法学書院、1975年〕515-516頁,1,1,I0000182,デジタル時代の「知る権利」を守る。情報開示を阻む手数料を問う訴訟,【中林訴訟】甲第６号証20260612,特許 審判訴訟は抗告訴訟そのものとする学説もある(金子芳雄=広岡隆=山本徳栄編 『行政法(下)』〔法学書院、1975年〕515-516頁〔高林克巳〕)。抗告訴訟と当事者訴訟の いずれに該当するかで条文の適用関係が異な
書籍,櫻井敬子=橋本博之,行政法(第6版),(弘文堂、2020年),1,1,I0000064,「セックスワークにも給付金を」訴訟 【アーカイブ】,甲31：意見書（新井誠教授）,はずであり、契約自由の原則はそのまま妥当するもの ではない」(櫻井敬子=橋本博之『行政法(第6版)』(弘文堂、2020年)120頁) と指摘される。また、財政法学の第一人者からは、「公的資金助成にあっても同 様の事情にあ
書籍,塩野宏,行政法I(第6版補訂版),94頁,1,1,I0000146,「学術会議の独立性」を市民で守ろう ～会員任命拒否理由の情報公開訴訟～,準備書面３（本件任命拒否とその意思決定過程の重大性）｜2025年2月25日,あり、これらは行政作用一般にかかる嚮導的法理とみることができるとさ れる(塩野宏『行政法I(第6版補訂版)』94頁)。公正・透明性の原則 は、行政手続法1条1項の目的規定において、「行政運営における公正の確 保と透明性(行政上の
書籍,塩野宏,行政法I(第六版),353頁,1,1,I0000146,「学術会議の独立性」を市民で守ろう ～会員任命拒否理由の情報公開訴訟～,第１事件　訴状｜2024年2月20日,いる、情報公開は出発点からその基礎を民主主義に置い ている、とも説かれる(塩野宏『行政法I(第六版)』353頁)。行政機 関の保有する情報の公開に関する法律(行政機関情報公開法)1条は、まさ にこの情報公開の意義と目的を規
書籍,塩野宏,行政法II,[第4版] 156頁,1,1,I0000050,海は誰のもの？沖縄県への「開発認可取消」訴訟【アーカイブ】,2018年11月7日：準備書面①,受するについては、基本的には、あらゆる違 法事由を主張することができる」(塩野宏『行政法II』[第4版] 156頁) とされており、行訴法10条1項にいう「自己の法律上の利益」は柔軟に解釈 されるべきである。たとえ
書籍,塩野宏,行政法II[第六版]行政救済法,(有斐閣、2019年),1,1,I0000182,デジタル時代の「知る権利」を守る。情報開示を阻む手数料を問う訴訟,【中林訴訟】訴状20260612,為 事実行為(精神的表示行為)についての処分性の有無については、 20 塩野宏『行政法II[第六版]行政救済法』(有斐閣、2019年)(以下「塩 野行政法II」「114~115 頁は、次のとおり、説明している。 「外部に対する行動で
書籍,塩野宏,行政法II行政救済法〔第6版〕,有斐閣(2019年),1,1,I0000111,日米同性カップル在留資格訴訟  〜家族そろって日本で暮らすために〜【アーカイブ】,甲１６３興津征雄教授意見書,当該処分の取消しを求める法律上の利益(原告適格)が認められる ことにつき、塩野宏『行政法II 行政救済法〔第6版〕』有斐閣(2019年)131頁。 法性を是正することが義務づけられる。これにより、取消判決または無効確認判決は、違法 な
書籍,塩野宏,行政法I[第六版]行政法総論,有斐閣 147 頁,1,1,I0000063,クルド難民収容者暴行被害国賠訴訟【アーカイブ】,上告理由書,違反」「動機違反」という裁量権の逸脱・濫用の一類型として整理され ている(塩野宏『行政法I[第六版] 行政法総論』有斐閣 147 頁、宇賀克 也『行政法概論I 行政法総論』有斐閣 375頁、西埜章『国家賠償法コンメ ンタール 第3版』
書籍,塩野宏,行政法I〔第6版〕,(有斐閣、201 5年),1,1,I0000095,『宮本から君へ』助成金不交付決定取消訴訟【アーカイブ】,準備書面(2)_201021,も「自由裁量行為」ではなく「裁量が認められる行政 行為」と記述しており)、塩野宏『行政法I〔第6版〕』(有斐閣、201 5年)126頁も、「自由裁量」ではなく「行政裁量」あるいは「裁量」 という語を選択しており(同127頁
書籍,洋一,行政法I現代行政過程論[第4版],(有斐閣、2019年),1,1,I0000095,『宮本から君へ』助成金不交付決定取消訴訟【アーカイブ】,控訴答弁書_211015,宙靖『新版 行政法総論(上)』(青林書院、2020年)327頁、(f)大橋 洋一『行政法I 現代行政過程論[第4版]』(有斐閣、2019年)141、14 3頁、(g)櫻井敬子=橋本博之『行政法〔第6版〕』(弘文堂、2019年)114 ~1
書籍,塩野宏,行政法I第六版,9頁,1,1,I0000031,結婚の自由をすべての人に訴訟（同性婚訴訟）,【東京・第９回】原告ら第２０準備書面（被告第５準備書面に対する反論）,化し、個人の生活の国家・地方公共団 体への依存性が増加する中(甲A433・塩野宏『行政法I第六版』9頁 (有 斐閣、2015))、人生の伴侶との関係を法律婚に高める選択の意味はます ます大きくなっている。 ところが、本
書籍,興津征雄,行政法I行政法総論,(新世社、2023年),1,1,I0000031,結婚の自由をすべての人に訴訟（同性婚訴訟）,【札幌】上告受理申立て理由書,5頁等参照。 4 小早川光郎『行政法上』(弘文堂、1999年)208頁、興津征雄『行政法I 行政 法総論』(新世社、2023年)93頁参照。 後的・個別的に強行規定違反又は公序良俗違反として法的保護を拒否すれば 足りるが、内容
書籍,大橋洋一,行政法Ⅰ,(有斐閣、2019年),1,1,I0000095,『宮本から君へ』助成金不交付決定取消訴訟【アーカイブ】,控訴答弁書_211015,規範に依拠して)活動することができ、活動に際して 判断の余地を有する」(大橋洋一『行政法Ⅰ』(有斐閣、2019年)259頁) とされていることからすると、規制規範が存在する場合にも、当該規制規範の文言 が抽象的で
書籍,塩野宏,行政法Ⅰ(第6版),348頁,1,1,I0000060,ジャーナリストに渡航の自由を！訴訟【アーカイブ】,原告第６準備書面,説行政手続法改正行審法対応版』134頁(ぎょうせい、 2016)。 26 塩野宏『行政法Ⅰ(第6版)』348頁(有斐閣、2015)、大橋洋一『行政法Ⅰ(第4 版)』239頁(有斐閣、2019)、高橋滋『行政手続法』434-
書籍,塩野宏,行政法Ⅰ(第六版),353頁,1,1,I0000146,「学術会議の独立性」を市民で守ろう ～会員任命拒否理由の情報公開訴訟～,第２事件　訴状｜2024年2月20日,ている、情報公開は出発点からその基礎を民主主義に置いている、とも説かれる(塩野宏『行政法Ⅰ(第六版)』353頁)。行政機関の保有する情報の公開に関する法律(行政機関情報公開法)1条は、まさにこの情報公開の意義と目的を規定し
書籍,塩野宏,行政法Ⅰ[第5版]行政法総論,"(有斐閣,2012年)",1,1,I0000090,司法の独立を脅かす岡口裁判官の罷免訴追に反対します！【アーカイブ】,意見書（山元一）,"』(法律文化社,2010年)219頁以下。この他教科書 的叙述として参照,塩野宏『行政法Ⅰ[第5版]行政法総論』(有斐閣,2012年)84頁以下,宇賀克也 『行政法概説I 行政法総論 [第7版]』(有斐閣,2021年)62頁以下。"
書籍,塩野宏,行政法Ⅰ[第6版]行政法総論,(有斐 閣、2015年),1,1,I0000064,「セックスワークにも給付金を」訴訟 【アーカイブ】,第4準備書面,也『行政法概説I 行政法総論〔第7版〕』 (有斐閣、2020年)326頁、塩野宏『行政法Ⅰ[第6版] 行政法総論』(有斐 閣、2015年)119頁)に当たり、各給付金の給付(贈与契約の相手方の選択)に 係る一種の行政規則であって、一定
書籍,塩野宏,行政法Ⅰ[第6版補訂版]行政法総論,(有斐閣、2024年),1,1,I0000060,ジャーナリストに渡航の自由を！訴訟【アーカイブ】,上告理由書,趣旨目的の解釈によって、「その合理的必要性があり、かつ、右の具体的 3 塩野宏『行政法Ⅰ[第6版補訂版] 行政法総論』(有斐閣、2024年)126頁は、「法律は、行政行為をするに際して行政庁に一定の判断余地を認めることがある。･･･行政活
書籍,塩野宏,行政法Ⅰ[第六版],296 ~297頁,1,1,I0000146,「学術会議の独立性」を市民で守ろう ～会員任命拒否理由の情報公開訴訟～,準備書面８（理由提示の不備による違法についての原告の主張）｜2025年7月18日,理由提示とは行政手続の公正の確保や透明 性の向上を図るものにほかならない(塩野宏『行政法Ⅰ [第六版]』296 ~297頁、宇賀克也『行政法概説Ⅰ【第8版】』482頁)。 ## 2 理由提示に求められる程度 上記のような
書籍,塩野宏,行政法Ⅱ第6版,341頁,1,1,I0000128,人種差別的な職務質問をやめさせよう！訴訟｜#STOPレイシャルプロファイリング,準備書面８（運用・国賠法上の違法についての主張立証責任等）,べきもの」は「端的に過失の問題として処理するのが素直な見方」であるとする(塩野宏『行政法Ⅱ 第6版』341頁(有斐閣、2019年))。 また、宇賀克也は、公権力発動要件欠如説が「より妥当」と述べており、その理由として「
書籍,塩野宏,行政法】(第6版),94頁,1,1,I0000146,「学術会議の独立性」を市民で守ろう ～会員任命拒否理由の情報公開訴訟～,甲A46 裁決書,"あり,これらは行政作用一般にかかる醤導的法理とみる ことができるとされる(塩野宏『行政法】(第6版)』94頁)。公 正・透明性の原則は、行政手続第法1条第1項の目的規定において, 「行政運営における公正の確保と透明性(行政"
書籍,小早川光郎・宇賀克也編,行政法の発展と変革上巻,(有斐閣、2001年),1,1,I0000031,結婚の自由をすべての人に訴訟（同性婚訴訟）,【札幌】上告受理申立て理由書,93 高橋和之「すべての国民を『個人として尊重』する意味」小早川光郎・宇賀克也編『行 政法の発展と変革 上巻』(有斐閣、2001年)(甲A14)271頁。 る知見が支配的であった過去の社会状況(認定事実(2)、(4))の下では、
書籍,,行政法を学ぶⅠ,(有斐閣、昭和53年),1,1,I0000119,“コロナ感染者立ち寄りで店名公表”は違法！訴訟【アーカイブ】,【意見書】神戸大学名誉教授・弁護士　阿部泰隆先生,的公表と情報提供公表に分けられる(阿部「税金の 大口滞納者の名前は公表すべきだ」『行政法を学ぶⅠ』(有斐閣、昭和53年)3 86頁、『行政法再入門上第2版』(信山社、2016年)386頁、『行政法解 釈学Ⅰ』(有斐閣、
書籍,小早川光郎,行政法・上,(弘文堂、1999年),1,1,I0000060,ジャーナリストに渡航の自由を！訴訟【アーカイブ】,上告理由書,任は憲法上許されないとされている(包括的・白紙委任の禁止)2。 1 小早川光郎『行政法・上』(弘文堂、1999年) 103頁以下、毛利透=大橋洋一「行政立法」宇賀克也=大橋洋=高橋滋編『対話で学ぶ行政法』(有斐閣
書籍,阿部泰隆,行政法再入門(上),(第2版、信山社、2016年),1,1,I0000095,『宮本から君へ』助成金不交付決定取消訴訟【アーカイブ】,控訴答弁書_211015,ーチ〔第7版〕』(法律文化社、2019年)313頁〔佐 藤英世〕、(m)阿部泰隆『行政法再入門(上)』(第2版、信山社、2016年) 239頁、(n)宇賀克也=交告尚史=山本隆司(編)『行政判例百選II[第7版]』(有 斐
書籍,阿部泰隆,行政法再入門(上)(第2版),(信山社、2016年),1,1,I0000071,コロナ禍、日本社会の理不尽を問う（コロナ特措法違憲訴訟）【アーカイブ】,甲第６０号証の２：阿部泰隆先生　添付資料,huchi.php.co.jp/voice/detail/8621 2 阿部泰隆『行政法再入門(上)(第2版)』(信山社、2016年) 266-275頁 3 NHK 配信記事『【詳細】3回目の緊急事態宣言 どう変わる 4都府県の具体
書籍,,行政法再入門上第2版,(信山社、2016年),1,1,I0000119,“コロナ感染者立ち寄りで店名公表”は違法！訴訟【アーカイブ】,【意見書】神戸大学名誉教授・弁護士　阿部泰隆先生,滞納者の名前は公表すべきだ」『行政法を学ぶⅠ』(有斐閣、昭和53年)3 86頁、『行政法再入門上第2版』(信山社、2016年)386頁、『行政法解 釈学Ⅰ』(有斐閣、2009年)598頁)。学説上、前者については、厳しい規
書籍,宇賀克也,行政法概説(第6版),(有斐閣・2018年),1,1,I0000121,神戸石炭訴訟｜気候変動と大気汚染を防ぐため、石炭火力発電所新設は取り消しを！【アーカイブ】,控訴理由書｜2021年5月17日,法律上の利益」概念との関係を踏まえて」(自治研究84巻10号3頁、4頁。宇賀克也『行政法概説(第6版)』(有斐閣・2018年)254頁も同旨)。 また、電気事業法上の確定通知処分が公定力をもって(第三者)原告に大気汚染や C
書籍,宇賀克也,行政法概説(第7版),350頁,1,1,I0000060,ジャーナリストに渡航の自由を！訴訟【アーカイブ】,原告第６準備書面,前掲逐条解説旅券法184-185頁も、読点の位 置を除き同一)。 20 宇賀克也『行政法概説(第7版)』350頁(有斐閣、2020)。 17 とになるのか、またそれが原告が享有する海外渡航の自由を制約するに値す る具体的な
書籍,宇賀克也,行政法概説1行政法総論〔第7版〕,(有斐閣、2020年),1,1,I0000060,ジャーナリストに渡航の自由を！訴訟【アーカイブ】,上告理由書,上では、旅券法制定時における1号の機能を検討することが重要である。 7宇賀克也『行政法概説1行政法総論〔第7版〕』(有斐閣、2020年)39頁は、「『法律の留保原則』が行政活動について国民に予測可能性を与えるとともに、国民代表議会の統
書籍,宇賀克也,行政法概説I〔第7版〕,(有斐閣、202 0年),1,1,I0000095,『宮本から君へ』助成金不交付決定取消訴訟【アーカイブ】,準備書面(2)_201021,、今日では、行政法の権威のある体系書で用いられることは 少ない。例えば、宇賀克也『行政法概説I〔第7版〕』(有斐閣、202 0年)350頁は、「自由裁量」ではなく「行政裁量」という語を選択し ており(同356頁も「自由裁量行為
書籍,宇賀克也,行政法概説I行政法総論[第7版],"(有斐閣,2021年)",1,1,I0000090,司法の独立を脅かす岡口裁判官の罷免訴追に反対します！【アーカイブ】,意見書（山元一）,"野宏『行政法Ⅰ[第5版]行政法総論』(有斐閣,2012年)84頁以下,宇賀克也 『行政法概説I 行政法総論 [第7版]』(有斐閣,2021年)62頁以下。 56 参照,西川伸一「岡口裁判官弾劾裁判 慎重な判断切に願う」 『週刊金曜日』134"
書籍,宇賀克也,行政法概説Ⅰ【第8版】,482頁,1,1,I0000146,「学術会議の独立性」を市民で守ろう ～会員任命拒否理由の情報公開訴訟～,準備書面８（理由提示の不備による違法についての原告の主張）｜2025年7月18日,るものにほかならない(塩野宏『行政法Ⅰ [第六版]』296 ~297頁、宇賀克也『行政法概説Ⅰ【第8版】』482頁)。 ## 2 理由提示に求められる程度 上記のような趣旨に鑑みれば、申請に対する拒否処分における理由提 示
書籍,宇賀克也,行政法概説Ⅰ行政法総論(第7版〕,有斐閣(2020年),1,1,I0000111,日米同性カップル在留資格訴訟  〜家族そろって日本で暮らすために〜【アーカイブ】,甲１６３興津征雄教授意見書,解していたケースなので、事案の違いが結論を分けたと考 えることができる(宇賀克也『行政法概説Ⅰ 行政法総論(第7版〕』有斐閣(2020年)389~ 390頁)。したがって、判例は原則として表示主義を採るものと解される。 29 「入国・在留
書籍,宇賀克也,行政法概説Ⅰ行政法総論【第7版】,(有斐閣、令和2年),1,1,I0000064,「セックスワークにも給付金を」訴訟 【アーカイブ】,甲32：意見書（碓井光明教授）,塩野宏『行政法Ⅰ[第六版]行 政法総論』(有斐閣、平成27年)119頁、宇賀克也『行政法概説Ⅰ 行政法総論【第7版】』 (有斐閣、令和2年) 326頁など)。外部効果があるということは、給付規則に従わないで 給付を拒絶した場合に、平等原則
書籍,宇賀克也,行政法概説Ⅰ行政法総論〔第7版〕,(有斐閣、2020年),1,1,I0000071,コロナ禍、日本社会の理不尽を問う（コロナ特措法違憲訴訟）【アーカイブ】,甲第５７号証：横大道聡先生　意見書,の福祉』の多元的機能」法律時報1072号(2014年) 34頁。 11 宇賀克也『行政法概説Ⅰ 行政法総論〔第7版〕』(有斐閣、2020年)63頁。櫻井敬子・ 橋本博之『行政法〔第6版〕』(弘文堂、2019年) 25頁等も参照。 12 比
書籍,,行政法概説Ⅱ(第5版),有斐閣(2015年),1,1,I0000131,夫婦別姓も選べる社会へ！訴訟,甲A014_辻村先生意見書（令和2年3月26日）,と考える立場として、宇賀克也『国家補償法』有斐閣 (1997年)101頁以下、同『行政法概説Ⅱ(第5版)』有斐閣(2015年)435頁参照。なお、 宇賀「立法不作為の国家賠償法上の意義と効果」 法の支配183号(2016年)
書籍,宇賀克也,行政法概説Ⅲ,"(有斐閣,2008年)",1,1,I0000116,「会計年度任用職員にも労働基本権を！」訴訟,書証（甲２９） ※期日において甲３０と訂正,"解として、塩野宏『行政法Ⅲ(第4 版)』(有斐閣,2012年)286頁,宇賀克也『行政法概説Ⅲ』 (有斐閣,2008年)295頁。 11) この点については下井康史教授の詳細な検討があり、公務 員関係を「法令による規"
書籍,藤田宙靖,行政法総論,青林書院(2013年),1,1,I0000111,日米同性カップル在留資格訴訟  〜家族そろって日本で暮らすために〜【アーカイブ】,甲１６３興津征雄教授意見書,美濃部達吉『日本行政法 (上)』有斐閣(1936年) 296~297頁、藤田宙靖『行政法総論』青林書院(2013年)262頁- ―ただし同書新版 (2020年)には対応する記述がない)。この点については、興津征雄「
書籍,興津征雄,行政法行政法総論,(新世社、2023年),1,1,I0000060,ジャーナリストに渡航の自由を！訴訟【アーカイブ】,上告理由書,の根拠を要するだけでなく、法律の規律密度をも要求するものである。 6 興津征雄『行政法 行政法総論』(新世社、2023年)365頁は、「刑事訴訟法197条1項本文とただし書の差異は、強制処分と任意処分の規律密度の違いに求
書籍,原田尚彦,行政法要論[全訂第7版(補訂第2版)],(学陽書房、2012年),1,1,I0000054,ネパール人取調べ中死亡国賠訴訟事件【アーカイブ】,一審原告第５準備書面,注(55) 451頁。 46 宇賀・前掲注 (19) 358頁。 47 原田尚彦『行政法要論[全訂第7版(補訂第2版)]』(学陽書房、2012年)316頁。 48 西埜・前掲注(5) 1392頁。 30 用する国際(協調)主義の理念及び国際
書籍,,行政法講座,(第一法規・2010年),1,1,I0000116,「会計年度任用職員にも労働基本権を！」訴訟,書証（甲２９） ※期日において甲３０と訂正,号72頁以下参照。 さくらい・けいこ 学習院大学法学部教授。最近の主な著 作に『行政法講座』(第一法規・2010年)。行政法專攻。 76 No. 637/August 2013
書籍,小早川光郎,行政法講義(下III),弘文堂(2007年),1,1,I0000111,日米同性カップル在留資格訴訟  〜家族そろって日本で暮らすために〜【アーカイブ】,甲１６３興津征雄教授意見書,申請拒否処分が私人の申請権の行使(すなわち申請)に対する応答 20 小早川光郎『行政法講義(下III)』 弘文堂(2007年)254頁。 であることに着目して、次のような説明がされる。 第一に、申請を拒否する行為が処分性を
書籍,太田勝造,裁判における証明論の基礎,(弘文堂、1982),1,1,I0000132,「わたしの体は母体じゃない」訴訟,甲143：小川意見書,「裁判所は、訴訟が裁判をするのに熟したときは、終局判決をする。」 33 太田勝造『裁判における証明論の基礎』(弘文堂、1982)109頁。この概念は当初、事実の証明に用いる概念と して提示されたが、その後、同 「「訴訟カ裁判ヲ為
書籍,松井茂記,裁判を受ける権利,(有斐閣1993年),1,1,I0000046,在外選挙権確認訴訟【アーカイブケース】,甲２１：「在外日本人の選挙権行使と立法の不作為」と題する意見書,して合憲といえるかど うかは疑問である。 (14) この点につきとくに、松井茂記『裁判を受ける権利』(有斐閣1993年)174頁以下を参 照。 (15)野中俊彦『憲法訴訟の原理と技術』83頁(有斐閣1995年)。 (16
書籍,,裁判医学提綱前編,"が出版され,『色情狂篇』の 翻訳連載が行われていた1893(明治26)",1,1,I0000031,結婚の自由をすべての人に訴訟（同性婚訴訟）,【大阪・第１１回】原告ら第１５準備書面（被告第５準備書面３２頁～３６頁に対する反論）,"スルコト稀ナラズ」との記 述がみられる(甲A540・160頁)。 そして,すでに『裁判医学提綱前編』が出版され,『色情狂篇』の 翻訳連載が行われていた1893(明治26)年には,民法編纂のた めに新たに法典調査会が設けら"
書籍,佐々木高雄,裁判官弾劾制度論,"(日本評論社,1988年)",1,1,I0000090,司法の独立を脅かす岡口裁判官の罷免訴追に反対します！【アーカイブ】,意見書（山元一）,"例えば参照、上村・前掲注(3)63頁,永田・前掲注(24)32頁以下,佐々木高雄『裁判官弾劾制度論』 (日本評論社,1988年) 149-150頁,鈴木・前掲注(30)58頁,柳瀬・前掲注(8)4頁頁以下。 41 参照,"
書籍,村重慶一編,裁判実務大系18巻(国家賠償訴訟),(青林書院、 1987年),1,1,I0000054,ネパール人取調べ中死亡国賠訴訟事件【アーカイブ】,一審原告第５準備書面,の時点では 違憲状態になっているのである。 49 鈴木康之「相互保証」村重慶一編『裁判実務大系 18巻(国家賠償訴訟)』(青林書院、 1987年)76頁。 50 裁判例の態度に対する批判として、伊藤正己「国際人権法と裁判所」芹田健太郎ほか
書籍,大江忠,要件事実民法(6)法定債権〈第4版補訂版〉,(第一法規、2024),1,1,I0000128,人種差別的な職務質問をやめさせよう！訴訟｜#STOPレイシャルプロファイリング,準備書面８（運用・国賠法上の違法についての主張立証責任等）,とする議論 (司法研修所『4訂 紛争類型別の要件事実』(2022)59頁、大江忠『要件事実民法(6)法定債権〈第4版補訂版〉』(第一法規、2024)182頁)に合わせて、国家賠償請求においても加害行為と権利侵害のみで足り、違法性は不要とする考えも
書籍,大村敦志,親族法(第3版),(有斐閣・ 2010年),1,1,I0000111,日米同性カップル在留資格訴訟  〜家族そろって日本で暮らすために〜【アーカイブ】,甲１６４木村草太教授意見書,由を述べていないに等しい。 さらに、この「定型的・抽象的な生殖目的」は、大村敦志『親族法(第3版)』(有斐閣・ 2010年) 286頁の記述に由来する。しかし、大村教授の言う「抽象的、定型的」婚姻目的 とは、死の直前に、
書籍,中川善之助,親族法・上,青林書院1958年158頁,1,1,I0000111,日米同性カップル在留資格訴訟  〜家族そろって日本で暮らすために〜【アーカイブ】,甲１６４木村草太教授意見書,、芸術と結婚する」のと「全く同様」 だという理由だと説明されてきた (中川善之助『親族法・上』青林書院1958年158頁)。 しかし、学問や芸術と婚姻できないのは、それらが人ではないからだ。同性間の婚姻を、人 なら
書籍,,解行政手続法〔第2版〕,(弘 文堂、2017年),1,1,I0000064,「セックスワークにも給付金を」訴訟 【アーカイブ】,第7準備書面（行政組織法の観点について）,は所掌事務の範囲内において』活動すべ きことは行政組織法の基本原理」(高木光ほか『解行政手続法〔第2版〕』(弘 文堂、2017年)60頁)である。行政手続法2条6号もこの大原則を確認してお り、同号に規定される行政指導の定義に
書籍,兼子一編,註解日本国憲法下巻(2),1390 ~1391頁,1,1,I0000117,立候補年齢引き下げ訴訟,証拠説明書5（甲B65~甲B71）,3 甲B69 兼子一編『註解日本 国憲法下巻(2)』1390 ~1391頁 写 し 1953年12 月30日 兼子一
書籍,法学協会編,註解日本國憲法,上巻(1953年),1,1,I0000031,結婚の自由をすべての人に訴訟（同性婚訴訟）,渋谷秀樹先生 意見書　「憲法理論からみた同性婚の省察」,同意(戸主等)を置いた点を不要としたことに力点が ある叙述と解される。法学協会編『註解日本國憲法』上巻(1953年)には、夫婦の同氏強制に ついて、「民法がその際配偶者は同一の氏を称しなければならないとして、その一方の
書籍,金子一編,註解日本國憲法上巻(2),351 頁,1,1,I0000117,立候補年齢引き下げ訴訟,第3準備書面,4条1項が禁止する「政治的」差別には被選挙権が含まれており(甲 B39:金子一編『註解日本國憲法上巻(2)』351 頁参照(有斐閣、1953年))、 同条によっても「被選挙権を差別するごとき政治的不平等は許されない」とさ れる(
書籍,金子一編,註解日本國憲法下巻(1),758 頁,1,1,I0000117,立候補年齢引き下げ訴訟,第3準備書面,被選挙権を差別するごとき政治的不平等は許されない」とさ れる(甲B40:金子一編『註解日本國憲法下巻(1)』758 頁参照(有斐閣、1953 年))。それにも関わらず憲法 44条但書は、あえて憲法14条1項後段列举事 由に加えて
書籍,水町勇一郎,詳解労働法,701頁,1,1,I0000151,「18歳未満にも選挙で応援する自由を」訴訟,第5準備書面_20260317,日判決・労判1095号・5頁。講学上「自発的残業」 の問題と呼ばれる。水町勇一郎『詳解労働法』701頁)。そうだとすれば、 選挙運動における「使用」の規制に際しても、未成年者が自発的に選挙運動 に参加しているかとは
書籍,小早川光郎=青柳馨編,論点体系判例行政法1,第一法規(2017年),1,1,I0000111,日米同性カップル在留資格訴訟  〜家族そろって日本で暮らすために〜【アーカイブ】,甲１６３興津征雄教授意見書,2)282頁。 24 小早川・前掲注(2)282頁。 25 小早川光郎=青柳馨編『論点体系 判例行政法1』第一法規(2017年) 189頁 [薄井一成]。 26 表示がそもそも不明確であり、その内容の特定が難しい場合がある。こ
書籍,,論点体系判例行政法2,(第一法規、平成29年),1,1,I0000095,『宮本から君へ』助成金不交付決定取消訴訟【アーカイブ】,控訴答弁書_211015,閣、2017年)362~363頁〔石塚武志〕、(o)小早川光郎=青柳馨(編 著)『論点体系 判例行政法 2』(第一法規、平成29年)74~75頁等)。 このように行政法の研究者や実務家が一般的に言及する前掲最三小判平成27年 3
書籍,中村睦男,論点憲法教室,有斐閣、1990年、130頁,1,1,I0000123,県知事の公務での護国神社参拝取りやめをー政教分離原則の違反を問うー,甲18（稲正樹意見書）,反の判定基準としていかなる基準を用いるべきかの問題が、重要なのである (中村睦男『論点憲法教室』有斐閣、1990年、130頁)。そして、「いかなる理屈によるにせ よ、政教分離原則を何らかの程度において緩和することは、
書籍,,論点探求憲法,(弘文堂・2005 年),1,1,I0000123,県知事の公務での護国神社参拝取りやめをー政教分離原則の違反を問うー,甲18（稲正樹意見書）,議会の主観的意図 62 小泉良幸「信教の自由と政教分離」小山剛・駒村圭吾(編)『論点探求 憲法』(弘文堂・2005 年)138-147頁、139-140頁。 32 が「戦没者に対する追悼」であるとしても、そのこと自
書籍,田中豊,論点精解民事訴訟法〔改訂増補版〕要件事実で学ぶ基本原理,458頁,1,1,I0000117,立候補年齢引き下げ訴訟,控訴理由書,の争訟性の有無は、控訴人の選択した訴訟物を基礎として判断されるべきである(田中豊『論点精解 民事訴訟法〔改訂増補版〕要件事実で学ぶ基本原理』458頁)。同様に、確認の利益のうち、確認対象(訴訟物)の選択の適否についても、確認対象が権利又は法律上の地位であるか否
書籍,樋口編,講座・憲法学6権力の分立[2],(日本評論社、一九九五),1,1,I0000046,在外選挙権確認訴訟【アーカイブケース】,甲２０：戸波江二「最高裁判所の憲法判例と違憲審査の活性化」,版〕』(青林書院、一九九五)二九五頁。 (30) 高橋和之「司法権の観念」樋口編『講座・憲法学6権力の分立[2]』(日本評論社、一九九五)一三頁以下。 (3) 民事で本人訴訟で争う場合に、憲法上の争点が確定されず、十分な論議がなされな
書籍,働法学会編,講座労働法の再生第3巻労働条件論の課題,(日本評論社、2017年),1,1,I0000070,「人間を育てる教員に、人間らしい働き方を」訴訟【アーカイブ】,第10回裁判資料_鑑定意見書（高橋哲先生）実印差し替え,律文化社、122頁)1990年;長谷川珠子「労働時間の法理論」日本労 働法学会編『講座労働法の再生第3巻労働条件論の課題』(日本評論社、2017年)132頁 など。 35 荒木尚志『労働時間の法的構造』(有斐閣、2001年)308頁。なお、荒
書籍,,講座国際人権法1国際人権法と憲法,(信山社、2006年),1,1,I0000054,ネパール人取調べ中死亡国賠訴訟事件【アーカイブ】,一審原告第５準備書面,裁判例の態度に対する批判として、伊藤正己「国際人権法と裁判所」芹田健太郎ほか 編『講座国際人権法1 国際人権法と憲法』(信山社、2006年)14-15頁。伊藤は、「日 本国憲法制定の20年後に採択された規約は、その20年間の世界における人
書籍,芦部信喜編,講座憲法訴訟・第1巻,(有斐閣1987 年),1,1,I0000046,在外選挙権確認訴訟【アーカイブケース】,甲２１：「在外日本人の選挙権行使と立法の不作為」と題する意見書,野中・前揭(15)83頁。 (19)戸波江二「立法の不作為の違憲確認」芦部信喜編『講座憲法訴訟・第1巻』(有斐閣1987 年)376頁。 (20)佐藤幸治『憲法(第3版)』(青林書院1995年)347-348頁。 (21)最
書籍,芦部信喜編,講座憲法訴訟第2巻,(有斐閣、1987年),1,1,I0000031,結婚の自由をすべての人に訴訟（同性婚訴訟）,【札幌】上告受理申立て理由書,巻7号1792 頁を挙げることができる。 104 江橋崇「立法事実論」芦部信喜編『講座憲法訴訟第2巻』(有斐閣、1987年)77 ~78頁、高橋和之『憲法判断の方法』(有斐閣、1995年)12~13頁参照。 105 直接的
書籍,関根謙一ほか編,講座警察法,第1巻76頁,1,1,I0000064,「セックスワークにも給付金を」訴訟 【アーカイブ】,第5準備書面（岩切大地教授の意見書について） ,解除するという意味では「学問上の許可」に該当する と解されており(関根謙一ほか編『講座警察法』第1巻76頁(立花書房、2014 年))、風営法における許可制と届出制は、実際のところは相対的なものである。 届出制だか
書籍,,講座警察法第1巻,(立花書房、2014年),1,1,I0000064,「セックスワークにも給付金を」訴訟 【アーカイブ】,甲102：意見書（岩切大地教授）,2)50頁、関根謙一「「学問上の警察」の概念と警察権の限界の理論」同ほか(編) 『講座警察法第1巻』(立花書房、2014年)77頁。 45辻・前掲注(35) 333頁は、「風営業界はまだ十分に健全化されていない」との評価
書籍,,講座警察法第2巻,(立花書房、2014年),1,1,I0000064,「セックスワークにも給付金を」訴訟 【アーカイブ】,甲102：意見書（岩切大地教授）,2) 50-51頁。 35辻義之「風営適正化法の基本的性格」関根謙一ほか(編) 『講座警察法第2巻』(立花書房、2014年) 329頁。 36 風俗営業等の規制及び業務の適正化に関する法律等の解釈運用基準(警察庁生活安全
書籍,井田良,講義刑法学・各論(第2版),554頁,1,1,I0000083,ベトナム人技能実習生リンさんの死体遺棄罪刑事事件【アーカイブ】,上告趣意書,死者に対する敬虔・尊崇の感 18 山口厚『刑法各論(第2版)』502頁、井田良『講義刑法学・各論(第2版)』554頁。 17 情」19、「一般通常人の有する死者に対する敬虔感情と死者の安息を願う宗教的 感情」20、「現に存在
書籍,井田良,講義刑法学・総論(第2版),19頁,1,1,I0000083,ベトナム人技能実習生リンさんの死体遺棄罪刑事事件【アーカイブ】,上告趣意書,事司法上の必要から定められた26。同罪の法定刑は拘留又は科料(同 25 井田良『講義刑法学・総論(第2版)』19頁。 26 昭和23年の参議院司法委員会における、法務事務官(検務局長)國宗榮の説明は以下のと おり。「次は十九號で
書籍,広中俊雄,警備公安警察の研究,(岩波 書店、1973),1,1,I0000104,公安警察による市民運動の監視を許さない。市民の「もの言う」自由を守るための訴訟【アーカイブ】,控訴第３準備書面第３準備書面～警備公安警察による法的根拠のない個人情報の収集は、違憲・違法である～,とでも、「第一線では拡大解釈して10 くらいまでやっている状態だった」(広中俊雄『警備公安警察の研究』(岩波 書店、1973)191頁が引用する1958年10月17日付け「日本経済新聞」)ので、 法的根拠を聞かれれば困る状
書籍,杉村敏正他編,警察法入門,有斐閣選書184頁,1,1,I0000104,公安警察による市民運動の監視を許さない。市民の「もの言う」自由を守るための訴訟【アーカイブ】,【第１回】答弁書,ら、予防警察としての側面を強くもっている(室 井力「警備公安警察」・杉村敏正他編『警察法入門』有斐閣選書184頁)。「公 安警察は、集会・結社・集団行動などの政治的な表現活動を危険視して、これを 事前に取り締まる傾
書籍,,警視庁事務年艦,昭和35年版213頁,1,1,I0000104,公安警察による市民運動の監視を許さない。市民の「もの言う」自由を守るための訴訟【アーカイブ】,控訴第３準備書面第３準備書面～警備公安警察による法的根拠のない個人情報の収集は、違憲・違法である～,、いまだかってその類をみない」とされる状態であった(広 中前揭 199 頁引用の『警視庁事務年艦』昭和35年版213頁)。日米安保条約に 関して、駐留米軍を違憲と判断する砂川事件東京地裁判決(いわゆる伊達判決) が19
書籍,,身分法と戸籍,(1953),1,1,I0000131,夫婦別姓も選べる社会へ！訴訟,甲A004_二宮先生意見書（平成23年12月5日）,れる同籍者集団の名称であり、戸籍編製の基準とする(平賀健太「戸籍制度に ついて」『身分法と戸籍』(1953)305頁)。 ①については、何らかの集団を氏の背景に予定しなければならないと考える - 14 - ことに
書籍,青山道夫,身分法概論,(昭和25年),1,1,I0000031,結婚の自由をすべての人に訴訟（同性婚訴訟）,【札幌・第１回】控訴人ら第２準備書面　※控訴答弁書に対する反論,")被控訴人は,上記(ウ)でみた他にも,我妻栄『親族法』(昭和40 年),青山道夫『身分法概論』(昭和25年)及び鈴木禄弥『親族法講 義』(昭和63年)の記述を引用して,「一人の男性と一人の女性が子 を産み育てながら"
書籍,環境法政策学会編,転機を迎える温暖化対策と環境法,(商事法務・2018年),1,1,I0000121,神戸石炭訴訟｜気候変動と大気汚染を防ぐため、石炭火力発電所新設は取り消しを！【アーカイブ】,準備書面６｜2020年2月10日,実施は国際的な義務である(高村ゆかり「パリ協定―その特質と課題」環境法政策学会編『転機を迎える温暖化対策と環境法』(商事法務・2018年)40頁参照)。 そして上述したように、国は環境基本法19条により環境配慮義務を負うところ、パリ
書籍,,近世沖縄の社会と宗教,三一書房、1980年、125頁,1,1,I0000076,「琉球人のご先祖の遺骨返還を」訴訟【アーカイブ】,甲35,又そういう生活倫理だけが、民衆の心に深く根を下していった」とされる(島尻勝太郎、『近世沖縄の社会と宗教』、三一書房、1980年、125頁)。 9 この点は、日本の場合との著しい違いである。たとえば、稲福みき子は、沖縄の仏教受
書籍,,近代日本における女同士の親密な関係,角川学芸出版,1,1,I0000031,結婚の自由をすべての人に訴訟（同性婚訴訟）,風間孝先生 赤枝香奈子先生 意見書　「同性カップルの権利と異性愛規範」,一・斎藤光・永井良和・古川誠編『性の用語集 講談社現代新書。 ————、2011『近代日本における女同士の親密な関係』角川学芸出版。 ————、2014「戦後日本における「レズビアン」カテゴリーの定着」、小山静子・赤枝 香奈子・今田絵里香
書籍,吉田耕三=尾西雅博編,逐条国家公務員法〔第2次全訂版〕,(学陽書房、2023年),1,1,I0000116,「会計年度任用職員にも労働基本権を！」訴訟,書証（甲２６）_意見書 ※期日において甲２７と訂正,的発想に関しては、早津・前掲注11)74頁以下参照。 17 吉田耕三=尾西雅博編『逐条国家公務員法〔第2次全訂版〕』(学陽書房、2023年) 1199-1200頁〔酒井元康]。 18 吉田=尾西・前掲注17) 1203頁〔酒井元康〕。
書籍,長野士郎,逐条地方自治法(第11次改訂版),(平成5年・ 学陽書房),1,1,I0000080,地方議会に横行する「少数派議員潰し」に立ち向かう訴訟【アーカイブ】,土屋訴訟・甲第40〜53号証,"年1月21日判決及びその控訴審である大阪高裁平 (23) 以上について、長野士郎『逐条地方自治法(第11次改訂版)』(平成5年・ 学陽書房)374頁以下,松本英昭『新版逐条地方自治法(第9次改訂版)』 (平成29年・学陽書房)488頁以"
書籍,清水伸編,逐条日本国憲法審議録第二巻,(有斐閣、1962年),1,1,I0000031,結婚の自由をすべての人に訴訟（同性婚訴訟）,【札幌】上告受理申立て理由書,と解すべきこと 87 帝国議会における憲法24条に関する審議内容につき、清水伸編『逐条日本国憲法審議 録第二巻』(有斐閣、1962年)481~545頁参照。 88 前掲千葉勝美「同性婚認容判決と司法部の立ち位置」(甲A501)208
書籍,宇賀克也,逐条解説公文書等の管理に関する法律〔第3版],(第一法規・2015年),1,1,I0000146,「学術会議の独立性」を市民で守ろう ～会員任命拒否理由の情報公開訴訟～,甲A87 意見書（早川和宏）,の適正な管理、歴史公文書等の適切な保存及び利用等を図」るための法である 宇賀克也『逐条解説 公文書等の管理に関する法律 〔第3版]』(第一法規・2015年)34頁によれば、「公文書管理の適正化は、国家公務員制度改革の一環としても要請される」。同書では、
書籍,黒瀬敏文ほか編,逐条解説公職選挙法改訂版(上),90頁,1,1,I0000164,引越しで選挙権が制限されない未来へ！訴訟,訴状_20251011,ていることが不必要であると考えられたからであろう」 と説明される(黒瀬敏文ほか編『逐条解説公職選挙法改訂版(上)』90頁)。 住所要件は、本来的に、地方選挙に特有の事情に基づいて、地方選挙の選挙権 を制限するものなのである。 国政選挙
書籍,林眞琴・北村篤・名取俊也著,逐条解説刑事収容施設法第3版,(有 斐閣、2017年),1,1,I0000063,クルド難民収容者暴行被害国賠訴訟【アーカイブ】,上告理由書,の文言を規定して応答義務を明確にしたことからみて も(林眞琴・北村篤・名取俊也著『逐条解説 刑事収容施設法 第3版』(有 斐閣、2017年)878頁)、被収容者の不服申出の応答権及びこれに続く適切 な措置の義務は、当事者の権利救済を求め
書籍,金子修編,逐条解説家事事件手続法,(商事法務、2013年),1,1,I0000159,日本でもマリアージュしたいねん～海外で成立した同性婚の受理を求める裁判～,c241218二宮周平先生（民法）意見書（甲C1）,の結果、当該市長村長は直ちに婚姻の届出受理の手続をとらなければならず(金子修編 『逐条解説 家事事件手続法』(商事法務、2013年)696頁)、同性カップルの婚姻が成立 する。すなわち、同性カップルに配偶者としての法的地位を保障
書籍,新型インフルエンザ等対策研究会編,逐条解説新型インフルエンザ等対策特別措置法,(中央法規、2013年),1,1,I0000071,コロナ禍、日本社会の理不尽を問う（コロナ特措法違憲訴訟）【アーカイブ】,甲第５７号証：横大道聡先生　意見書,ばならないとしていることは明らかである。 43 新型インフルエンザ等対策研究会編『逐条解説 新型インフルエンザ等対策特別措置法』 (中央法規、2013年)40-41頁。 44 https://www.shugiin.go.jp/internet/i
書籍,,逐条解説行政手続法改正行審法対応版,134頁,1,1,I0000060,ジャーナリストに渡航の自由を！訴訟【アーカイブ】,原告第６準備書面,ざるを得ないものであって、法令の定め以上に具体的 25 行政管理研究センター 『逐条解説行政手続法改正行審法対応版』134頁(ぎょうせい、 2016)。 26 塩野宏『行政法Ⅰ(第6版)』348頁(有斐閣、2015)、大橋洋一『行政法Ⅰ
書籍,,週刊金曜日,1343号〔2021年〕32 頁,1,1,I0000090,司法の独立を脅かす岡口裁判官の罷免訴追に反対します！【アーカイブ】,意見書（山元一）,")62頁以下。 56 参照,西川伸一「岡口裁判官弾劾裁判 慎重な判断切に願う」 『週刊金曜日』1343号〔2021年〕32 頁。 57 中村博「懲戒処分と比例原則」『比較法制研究』12号〔1989年〕33頁。 58"
書籍,,逸脱と医療化―悪から病いへ,ミネルヴァ書房),1,1,I0000031,結婚の自由をすべての人に訴訟（同性婚訴訟）,河口和也先生 意見書　「欧米および国際社会における同性愛の権利主体形成の歴史」,"niversity Press.(進藤雄三監訳 杉田聡・ 近藤正英訳 2003 『逸脱と医療化―悪から病いへ』 ミネルヴァ書房) Garretson, Jeremiah J. 2018 The Path to Gay Rights"
書籍,千葉勝美,違憲審査――その焦点の定め方,(有斐閣、2017年),1,1,I0000064,「セックスワークにも給付金を」訴訟 【アーカイブ】,控訴理由書,たらすような政策は、多くの場合「区別を生じさせること自体を直接の目的」(千葉勝美『違憲審査――その焦点の定め方』(有斐閣、2017年)100 頁)とする疑いが強く、対象のマイノリティに「深甚な害悪を及ぼす」(安西文雄ほか『憲法学読本
書籍,主著,違憲審査の基準,"(勁草書房,1985年)",1,1,I0000123,県知事の公務での護国神社参拝取りやめをー政教分離原則の違反を問うー,甲43 浦部法穂『憲法学教室　全訂第２版』,"卒業 神戸大学教授,同副学長を経て, 現職 名古屋大学大学院法学研究科教授 主著『違憲審査の基準』(勁草書房,1985年) 『注釈日本国憲法(上)(下)』(共著)(青林書院,1984,1988年) 『ゼミナール憲法裁判"
書籍,野中俊彦,選挙法の研究,30頁,1,1,I0000117,立候補年齢引き下げ訴訟,証拠説明書2（甲B35～甲B38）,3 甲B36 野中俊彦『選挙法の 研究』30頁 写 し 2001年9月 10日 野中俊彦 二元説
書籍,自治省選挙部編,選挙法百年史,"第一法規出版,1990, pp.339-340.なお、我が国最初の「衆 議院議員選挙法」(明治22年法律第3号)",1,1,I0000117,立候補年齢引き下げ訴訟,甲B26　国立国会図書館調査及び立法考査局政治議会課編「主要国における被選挙権年齢 (資料)」レファレンス833号,"につい ては25歳と規定されている。 (9) 改正後の同法第5条。自治省選挙部編『選挙法百年史』第一法規出版,1990, pp.339-340.なお、我が国最初の「衆 議院議員選挙法」(明治22年法律第3号)以来昭和"
書籍,米本昌平,遺伝管理社会―ナチスと近未来―,"弘文堂,1989, pp.42-45.",1,1,I0000132,「わたしの体は母体じゃない」訴訟,甲146：旧優生保護法の歴史と問題,"語大辞典 13巻第2版』小学館,2002, p.337. - (18) 米本昌平『遺伝管理社会―ナチスと近未来―』弘文堂,1989, pp.42-45. - (19) 米本昌平「優生学」『世界大百科事典 28巻 改訂新版』平凡社,20"
書籍,嘉手納宗徳編訳,遺老説伝,(一九七八、角川書店),1,1,I0000076,「琉球人のご先祖の遺骨返還を」訴訟【アーカイブ】,甲36,柳田国男『海上の道』(一九六七、筑摩書房)一六二頁 - (26) 嘉手納宗徳編訳『遺老説伝』(一九七八、角川書店)一〇八頁 - (27) 柳田、前掲書八六頁 - (28) 折口信夫「琉球の宗教」(『折口信夫全集』
書籍,関西大学法学会編,関西大学法学論集,69巻3号154頁,1,1,I0000031,結婚の自由をすべての人に訴訟（同性婚訴訟）,【東京・第７回】原告ら第１９準備書面（被告第４準備書面に対する反論）,規定 性の憲法適合性-婚姻の自由ではなく人格権の問題として-」関西大学法学会編 『関西大学法学論集』69巻3号154頁、203-204頁本文及び注98(関 西大学法学会、2019年)(甲A423)参照。)、最終的には、立
書籍,,闘わなければ社会は壊れる,"岩波書店,廣瀬俊雄(2009)",1,1,I0000105,「子どもと向き合う時間がほしい」児童相談所の労働環境改善を！訴訟【アーカイブ】,堀場先生レジメ,"礎』文理閣,今野晴貴(2019) 「新しい労働運動が、社会を守り、社会を変える」『闘わなければ社会は壊れる』岩波書店,廣瀬俊雄(2009) 「夜勤と健 康」『公衆衛生』73 (9) # 子どもの権利擁護のために―― 全国各地の"
書籍,裁判に提出,隠そうとしている国の態度はいつ変わってくれる･･･,と 妻」(関西テレビ「報道ランナー」2021年6月23日放送 https://www.y,1,1,I0000146,「学術会議の独立性」を市民で守ろう ～会員任命拒否理由の情報公開訴訟～,準備書面１２（文書の不存在等に対して存在が認められた判例及び事例について）｜2026年6月9日,v=bewMq6pGvic) 21 「改ざん経緯記した『赤木ファイル』裁判に提出『隠そうとしている国の態度はいつ変わってくれる･･･』と 妻」(関西テレビ「報道ランナー」2021年6月23日放送 https://www.youtube.com/watch
書籍,,雑民の論理,エポナ出版,1,1,I0000031,結婚の自由をすべての人に訴訟（同性婚訴訟）,風間孝先生 赤枝香奈子先生 意見書　「同性カップルの権利と異性愛規範」,東京レズビアン&ゲイパレード 2000 の記録』ポ ット出版。 東郷健、1979『雑民の論理』エポナ出版。 角田由紀子、2011「同性愛と離婚理由」『性的マイノリティ判例解説』信山社: 160-164。 前川直哉、
書籍,,非正規公務員の現在――深化する格差,日本評論社、2015年 【会計年度任用職員のための働き方ガイドブック」第一法規、201,1,1,I0000116,「会計年度任用職員にも労働基本権を！」訴訟,書証（甲１１）,本評論社、2012年 「非正規公務員という問題』 岩波ブックレット、2013年 『非正規公務員の現在――深化する格差」 日本評論社、2015年 【会計年度任用職員のための働き方ガイドブック」第一法規、2019年 「未完の「公共私連携」——
書籍,ズ論文,首里城炎上,について,1,1,I0000088,首里城火災の管理責任を問う住民訴訟〜責任者出てこい！〜,原告準備書面１０,A係御中 原告ら訴訟代理人 弁護士德永信一 目 次 - 第1 シリーズ論文『首里城炎上』について - 2頁 - はじめに - 2頁 - 2 『首里城炎上』シリーズの個別論文の副題と要点 -
書籍,高松宮宣仁親王,高松宮日記第8巻,"中央公論社, 1997, p.333. 67 上坪隆『水子の譜—引揚孤児と犯された女たち",1,1,I0000132,「わたしの体は母体じゃない」訴訟,甲19：旧優生保護法に基づく優生手術等を受けた者に対する一時金の支給等に関する法律第21条に基づく調査報告書（抜粋）,"揚援護の記録』引揚援護庁, 1950.3,年表 p.15. 66 高松宮宣仁親王『高松宮日記 第8巻』中央公論社, 1997, p.333. 67 上坪隆『水子の譜—引揚孤児と犯された女たちの記録―』現代史出版会, 197"
書籍,名は伊澤理江著,黒い海―船は突然、深海へ消えた,(講談社),1,1,I0000082,隠される「国の事故調査」プロセスを明らかに！訴訟,第７準備書面,することで、乗組員個人の識別が可能になるとのことである。 生存者3名は伊澤理江著『黒い海―船は突然、深海へ消えた』(講談社)(以下、 『黒い海』という。)に実名で出ており、自らが第58寿和丸の生存者であること を社会的に隠していない。
論文（雑誌掲載）,木村敦子,夫婦の氏と婚姻の自由-『家族の呼称,としての氏の分析を中心」(甲A166),13,4,I0000131,夫婦別姓も選べる社会へ！訴訟,【東京】20241220_第７準備書面（学説の状況）,条1項は、夫婦同氏制においては不可欠に結びついている。」 木村敦子 「夫婦の氏と婚姻の自由-『家族の呼称』としての氏の分析を中心」(甲A166) 法律時報 94巻6号50頁 (2022年) 「夫婦の氏にかかる規定は、夫
論文（雑誌掲載）,小山剛,憲法上の権利の制限と内容形成,(甲A43),13,4,I0000131,夫婦別姓も選べる社会へ！訴訟,【東京】20241220_第７準備書面（学説の状況）,が正当化しうるかどうかを判断すべきであった。」(144頁) 小山剛 「憲法上の権利の制限と内容形成」(甲A43) 法学研究 97巻2号1頁 (2024年) 「法律依存性を理由に、すべてがパッケージの内容等を定める
論文（雑誌掲載）,星野茂,わが国における同性愛者をめぐる家族法上の諸問題,法律論叢69巻3・4・5合併号(1997年),9,9,I0000031/I0000134/I0000159,結婚の自由をすべての人に訴訟（同性婚訴訟）,【札幌】上告受理申立て理由書,する。 11 星野英一『家族法』(放送大学教育振興会、1994年)59頁、星野茂「わが国にお ける同性愛者をめぐる家族法上の諸問題」法律論叢69巻3・4・5合併号(1997年) (甲A225)246頁、大村敦志『家族法〔第3版〕』(有斐閣、2010年)
論文（雑誌掲載）,,夫婦の氏とデモクラシー,法律時報94巻6号48頁,9,3,I0000131,夫婦別姓も選べる社会へ！訴訟,【札幌】20240308_訴状,制度化することで法制度の不備を補うというのは、議論としては筋が悪い」(甲A29・「夫婦の氏とデモクラシー」法律時報94巻6号48頁2022年)と指摘している。 (5)夫婦間の自由かつ平等な協議が確保されていないこと 第5に、
論文（雑誌掲載）,巻美矢紀,Obergefell判決と平等な尊厳,憲法研究4号(2019年),8,8,I0000031,結婚の自由をすべての人に訴訟（同性婚訴訟）,【大阪・第４回】原告ら第３準備書面　※被告第１準備書面に対する反論等,"や養子縁組による子の養育等が想定し得ることからすれば,同性間の婚 95 巻美矢紀「Obergefell 判決と平等な尊厳」憲法研究4号(2019年)(甲A199)1 3頁も,「同性婚の禁止には,そもそも緩やかな審査基準で要求される『正当』な利"
論文（雑誌掲載）,,夫婦別姓,法学教室429号14頁,6,5,I0000131/I0000159,夫婦別姓も選べる社会へ！訴訟,【札幌】20240308_訴状,婚姻という法制度自体を弱体化させることにつながる」とまで指摘している(甲A24・「夫婦別姓」法学教室429号14頁2016年)。 婚姻は社会を構成する基本的単位の1つであるから、広く婚姻が認められることによって、
論文（雑誌掲載）,佐々木くみ,夫婦同氏制の憲法24条適合性審査に関する覚書,(甲A170),6,4,I0000131,夫婦別姓も選べる社会へ！訴訟,【東京】20241220_第７準備書面（学説の状況）,の合理性が審査されなければならない。」(23~24頁) 佐々木くみ 「夫婦同氏制の憲法 24 条適合性審査に関する覚書」(甲A170) 憲法研究第 10 号87頁 (2022年) 「夫婦同氏制を違憲と判断した個別意見は、いずれも『夫
論文（雑誌掲載）,作内良平,婚姻による氏の変更と個人の尊厳—最大決令和3年6月23日(令和2年(ク)第102号)の検討一,(甲A188),6,4,I0000131,夫婦別姓も選べる社会へ！訴訟,【東京】20241220_第７準備書面（学説の状況）,性を否定する論拠としては不十分といえる。」(133 頁) 作内良平 「婚姻による氏の変更と個人の尊厳—最大決令和3年6月23日(令和2年(ク)第102号)の検討一」(甲A188) 都法62巻2号163頁 (2022年) 「理論的に見れば、氏(名)は、(住所が人格と財産とを結び
論文（雑誌掲載）,篠原永明,婚姻・家族制度の内容形成における考慮事項とその具体的展開,(甲A180),6,6,I0000131,夫婦別姓も選べる社会へ！訴訟,【東京】20241220_第７準備書面（学説の状況）,も、あまりに素っ気ない審査ではないだろうか。」(84頁) 篠原永明 「婚姻・家族制度の内容形成における考慮事項とその具体的展開」(甲A180) 甲南法学58巻3・4号111頁 (2018年) 「夫婦同氏制合憲判決は、氏を変更することに伴う人
論文（雑誌掲載）,大村敦志,性転換・同性愛と民法(下),ジュリスト1081号(1995年),6,4,I0000031/I0000134/I0000159,結婚の自由をすべての人に訴訟（同性婚訴訟）,【札幌】上告受理申立て理由書,5頁参照。 37 前揭大村敦志『家族法〔第3版〕』133頁参照。 38 大村敦志「性転換・同性愛と民法(下)」ジュリスト1081号(1995年)64~ 65頁参照。石川稔「新・家族法事情④同性愛者の婚姻〔その2〕」法学セミナー35
論文（雑誌掲載）,加藤正明,異常性欲,"井村恒郎ほか編『異常心理学講座第四巻』(みすず書房,昭和42 年)",6,4,I0000031/I0000159,結婚の自由をすべての人に訴訟（同性婚訴訟）,【札幌・第４回】原告ら第４準備書面　※裁判所の釈明への回答,"D第2』(みすず書房,昭 和30年)(甲A203)19~28頁。 57 加藤正明「異常性欲」井村恒郎ほか編『異常心理学講座第四巻』(みすず書房,昭和42 年)(甲A204)274~287頁。同論文は,1969年("
論文（雑誌掲載）,,第2節憲法13条・14条・24条の内容と射程,(甲A185),6,4,I0000131,夫婦別姓も選べる社会へ！訴訟,【東京】20241220_第７準備書面（学説の状況）,。」(368 頁) 辻村みよ子 「第II章 日本国憲法と家族法規定」「第2節憲法13条・14条・24条の内容と射程」(甲A185) 『憲法と家族』日本加除出版137頁 (2016年) 「従来の憲法学では 14 条は形式的平等の規
論文（雑誌掲載）,田代亜紀,『家族,『婚姻』の憲法学的意味を探る」(甲A187),5,4,I0000131,夫婦別姓も選べる社会へ！訴訟,【東京】20241220_第７準備書面（学説の状況）,性の本質的平等』への違反となると考えている。」(94頁) 田代亜紀 「『家族』・『婚姻』の憲法学的意味を探る」(甲A187) 愛敬浩二編「講座「立憲主義と憲法学(第2巻) 人権I」249頁 (2
論文（雑誌掲載）,,ヨーロッパにおける同性婚の導入と養子法の問題,名 古屋大学法制論集281号(2019年),5,5,I0000031,結婚の自由をすべての人に訴訟（同性婚訴訟）,【札幌】上告受理申立て理由書,集62巻3号(2011年)633頁、ダグマ・ケス ター=バルチェン(床谷文雄訳)「ヨーロッパにおける同性婚の導入と養子法の問題」名 古屋大学法制論集281号(2019年)(甲A248)299~300頁等参照。 24 崖『民法正義人事編巻之壱』(18
論文（雑誌掲載）,福田剛久,判例の形成と学説,"伊藤眞ほか編『これからの民事 実務と理論』(民事法研究会,2019年)",5,5,I0000031,結婚の自由をすべての人に訴訟（同性婚訴訟）,【東京・第３回】原告ら第３準備書面（被告第１準備書面に対する反論）　※憲法２４条１項，憲法１４条に対する反論,"敷術して憲法適合性の判断をしなければ、合憲か違憲かの判 断に至らない」(福田剛久「判例の形成と学説」伊藤眞ほか編『これからの民事 実務と理論』(民事法研究会,2019年)(甲A173)61及び62頁)。 しかるに、既にみ"
論文（雑誌掲載）,,判例時報,2500号〔2022 年〕137頁,5,2,I0000090/I0000136,司法の独立を脅かす岡口裁判官の罷免訴追に反対します！【アーカイブ】,意見書（山元一）,"条)。 13 渡辺康行「裁判官弹劾制度少考一岡口基一裁判官の訴追を契機として」 『判例時報』2500号〔2022 年〕137頁。 14 法学協会・前掲注(11)1163頁。 15 参照,佐藤幸治 「憲法と裁判官弹"
論文（雑誌掲載）,藤戸敬貴,同性カップルの法的保護をめぐる国内外の動向,レファレンス805号(2 018年),5,5,I0000031,結婚の自由をすべての人に訴訟（同性婚訴訟）,【大阪・第４回】原告ら第３準備書面　※被告第１準備書面に対する反論等,"ión y disolución y sus efectos."" 59 藤戸敬貴「同性カップルの法的保護をめぐる国内外の動向」レファレンス805号(2 018年)(甲A181)79頁。 60 佐久間悠太「同性婚をめぐる諸外国の動向」(甲A180)"
論文（雑誌掲載）,前田陽一,民法七四二条・八○二条(婚姻無効・縁組無効),広中俊雄・星野英一編『民法典の百年V』(有 (甲A184),5,5,I0000031,結婚の自由をすべての人に訴訟（同性婚訴訟）,【札幌】上告受理申立て理由書,)の 外国法とを対比した資料(「民法草案人事編九国対比」)も作成された。前田陽一「民法七 四二条・八○二条(婚姻無効・縁組無効)」広中俊雄・星野英一編『民法典の百年V』(有 (甲A184)3~4、7頁参照。このような外国法の参照は、不平 等条約の改正
論文（雑誌掲載）,井上典之,遺族扶助における生活パートナーの排除と一般的平等原則,"ドイツ憲法判例 研究会『ドイツの憲法判例IV』(信山社,2018年)",5,4,I0000031,結婚の自由をすべての人に訴訟（同性婚訴訟）,【札幌・第１回】控訴理由書,"方に違反するとの判 断がなされている 34。甲A101参照)。 33 井上典之「遺族扶助における生活パートナーの排除と一般的平等原則」ドイツ憲法判例 研究会『ドイツの憲法判例IV』(信山社,2018年)(甲A257)111~114頁参 照。ただし、ドイツ"
論文（雑誌掲載）,,5結論,までに ついて ·甲A第26号証62及び63ページ,4,4,I0000031,結婚の自由をすべての人に訴訟（同性婚訴訟）,【名古屋・第２回】被告第１準備書面,の余は全体として争う。 (3) 「3 婚姻の自由は同性カップルにも及ぶこと」から「5 結論」までに ついて ·甲A第26号証62及び63ページに同性愛に関する記載が存在するこ と、平成15年に特例法が成立し、同法
論文（雑誌掲載）,,II法の下の平等,(甲A181),4,4,I0000131,夫婦別姓も選べる社会へ！訴訟,【東京】20241220_第７準備書面（学説の状況）,氏制度の性差別的側面 高橋和之 「第6章包括的人権と法の下の平等」「II 法の下の平等」(甲A181) 『立憲主義と日本国憲法第6版』162頁 (2024年) 「ほぼ96 パーセントの夫婦が夫の氏に統
論文（雑誌掲載）,大島梨沙,『法律上の婚姻,とは何か(2),4,4,I0000031,結婚の自由をすべての人に訴訟（同性婚訴訟）,【札幌】上告受理申立て理由書,も非難 されるべきものであるとする宗教上の観念が存したものと考えられる。大島梨沙「『法律 上の婚姻』とは何か(2)」北大法学論集62巻3号(2011年)633頁、ダグマ・ケス ター=バルチェン(床谷文雄訳)「ヨーロッパに
論文（雑誌掲載）,,〔座談会〕憲法を使いこなす,Law and practice9号(2015年),4,4,I0000031,結婚の自由をすべての人に訴訟（同性婚訴訟）,【札幌】上告受理申立て理由書,も、私は十分にありえるとおもいますけどね」とも述べている。長谷部恭男=木村草 太「〔座談会〕憲法を使いこなす」Law and practice9号(2015年)(甲A250)1 9頁。 男)、「現時点で、憲法が同性婚を異性婚と同程
論文（雑誌掲載）,,ア科学的知見の確立,について 甲A第48号証989ページ,4,4,I0000031,結婚の自由をすべての人に訴訟（同性婚訴訟）,【東京・第２回】被告第１準備書面,の制約や差別は許さ れないという認識が確立、浸透してきたこと」について (ア) 「ア 科学的知見の確立」について 甲A第48号証989ページに、「1987年に改訂されたDSM- Ⅲ-Rでは、『自我違和性(異質性) 同性愛」と
論文（雑誌掲載）,高橋勝好,優生保護法運営における都道府県医師会の役割,"『日本医師会雑誌』90巻1号, 1983.7.1, p.17. 19 品川信良「人工妊娠中絶(医学的妊娠終了)",4,1,I0000132,「わたしの体は母体じゃない」訴訟,甲19：旧優生保護法に基づく優生手術等を受けた者に対する一時金の支給等に関する法律第21条に基づく調査報告書（抜粋）,"田典礼と避妊リングの行方』彩図社, 2004, pp.8-10. 18 高橋勝好「優生保護法運営における都道府県医師会の役割」『日本医師会雑誌』90巻1号, 1983.7.1, p.17. 19 品川信良「人工妊娠中絶(医学的妊娠終了)について思"
論文（雑誌掲載）,緒方節郎,内閣総理大臣の異議,(『行政判例百選・新版』),4,1,I0000080,地方議会に横行する「少数派議員潰し」に立ち向かう訴訟【アーカイブ】,土屋訴訟・甲第40〜53号証,"権——米内山事件———一」 (『憲法判例百選Ⅱ』) 298頁~299頁,緒方節郎「内閣総理大臣の異議」 (『行政判例百選・新版』)269頁~270頁,東條武治「内閣総理大臣の異議」 (『行政判例百選Ⅱ』)414頁~415頁"
論文（雑誌掲載）,篠原永明,制度形成の統制,(甲A173),4,4,I0000131,夫婦別姓も選べる社会へ！訴訟,【東京】20241220_第７準備書面（学説の状況）,げ出される運命にあったと言ってよい。」(91~92 頁) 篠原永明 「制度形成の統制」(甲A173) 法律時報91巻5号26頁 (2019年) 「考慮事項調整型の統制枠組みの下では、裁判所は複数の考
論文（雑誌掲載）,大野友也,同性婚と平等保護,鹿児島大学法学論集 43巻2号17 頁,4,4,I0000031,結婚の自由をすべての人に訴訟（同性婚訴訟）,大野友也先生 意見書 ※憲法14条1項（法の下の平等）についての意見書,関係性の理論に基づき、同性婚を認めないことは性差別だとする 主張として、大野友也「同性婚と平等保護」鹿児島大学法学論集 43巻2号17 頁(2009年)、同「日本国憲法と同性婚」月報全青司 452号6頁(2017年)。
論文（雑誌掲載）,西村枝美,同性婚の未規定性の憲法適合性:婚姻の自由ではなく人格権の問題として,関西大学法学論集69巻3号(2019年),4,3,I0000031,結婚の自由をすべての人に訴訟（同性婚訴訟）,【札幌・第１回】控訴理由書,登録パートナーシップをあえて導入する理由は乏 しい」と指摘する。 40 西村枝美「同性婚の未規定性の憲法適合性:婚姻の自由ではなく人格権の問題として」 関西大学法学論集69巻3号(2019年)(甲A303)203~204頁(本文及び 注98)参照。 41 中岡淳「同性間
論文（雑誌掲載）,佐久間悠太,同性婚をめぐる諸外国の動向,人間文化研究2 0号(2014年),4,3,I0000031,結婚の自由をすべての人に訴訟（同性婚訴訟）,【東京・第３回】原告ら第３準備書面（被告第１準備書面に対する反論）　※憲法２４条１項，憲法１４条に対する反論,cise of this right. 2 スペイン憲法の日本語訳は、佐久間悠太「同性婚をめぐる諸外国の動向」人間文化研究2 0号(2014年)(甲A169)136~137頁による。原文は次のとおり。”El hombre y la
論文（雑誌掲載）,内野正幸,同性愛をめぐる憲法問題,法学セミナー388号(昭和62年),4,4,I0000031,結婚の自由をすべての人に訴訟（同性婚訴訟）,【大阪・第４回】原告ら第３準備書面　※被告第１準備書面に対する反論等,増刊総合特集シリーズ31号(昭和 60年)(甲A175)94頁。 48 内野正幸「同性愛をめぐる憲法問題」法学セミナー388号(昭和62年)(甲A176) 18頁。 49 內野正幸「同性愛をめぐる憲法問題」(甲A176)21頁
論文（雑誌掲載）,棚村政行,同性愛者間の婚姻は法的に可能か,法学セミナー476号(平成6年),4,4,I0000031/I0000159,結婚の自由をすべての人に訴訟（同性婚訴訟）,【大阪・第４回】原告ら第３準備書面　※被告第１準備書面に対する反論等,"る」45とする。)が,2005年(平成17年)の有地亨『新版家族 42 棚村政行「同性愛者間の婚姻は法的に可能か」法学セミナー476号(平成6年)(甲A 171)21頁。 43 星野茂「わが国における同性愛者をめぐる家族法上の諸問題」"
論文（雑誌掲載）,水野紀子,夫婦同氏を定める民法750条についての憲法13条、14条1項、24条の適合性,(甲A191),4,3,I0000131,夫婦別姓も選べる社会へ！訴訟,【東京】20241220_第７準備書面（学説の状況）,構造になっている点に留意しなければならない。」(56頁) 水野紀子 「夫婦同氏を定める民法 750条についての憲法13条、14条1項、24条の適合性」(甲A191) 家庭の法と裁判6号15頁 (2016年) 「その設計において、夫婦がとても受諾できない婚姻障壁を
論文（雑誌掲載）,淺野博宣,夫婦同氏制,(甲A179),4,4,I0000131,夫婦別姓も選べる社会へ！訴訟,【東京】20241220_第７準備書面（学説の状況）,は、正規の氏と質的に異なるものであり続ける。」(22頁) 淺野博宣 「夫婦同氏制」(甲A179) 『判例プラクティス憲法[第3版]』信山社 (2022年)83頁 「憲法24条2項に違反しないとし
論文（雑誌掲載）,,引揚げ港・博多を考える集い,編集委員会『戦後50年引揚げを憶う(続),4,1,I0000132,「わたしの体は母体じゃない」訴訟,甲19：旧優生保護法に基づく優生手術等を受けた者に対する一時金の支給等に関する法律第21条に基づく調査報告書（抜粋）,"国の密命で」(九大医学部産婦人科教室同窓会誌40号(平成9年度)掲載分抜粋) (「引揚げ港・博多を考える集い」編集委員会『戦後50年引揚げを憶う(続) ―証言・二日市保養所―』引揚げ 港・博多を考える集い, 1998, p.27."
論文（雑誌掲載）,,戸籍行政をめぐる現下の諸問題について,戸籍時報739号(2016年),4,4,I0000031,結婚の自由をすべての人に訴訟（同性婚訴訟）,【札幌】上告受理申立て理由書,第257号)(甲A12)参照。 7 山崎耕史(法務省民事局民事第一課長〔当時〕)「戸籍行政をめぐる現下の諸問題につい て」戸籍時報739号(2016年)(甲A13)43頁参照。 8 前掲『新版注釈民法(21)親族(1)』(甲A16)179頁参
論文（雑誌掲載）,大島理沙,日本における『同性婚,問題」法セ 706 号7頁,4,2,I0000134/I0000159,わたしたちはもう待てない〜同性婚仙台家事審判事件,甲B265意見書2025年3月27日,ているという点が重要であるため、ここでは問題にしないことにした。 37 大島理沙「日本における『同性婚』問題」法セ 706 号7頁、棚村政行「日本における同性婚及び同 性パートナーシップ制度をめぐる動向」新・アジア家族法三国
論文（雑誌掲載）,井上亜紀,氏名の変更を強制されない自由,(甲A163),4,4,I0000131,夫婦別姓も選べる社会へ！訴訟,【東京】20241220_第７準備書面（学説の状況）,内容を確定する規定であるとみるべきではない。」(23頁) 井上亜紀 「氏名の変更を強制されない自由」(甲A163) 佐賀大経済論集 51巻4号91頁 (2019年) 「権利の内容の具体化が法律に委ねられているから
論文（雑誌掲載）,松井茂記,第14章平等権,(甲A186),4,4,I0000131,夫婦別姓も選べる社会へ！訴訟,【東京】20241220_第７準備書面（学説の状況）,める立法裁量の範囲を超えて違憲であるとする。」(15頁) 松井茂記 「第14章平等権」(甲A186) 『日本国憲法[第4版]』366頁 (2022年) 「かつて『家』制度の下では妻は夫の家の姓を名乗
論文（雑誌掲載）,淺野博宣,第3章平等,(甲A182),4,4,I0000131,夫婦別姓も選べる社会へ！訴訟,【東京】20241220_第７準備書面（学説の状況）,た事実は、そのことを裏付けるのに十分である。」(49頁) 淺野博宣 「第3章 平等」(甲A182) 『リーガルクエスト憲法II 人権[第3版]』有斐閣73頁 (2022年) 「夫婦同氏制(民750
論文（雑誌掲載）,米村滋人,『婚姻の自由,に関する基本的な問題状況」法律時報 94巻6号(2022年),3,3,I0000031/I0000131,結婚の自由をすべての人に訴訟（同性婚訴訟）,【札幌】上告受理申立て理由書,原則であり、その制約には合理的な根拠が必要である との見解を示している。米村滋人「『婚姻の自由』に関する基本的な問題状況」法律時報 94巻6号(2022年)も、「同性婚の問題は、『誰と』婚姻をするかの問題であり、平
論文（雑誌掲載）,,『生産性,がない」「『これ〔引用者注: 同性愛〕でいいんだ』とすれば不幸な人を増やすことにつながりません」 と述べた(同・3頁,3,3,I0000031,結婚の自由をすべての人に訴訟（同性婚訴訟）,【大阪・第１回】控訴理由書,民主党の杉田水脈衆議院議員が、同性愛者は生きて いてはいけないと言わんばかりに、「『生産性』がない」「『これ〔引用者注: 同性愛〕でいいんだ』とすれば不幸な人を増やすことにつながりません」 と述べた(同・3頁)
論文（雑誌掲載）,床谷文雄,〔夫婦の氏〕第750条,(甲A175),3,3,I0000131,夫婦別姓も選べる社会へ！訴訟,【札幌】20250120_第６準備書面（学説の状況）,条2項の趣旨と合致しないと考える余地がある。」(54頁) 床谷文雄 「〔夫婦の氏〕第750条」(甲A175) 『新注釈民法(17)親族(1)』167 頁 (2017年) 「個人の氏名のうち、『氏』は夫婦・親
論文（雑誌掲載）,訂正後,どうすれば安全に働けるか,SWASH編『セックスワーク・スタディーズ』(日本 評論社),3,3,I0000064,「セックスワークにも給付金を」訴訟 【アーカイブ】,訂正申立書（証拠説明書(5)について）,編 『セックスワーク・スタディーズ』(日本 評論社)160頁(写し) 訂正後 「どうすれば安全に働けるか」SWASH編『セックスワーク・スタディーズ』(日本 評論社)160頁~173 頁・254頁(写し) 以上 2
論文（雑誌掲載）,尾島明,同性婚を認めない州法の規定と合衆国憲法,法律のひろば69巻3号 (2016年),3,3,I0000031,結婚の自由をすべての人に訴訟（同性婚訴訟）,【札幌】上告受理申立て理由書,Obergefell 判決の反対意見中にも、そのような意見が見 られる。尾島明「同性婚を認めない州法の規定と合衆国憲法」法律のひろば69巻3号 (2016年)(甲A155)58頁参照。 127 以上に対しては、婚姻の自由は制度を前提とする自
論文（雑誌掲載）,大熊文雄,同性愛の精神病理,臨床精神医学6巻1号(昭和52年),3,3,I0000031,結婚の自由をすべての人に訴訟（同性婚訴訟）,【札幌・第４回】原告ら第４準備書面　※裁判所の釈明への回答,年)のブルーボー イ事件判決においても証拠として引用されている。 58 大熊文雄「同性愛の精神病理」臨床精神医学6巻1号(昭和52年)(甲A205)29 頁。 59 風間孝・河口和也『同性愛と異性愛』(甲A24)105頁
論文（雑誌掲載）,安西文雄,国家と宗教,全国憲法研究会(編),3,2,I0000123,県知事の公務での護国神社参拝取りやめをー政教分離原則の違反を問うー,甲18（稲正樹意見書）,うに配慮するものであるのに対し、政治的疎外論は“政”(政治)の 21 安西文雄「国家と宗教」全国憲法研究会(編)憲法問題27号(三省堂・2016年)31-41頁。 22 370 U.S. 421(1962). 2
論文（雑誌掲載）,安念潤司,地方議会議員の懲罰と司法審査,(『同II・第6版』),3,1,I0000080,地方議会に横行する「少数派議員潰し」に立ち向かう訴訟【アーカイブ】,土屋訴訟・甲第40〜53号証,",室井力「議員の懲罰と裁判権」(『行政判例百選Ⅰ』)」64頁~ 66頁,安念潤司「地方議会議員の懲罰と司法審査」(『同II・第6版』)316 頁~317頁,中嶋直木「地方議会議員の懲罰と司法審査」(『同Ⅱ・第7版』) 300頁~30"
論文（雑誌掲載）,野村豊弘,夫婦の氏に関する民法750条の憲法適合性,(甲A192),3,3,I0000131,夫婦別姓も選べる社会へ！訴訟,【東京】20241220_第７準備書面（学説の状況）,反して奪われる被害への想像力が欠如している。」(20頁) 野村豊弘 「夫婦の氏に関する民法750条の憲法適合性」(甲A192) ジュリスト 1505号89頁 (2017年) 「通称として、婚姻前の氏を使用することが許されてい
論文（雑誌掲載）,床谷文雄,夫婦同氏の原則を定める民法750条の規定は憲法13条、14条1項、24条に違反しないとされた事例,(甲A183),3,3,I0000131,夫婦別姓も選べる社会へ！訴訟,【東京】20241220_第７準備書面（学説の状況）,## 8 婚姻制度の脆弱化及び婚姻の本質との関係 床谷文雄 「夫婦同氏の原則を定める民法 750条の規定は憲法13条、14条1項、24 条に違反しないとされた事例」(甲A183) 判例時報 2308号188頁 (2016年) 「成立した婚姻において本質的といえるものは、相互協
論文（雑誌掲載）,巻美矢紀,夫婦同氏制の合憲性,法学教室473号、2020年2月、127頁,3,3,I0000131,夫婦別姓も選べる社会へ！訴訟,甲A014_辻村先生意見書（令和2年3月26日）,号、第21530号損害賠償請求事件 LEX/DB25564040 52 巻美矢紀「夫婦同氏制の合憲性」 法学教室473号、2020年2月、127頁参照。 - 2)池田晴奈准教授の評釈53は、上記②の論点について、判決が「
論文（雑誌掲載）,,恋愛と性欲の第三帝国,『現代思想』21(7),3,3,I0000031,結婚の自由をすべての人に訴訟（同性婚訴訟）,風間孝先生 赤枝香奈子先生 意見書　「同性カップルの権利と異性愛規範」,規範から逸脱しているとされたこ とにも現れている。 【文献】 古川誠、1993「恋愛と性欲の第三帝国」『現代思想』21(7): 110-127。 ―、2001「『性』暴力装置としての異性愛社会」『法社会学』54:80-93
論文（雑誌掲載）,,憲法24条2項に定める「個人の尊厳,を立法に生かす意義」 『ジェンダーと 法』19号(2022年),3,2,I0000031,結婚の自由をすべての人に訴訟（同性婚訴訟）,清末愛砂先生　立石直子先生　憲法24条が要請する同性婚の法制化に関する意見書,軍事拡張 路線を踏まえて」『憲法研究』12号(2023年)91-101頁 - 「憲法24条2項に定める「個人の尊厳」を立法に生かす意義」 『ジェンダーと 法』19号(2022年)24-35頁 - 「非暴力平和主義の両輪-24条と9条」、
論文（雑誌掲載）,萬井隆令,教員の労働と給特法,労働法律旬報 3年),3,1,I0000070,「人間を育てる教員に、人間らしい働き方を」訴訟【アーカイブ】,第10回裁判資料_鑑定意見書（高橋哲先生）実印差し替え,、現行給特法下においても労基法 36条を適用すべきとする所論については、萬井隆令「教員の労働と給特法」労働法律旬報 3年)12頁、高橋哲「教職員の『多忙化』をめぐる法的問題」法学セミナー773 号(2019年)23頁、同・
論文（雑誌掲載）,石川稔,新・家族法事情同性愛者の婚姻〔その2〕,法学セミナー356号(昭和59年),3,3,I0000031/I0000159,日本でもマリアージュしたいねん～海外で成立した同性婚の受理を求める裁判～,c240126補充書面２（これまでの民法学説等は憲法解釈の根拠にならないこと等）,1984年、石川稔が同性婚を論じている状況 1984年(昭和59年)には、石川稔「新・家族法事情 同性愛者の婚姻〔その2〕」法学セミナー356号(昭和59年)(甲A323.59~60頁)が、アメリカ合衆国の同性婚に関する議論を紹介しつつ、次のよ
論文（雑誌掲載）,辻村みよ子,新型コロナとジェンダー・選択的夫婦別姓制,(甲A184),3,2,I0000131,夫婦別姓も選べる社会へ！訴訟,【東京】20241220_第７準備書面（学説の状況）,条2項の平等違反という立論が可能となる。」(138頁) 辻村みよ子 「新型コロナとジェンダー・選択的夫婦別姓制」(甲A184) 『日本と世界の学際交流』辻村みよ子著作集8巻476頁 (2024年) 「2015(平成27)年1
論文（雑誌掲載）,高橋譲,時の判例,ジュリスト1345号74頁,3,3,I0000120,神宮外苑を守ろう訴訟｜100年の歴史と3000本超の樹木を未来へ,【訴訟1・東京都訴訟】執行停止抗告事件　相手方意見書に対する反論書,ての相当性を欠くことが求められるとしたものと考えられる。」と述べている(高橋譲 「時の判例」 ジュリスト1345号74頁以下)。相関関係説は2つの相対立する利益を調整するための概念 (道具)であり、そこでは、相対
論文（雑誌掲載）,建石真公子,民法733条1項・750条の憲法適合性判断,(甲A193),3,3,I0000131,夫婦別姓も選べる社会へ！訴訟,【東京】20241220_第７準備書面（学説の状況）,化できるほどの積極的な意義は認められない。」(56頁) 建石真公子 「民法733条1項・750 条の憲法適合性判断」(甲A193) 判例時報 2284号53頁 (2016年) 「判決[原告ら代理人注:平成27年大法廷判決]の述べ
論文（雑誌掲載）,,法と政治,69巻2号(2018年),3,3,I0000031/I0000135,難民帰化訴訟〜真に社会の一員へ〜,甲36・意見書,井健一「国籍を離脱させられない自由——国籍法11条1項による日本国籍の剥奪 一」『法と政治』69巻2号(2018年) 199、228頁、館田晶子「人権としての国籍の可能 性」憲法理論研究会編『憲法の可能性』(敬文
論文（雑誌掲載）,,法曹時報,33巻7号 〔1981年〕24-25頁,3,3,I0000031/I0000090/I0000151,司法の独立を脅かす岡口裁判官の罷免訴追に反対します！【アーカイブ】,意見書（山元一）,"頁。 30 鈴木忠一「裁判官弾劾法の諸問題(上)一比較法上,解釈上,立法上の一」『法曹時報』33巻7号 〔1981年〕24-25頁。鈴木は、憲法64条,78条後段及び国会法 125条~129条,裁判所弾劾法の諸規"
論文（雑誌掲載）,田中通裕,注釈・フランス家族法(10),法と政治 64巻2号〔2013〕104 頁,3,3,I0000031,結婚の自由をすべての人に訴訟（同性婚訴訟）,二宮周平先生 意見書　※民法学者による本件についての意見,係法は、「平 等、真実、安定性の 3 つの柱」のもとに構築されている(田中通裕 「注釈・フランス家族法(10)」法と政治 64巻2号〔2013〕104 頁)。 ここには、嫡出推定規定を、婚姻制度の目的が生殖にあることの根拠 とする発
論文（雑誌掲載）,高橋和之,第9章婚姻の自由と家族制度,(甲A167),3,3,I0000131,夫婦別姓も選べる社会へ！訴訟,【東京】20241220_第７準備書面（学説の状況）,」 ### 2 夫婦同氏制度と憲法上の婚姻 高橋和之 「第9章 婚姻の自由と家族制度」(甲A167) 『立憲主義と日本国憲法第6版』281頁 (2024年) 「婚姻の成立とその効果の区別は、民法ある
論文（雑誌掲載）,,議会ゆがわら,第116号の編集委員会は11月6日開かれ、全16ページ,3,2,I0000080,地方議会に横行する「少数派議員潰し」に立ち向かう訴訟【アーカイブ】,土屋訴訟・訴状,あたる。 - イ 町議会の8月臨時会および9月定例会に関する記事を主な内容とする「議会ゆがわら」第116号の編集委員会は11月6日開かれ、全16ページのうち、原告に対する懲罰処分の経過に関する記事が冒頭の4ページ分(
論文（雑誌掲載）,中川剛,議員に対する懲罰処分の性質,(『地方自治判例百選』),3,1,I0000080,地方議会に横行する「少数派議員潰し」に立ち向かう訴訟【アーカイブ】,土屋訴訟・甲第40〜53号証,"議員懲罰規定の遡及適用」(『同・第4版』)224頁な どを参照。 (11)中川剛「議員に対する懲罰処分の性質」(『地方自治判例百選』)90頁~ 91頁,岡田雅夫「議員に対する懲罰処分の性質」(『同・第3版』)116頁~ 117頁,"
論文（雑誌掲載）,西田真之,近代日本における妾の法的諸問題をめぐる考察(一),明治学院大学 法学研究102巻〔平成29年〕〔甲A176〕96~103頁,3,3,I0000031,結婚の自由をすべての人に訴訟（同性婚訴訟）,【札幌】上告受理申立て理由書,官布告第36号)で妾に関する規定が削除されるに至ったという経過 がある(西田真之「近代日本における妾の法的諸問題をめぐる考察(一)」明治学院大学 法学研究102巻〔平成29年〕〔甲A176〕96~103頁参照)。一夫一婦の原則に ついて、明治民法の起草
論文（雑誌掲載）,,開かれた24条論に向けて,判例時報2503号94頁,3,3,I0000131,夫婦別姓も選べる社会へ！訴訟,【札幌】20240308_訴状,強いられることになる点で、13条および14条への違反…となる」とする(甲A19・「開かれた24条論に向けて」判例時報2503号94頁2022年)。 ウ 「相互の協力」への支障 さらに、第4(夫婦同氏制度がもたらす諸問題)で述べ
論文（雑誌掲載）,,2008年4月2日,と記載した(乙A第2号証9ページ,2,2,I0000106,本人の意思を無視して日本国籍を一方的にはく奪する「国籍法11条1項は違憲」訴訟,【訴訟３】答弁書（本体）,籍を取得した国名 を「カナダ」と記載するとともに、日本国籍の「喪失の年月日」欄に「20 08年4月2日」と記載した(乙A第2号証9ページ)。 世田谷区役所戸籍係担当者は、市民権カードにカナダ国籍の取得年月日が 記載されていな
論文（雑誌掲載）,針間克己,LGBTと精神医学,精神科治療学31巻8号(2016年),2,2,I0000031,結婚の自由をすべての人に訴訟（同性婚訴訟）,【札幌・第４回】原告ら第４準備書面　※裁判所の釈明への回答,純編『性別に違和感がある子どもたち』(甲A180)56~57頁。 76 針間克己「LGBTと精神医学」精神科治療学31巻8号(2016年)(甲A217) 968頁。 77 大熊輝雄原著・「現代臨床精神医学」第12版改訂委員
論文（雑誌掲載）,論文,PsychopathiaSexualisの初邦訳について邦訳の原典は原著第何版か?,京都精華大 学紀要17号 写し 1999年 斎藤光 ドイツの精神科医クラフト・エビング,2,2,I0000031,結婚の自由をすべての人に訴訟（同性婚訴訟）,【九州・第６回】証拠説明書１６(甲A358から409 ）,対する働きかけや取組みがなされ た結果であること等 360 論文「Psychopathia Sexualis の初邦訳につ いて 邦訳の原典は原著 第何版か?」 京都精華大 学紀要17号 写し 1999年 斎藤光 ドイツの精神科医クラフト・エビングの 著書『Psychop
論文（雑誌掲載）,,bさんがこの件について『それでも虐待の通報はできる,といったので、『何の根拠があってそのようなことが言えるのか?･･･』と強い口調で言ったの,2,2,I0000124,恵庭市「障害者虐待」隠ぺい事件　〜元市議への忖度による放置を許さない〜,【恵庭市「障害者虐待」隠ぺい事件】原告準備書面（２）｜２０２４年６月１２日,「木の実をとって漬物のようにして食べたりする」(乙C5.15頁24行目)。 ウ 「bさんがこの件について『それでも虐待の通報はできる』といったので、『何の根拠があってそのようなことが言えるのか?･･･』と強い口調で言ったのを覚えている。」(乙C5・15頁
論文（雑誌掲載）,高杉志緒,『京城日赤,"と引揚医療——村石正子氏談話聞書―」『下関短期大学紀要』28号,2010.3, p.82",2,1,I0000132,「わたしの体は母体じゃない」訴訟,甲19：旧優生保護法に基づく優生手術等を受けた者に対する一時金の支給等に関する法律第21条に基づく調査報告書（抜粋）,"集成(国内編)第9巻』 ゆまに書房, 2002, p.125.) 51 高杉志緒「『京城日赤』と引揚医療——村石正子氏談話聞書―」『下関短期大学紀要』28号,2010.3, p.82. 52 博多引揚援護局「局史」"
論文（雑誌掲載）,前田陽一,いわゆる「仮想の『身分行為,」の効力に関する一考察」立教 34 号 〔1990〕128 頁,2,2,I0000134/I0000159,わたしたちはもう待てない〜同性婚仙台家事審判事件,甲B265意見書2025年3月27日,「身分行為論管見」太田武男・現代家族法の課題と展望 〔1982〕27頁、前田陽一「いわゆる「仮想の『身分行為』」の効力に関する一考察」立教 34 号 〔1990〕128 頁等)、③同居義務・貞操義務のような婚姻の基本的部分にかかわ
論文（雑誌掲載）,,ときには、裁判所は、その不明瞭を正す釈明を行うべきである,(伊藤 眞『民事訴訟法第7版』(有斐閣2020年),2,2,I0000052,警察庁が保有する秘密個人情報ファイル簿の情報公開訴訟,上告受理申立理由書,反が肯 定される。例えば、「現に主張されている事実が、それ自体が不明瞭であ」 る「ときには、裁判所は、その不明瞭を正す釈明を行うべきである」(伊藤 眞『民事訴訟法第7版』(有斐閣2020年)327頁)。 (2)さらに、情報公開は、「主権者である国民の信託を受け
論文（雑誌掲載）,,まちづくり、集合住宅づくりは誰が決めるべきか,都市住宅学22号(平成10年夏号),2,2,I0000071/I0000119,コロナ禍、日本社会の理不尽を問う（コロナ特措法違憲訴訟）【アーカイブ】,甲第６０号証の１：阿部泰隆先生　意見書,政策』(日本評論社、1995年)による。 - 都市住宅学会賞(1999年年度) 「まちづくり、集合住宅づくりは誰が決めるべきか」 都市住宅学22号(平成10年夏号)80-90頁による。 - 地域政策学会賞(2002年) 『競売の法と経済学』(信山社
論文（雑誌掲載）,,コロナの補助金で対象外の性風俗事業者が国を提訴へ職業に貴賎ないはずだ,AERA 33巻40号 24~25頁,2,2,I0000064,「セックスワークにも給付金を」訴訟 【アーカイブ】,証拠説明書(5)（甲35-47）,に適 うこと等。 47 「コロナの補 助金で対象外 の性風俗事業 者が国を提訴 へ 職業に貴 賎ないはずだ」 AERA 33巻40号 24~25頁 (写し) 小田健司・ 川口穣 (AERA 編集部)
論文（雑誌掲載）,杉山麻里子,セクシュアルマイノリティの家族形成,二宮周平・風間 『家族の変容と法制度の再構築』(法律文化社、2022),2,2,I0000134/I0000159,わたしたちはもう待てない〜同性婚仙台家事審判事件,甲B265意見書2025年3月27日,平編『LGBTQ の家族形成支援』 (信山社、2023)19 頁以下、杉山麻里子「セクシュアルマイノリティの家族形成」二宮周平・風間 『家族の変容と法制度の再構築』(法律文化社、2022) 136 頁、同『ルポ同性カップルの子ど もたち』
論文（雑誌掲載）,,セクシュアル・マイノリティを取り巻く状況,『法律のひろば』2016年 7月号 写し 2016年 7月1日 宝塚大学看 護学部教授,2,2,I0000031,結婚の自由をすべての人に訴訟（同性婚訴訟）,【大阪・第８回】証拠説明書１１（甲A393から415）,2021年 6月18 日 眞野豊 同上 甲A409 「セクシュアル・マイノ リティを取り巻く状況」 『法律のひろば』2016年 7月号 写し 2016年 7月1日 宝塚大学看 護学部教授 日高庸晴 ゲイ
論文（雑誌掲載）,,セックスワーカーへの暴力をどう防ぐか,SWASH 編『セックスワ ーク・スタディ ーズ』(日本評 論社),2,2,I0000064,「セックスワークにも給付金を」訴訟 【アーカイブ】,証拠説明書(5)（甲35-47）,35 「セックスワ ーカーへの暴 力をどう防ぐ か」 SWASH 編『セックスワ ーク・スタディ ーズ』(日本評 論社)138~159 頁・253頁 (写し)
論文（雑誌掲載）,,一望広潤なる芝生は外苑提案の主調なり,(『明治神宮外苑誌』252頁,2,2,I0000120,神宮外苑を守ろう訴訟｜100年の歴史と3000本超の樹木を未来へ,【訴訟２・新宿区訴訟】追加提訴　訴状,る。 今回、都市計画により約3分の1に縮小が計画されている絵画館前の芝生広場は、「一望広潤なる芝生は外苑提案の主調なり」(『明治神宮外苑誌』252頁)と記載されている。これを踏まえて、日本イコモスは、「日本の近代を代表する、国民の貢献により
論文（雑誌掲載）,,主要国における被選挙権年齢(資料),レファレンス833号・62頁,2,2,I0000117,立候補年齢引き下げ訴訟,訴状,けている国はわずかである(甲B26:国立国会図書館調査及び立法考査局政治議会課編「主要国における被選挙権年齢(資料)」レファレンス833号・62頁(2020年6月20日))。また、OECD加盟国36カ国のうち二院制の国である19カ国につい
論文（雑誌掲載）,,人権条約の直接適用可能性,『青山法学論集』 第49巻第1号182頁,2,2,I0000131,夫婦別姓も選べる社会へ！訴訟,【東京】202508225_第19準備書面（条約）,によって国内適用可能性の結論は異なり得る(甲A350・ 517頁、甲A351・申「人権条約の直接適用可能性」『青山法学論集』 第49巻第1号182頁)。 さらに、国際法(条約や国際慣習法)が直接適用可能でなくとも、裁判 所は、国
論文（雑誌掲載）,,人身の自由と被拘禁者の権利保障,(法学教室498号),2,2,I0000155,人質司法に終止符を！訴訟,証拠説明書(4)【甲A30-60】,黙の了解が生じた。」などと述べていること(24頁)。 甲A39 「人身の自由と被拘禁者の権利保障」(法学教室498号) 写し 2022.3 曽我部真裕 憲法学者の曽我部真裕が、従来から教科書が人身の自由
論文（雑誌掲載）,月改定の会告,体外受精・胚移植に関する見解,を参照(『日産婦誌』75巻8号、pp.775-825),2,2,I0000031,結婚の自由をすべての人に訴訟（同性婚訴訟）,新ヶ江章友先生 意見書,る性的少数者が存在 する。 7 日本産科婦人科学会による2023年6月改定の会告「体外受精・胚移植に関する見解」 を参照(『日産婦誌』75巻8号、pp.775-825)。 殖補助医療により出生した子の親子関係は民法上の男女の夫婦に
論文（雑誌掲載）,々木弘通,信教の自由と政教分離,"山内敏弘編『新現代憲法入門』(法律文化社, 2004年)",2,2,I0000123,県知事の公務での護国神社参拝取りやめをー政教分離原則の違反を問うー,甲45 佐々木弘通「信教の自由・政教分離」,"る分離派・覚書」東洋学術研究38 巻2号(1999年)174頁以下 - 々木弘通「信教の自由と政教分離」山内敏弘編『新現代憲法入門』(法律文化社, 2004年)132頁以下 - ■近肇「宗教の公益性と憲法」初宿正典ほか編『国"
論文（雑誌掲載）,早津裕貴,公務員法理論の再構築と横断的対話に向けて,法時95巻8 号(2023年),2,1,I0000116,「会計年度任用職員にも労働基本権を！」訴訟,書証（甲２６）_意見書 ※期日において甲２７と訂正,"務員労働基本権の再 構築』(北海道大学出版会、2006年)83-84頁、早津裕貴「公務員法理論の再構築と横断的対話に向けて」法時95巻8 号(2023年)70頁のほか、西谷,前掲注3)47頁以下、56頁以下、306頁以下、菅野=山川・前掲注8)"
論文（雑誌掲載）,早津裕貴,公立学校教員の労働時間規制に関する検討,季刊労働法266号(2019年),2,2,I0000070,「人間を育てる教員に、人間らしい働き方を」訴訟【アーカイブ】,堀口悟郎先生意見書,は、労基法37条に基づく割増賃金請求権が発生するという見解が有力である。早津裕貴「公立学校教員の労働時間規制に関する検討」 季刊労働法266号(2019年) 66頁など参照。 割増賃金が得られる時間外勤務を不利益とは感じないかもしれない。ま
論文（雑誌掲載）,中島玉吉,内縁の夫婦に就て,法学論叢 10巻3号(1923),2,2,I0000031,結婚の自由をすべての人に訴訟（同性婚訴訟）,【東京・第５回】証拠説明書８（甲A211－1から211-68）,211- 20 中島玉吉「内縁の夫 婦に就て」 法学論叢 10巻3号(1923) 1 頁以下 写 1923年(大正12 年)
論文（雑誌掲載）,犬伏由子,判例評釈,新・判例 解説 Watch30 号(2022),2,1,I0000159,日本でもマリアージュしたいねん～海外で成立した同性婚の受理を求める裁判～,c241218二宮周平先生（民法）意見書（甲C1）,当事者双方の戸籍の 身分事項として婚姻の事実の記載は可能と考えるとする(犬伏由子「判例評釈」新・判例 解説 Watch30 号(2022)100頁)。 以上のように、民法750条全部を違憲とするのではなく、同氏を
論文（雑誌掲載）,,労基法労働時間法制からの脱却を,日本労働研究雑誌690号(2018),2,1,I0000070,「人間を育てる教員に、人間らしい働き方を」訴訟【アーカイブ】,毛塚勝利先生_意見書,時間アプローチの基本コンセプト」労働法律旬報1884号(2017)6 頁以下、同「労基法労働時間法制からの脱却を」日本労働研究雑誌690号(2018)76頁以下、同「労働 時間法制の改革に向けた日本の議論」労働法律旬報1933号(20
論文（雑誌掲載）,国立社会保障・人口問題研究所,厚生省の優良多子家庭表彰並附帯調査,人口問題研究1巻3号(1940-6),2,2,I0000031,結婚の自由をすべての人に訴訟（同性婚訴訟）,【東京二次・第４回】原告ら第２準備書面（婚姻の目的論）,優良多子家庭」の表彰をするようになる(甲 A166 国立社会保障・人口問題研究所「厚生省の優良多子家庭表彰並附帯調査」人口問題研究1巻3号(1940-6)73 頁)。「父母を同じうする満六歳以上の嫡出の子女十人以上を育成したること」が表彰
論文（雑誌掲載）,問題研究所,厚生省の有料多子家庭表彰並附帯調査,人口問 題研究1巻3号(1 940-6),2,2,I0000031,結婚の自由をすべての人に訴訟（同性婚訴訟）,【東京・第５回】証拠説明書１０（甲Ａ243から351-4）,に触れていない事実。 甲A24 5 国立社会保障・人口 問題研究所「厚生省 の有料多子家庭表彰 並附帯調査」人口問 題研究1巻3号(1 940-6)73頁 写 1940年(s15) 国立社会 保障・人 口問題研 究所 1
論文（雑誌掲載）,,合意とは何か,SWASH 編『セックスワ ーク・スタディ ーズ』(日本評 論社),2,2,I0000064,「セックスワークにも給付金を」訴訟 【アーカイブ】,証拠説明書(5)（甲35-47）,38 「合意とは何 か」SWASH 編『セックスワ ーク・スタディ ーズ』(日本評 論社)182~198 頁・252頁 (写し)
論文（雑誌掲載）,白水隆,同性婚と日本国憲法,毛利透ら『比較憲法学の現状と展望』(成文堂、2018),2,2,I0000031,結婚の自由をすべての人に訴訟（同性婚訴訟）,【東京二次・第8回】原告第16準備書面（憲法14条1項）,525) 提出の書面です。 に平等権違反となると考えられる」(甲A362・白水隆「同性婚と日本国憲法」 毛利透ら『比較憲法学の現状と展望』(成文堂、2018)608頁)とする(下 線部は原告ら代理人による)。1 法律上の同
論文（雑誌掲載）,村枝美,同性婚の未規定性の憲法適合性,関西大学法学論集69巻3号(2019年),2,2,I0000031,結婚の自由をすべての人に訴訟（同性婚訴訟）,【札幌】上告受理申立て理由書,科書では、同性婚の記述がそもそも存在しないものが多い」との指摘がある。西 村枝美「同性婚の未規定性の憲法適合性」関西大学法学論集69巻3号(2019年) (甲A303)158頁参照。 46 樋口陽一『憲法〔第3版〕』(創文社、200
論文（雑誌掲載）,毛利透,同性婚を認めない現行法を違憲とした名古屋地裁判決,法学教室516号107頁,2,2,I0000031,結婚の自由をすべての人に訴訟（同性婚訴訟）,【札幌・第５回】更新弁論要旨,当該欠如が正当化できないなら端的に違憲というべきであろう」と指摘している(毛利透「同性婚を認めない現行法を違憲とした名古屋地裁判決」法学教室516号107頁参照)。 に対し、同性カップルには婚姻も法律上の家族関係の形成も認められていないこと」(憲法24
論文（雑誌掲載）,松原俊介,同性婚問題からみる平等の救済方法,法学セミナー818号(甲A556),2,2,I0000031,結婚の自由をすべての人に訴訟（同性婚訴訟）,【札幌】上告受理申立て理由書,朝日新聞出版『一冊の本』(2023年)(甲A555)9 0頁。 139 松原俊介「同性婚問題からみる平等の救済方法」法学セミナー818号(甲A556) 22頁。 する平等原則に違反すると判断している140。 また、以上のような差別意識は
論文（雑誌掲載）,白水隆,同性愛者に対する公共施設宿泊拒否,長谷 部恭男ほか編『憲法判例百選Ⅰ〔第7版〕』(有斐閣、2019年),2,2,I0000031/I0000111,日米同性カップル在留資格訴訟  〜家族そろって日本で暮らすために〜【アーカイブ】,近藤敦教授意見書（添付資料）,部恭男編『注解日本国憲法(2)』 (有斐閣、2017年)〔川岸令和執筆〕。白水隆「同性愛者に対する公共施設宿泊拒否」長谷 部恭男ほか編『憲法判例百選Ⅰ〔第7版〕』(有斐閣、2019年)69頁。 11 に反する。 また、外国人と外国人の
論文（雑誌掲載）,,同項の制定に至るまでの過程においては、常に『男女,"又は 『両性』という文言が用いられており,一貫して性別の異なる者同士の結合 について「婚姻」と表現されている」(同13頁",2,2,I0000031,結婚の自由をすべての人に訴訟（同性婚訴訟）,【札幌・第５回】原告ら第６準備書面　※被告第２準備書面に対する反論等,"は明らかであるから、同項の『婚姻』とは異性間の婚姻をいう」 7 (同11頁),「同項の制定に至るまでの過程においては、常に『男女』又は 『両性』という文言が用いられており,一貫して性別の異なる者同士の結合 について「婚姻」と表現されている」(同13頁"
論文（雑誌掲載）,安西文雄,地域による取扱いの差異と地方自治,別冊ジュリスト186号『憲法判例百 選I〔第5版〕』(甲A256),2,2,I0000031,結婚の自由をすべての人に訴訟（同性婚訴訟）,【札幌・第５回】原告ら第６準備書面　※被告第２準備書面に対する反論等,"に基づき,婚姻を他の生活形式に対して優遇することは立法者に禁止 59 安西文雄「地域による取扱いの差異と地方自治」別冊ジュリスト186号『憲法判例百 選I〔第5版〕』(甲A256)72~73頁。 60 渡辺康行ほか『憲法I 基本権』("
論文（雑誌掲載）,常岡孝好,地方議会議員の懲罰と司法権,(『同,2,1,I0000080,地方議会に横行する「少数派議員潰し」に立ち向かう訴訟【アーカイブ】,土屋訴訟・甲第40〜53号証,"停止の懲罰決議と司法審査」(『地方自治判例 百選』)102頁~103頁,常岡孝好「地方議会議員の懲罰と司法権」(『同。 第3版』)120頁~121頁,大橋真由美「地方議会議員の懲罰と司法権」 (『同・第4版』) 126頁などを参照"
論文（雑誌掲載）,久武綾子,外国法における夫婦の氏『今昔物語,」 時の法令1562号 37-38頁,2,2,I0000131,夫婦別姓も選べる社会へ！訴訟,【東京】20241220_第９準備書面（海外の状況）,夫婦の共通の氏を定めない場合は別氏とする制度に改め られた(甲A251・久武綾子「外国法における夫婦の氏『今昔物語』」 時の法令1562号 37-38頁)。1993年法では、夫婦同氏を 原則としつつ、人格権、婚姻の自由、男女平等という憲
論文（雑誌掲載）,小山剛,夫婦同氏制を定める民法750条の合憲性,(甲A168),2,1,I0000131,夫婦別姓も選べる社会へ！訴訟,【東京】20241220_第７準備書面（学説の状況）,、この立法趣旨は殆ど意味をなしていない。」(47~48頁) 小山剛 「夫婦同氏制を定める民法 750条の合憲性」(甲A168) ジュリスト 1505号22頁 (2017年) 「確かに、法律婚は、法律による内容形成を必要とする
論文（雑誌掲載）,,女性と人権,日本評論社219~222頁,2,1,I0000131,夫婦別姓も選べる社会へ！訴訟,甲A014_辻村先生意見書（令和2年3月26日）,)245~247頁参照。 この2008年の見解は、実は、1997年(平成9)年の『女性と人権』 日本評論社219~222頁に 掲載したもので、初出は、辻村みよ子 「憲法24条と夫婦の同権」 法律時報65巻12号(1
論文（雑誌掲載）,,婚姻とは終生の共同生活を目的とする一男一女の正当な結合関係を云ふ,"⑤ 森本富士雄『日本親族法』 (文信社書店,1926〔昭和元年〕)",2,2,I0000031,結婚の自由をすべての人に訴訟（同性婚訴訟）,【東京二次・第４回】原告ら第２準備書面（婚姻の目的論）,"『親族法』 (岩波書店, 1933〔昭和8〕年) (甲A156 221頁) 「婚姻とは終生の共同生活を目的とす る一男一女の正当な結合関係を云ふ」 ⑤ 森本富士雄『日本親族法』 (文信社書店,1926〔昭和元年〕)44頁 (甲A157) 「男女の"
論文（雑誌掲載）,,婚姻の際に夫婦別氏の選択を許さない民法750条及び戸籍法74条1号の合憲性,新・判例 解説Watch 30号23頁,2,2,I0000131,夫婦別姓も選べる社会へ！訴訟,【東京】20240913_証拠説明書（A４）甲A115～150,い。」と批評していること。 甲A 26 「婚姻の際に夫 婦別氏の選択を 許さない民法7 50条及び戸籍 法74条1号の 合憲性」新・判例 解説Watch 30号23頁 (写し) 土井真一教授 2022年4月 土井真一京都大学
論文（雑誌掲載）,南方暁,婚姻法グループの改正提案~婚姻の成立,家族 33 号(2017),2,1,I0000031,結婚の自由をすべての人に訴訟（同性婚訴訟）,二宮周平先生 意見書　※民法学者による本件についての意見,の者 は、婚姻をすることができる」という婚姻の性中立化規定が提案された (南方暁「婚姻法グループの改正提案~婚姻の成立」家族 33 号(2017)98~99 頁)。2017年9月27日、日本学術会議法学委員会「社 会と教育における LGBT
論文（雑誌掲載）,山口智,宗教条項理論の有用性,宗教法第21号 「宗教条項理論の有用性」 宗教法第21号(2002年),2,1,I0000123,県知事の公務での護国神社参拝取りやめをー政教分離原則の違反を問うー,甲45 佐々木弘通「信教の自由・政教分離」,ほか編『日本国憲法解釈の再検討』(有斐閣、 2004年)114頁以下 - 山口智「宗教条項理論の有用性」宗教法第21号 「宗教条項理論の有用性」 宗教法第21号(2002年)51頁以下 - ウィリアム・P・ウッダード (阿部
論文（雑誌掲載）,学会,家族〈社会と法〉,(日本加除出版、2017),2,2,I0000031,結婚の自由をすべての人に訴訟（同性婚訴訟）,【九州・第１１回】原告ら第２７準備書面　（社会事実の変化等について９　総まとめ）,をすることができる」との規定の新設を提案した(甲A51・日本家族〈社会と法〉学会『家族〈社会と法〉』(日本加除出版、2017)98~99頁)。 また、2017(平成29)年9月、政府に対する勧告権限をも有する日本学術会
論文（雑誌掲載）,大島梨沙,家族制改革における立法の位置,井田良・松原芳博編『立法学のフロンティア3立法実践の変革』(サカニシヤ出版、2014),2,2,I0000134/I0000159,わたしたちはもう待てない〜同性婚仙台家事審判事件,甲B265意見書2025年3月27日,いてその存在感を発揮 せず空回りしてる原因のひとつであると思われる。また大島梨沙「家族制改革における立法の位置」 井田良・松原芳博編『立法学のフロンティア3立法実践の変革』(サカニシヤ出版、2014)214頁もこ の点を指摘している
論文（雑誌掲載）,利谷信義,家族法の実験,『シリーズ 変貌する家族 1 家族の社会 史』(岩波書店、1991),2,2,I0000031,結婚の自由をすべての人に訴訟（同性婚訴訟）,二宮周平先生 意見書　※民法学者による本件についての意見,。明 治期の戸籍制度を実証的に研究した利谷信義は、次のように記述する (利谷信義「家族法の実験」『シリーズ 変貌する家族 1 家族の社会 史』(岩波書店、1991)101 頁)。 明治政府が政権獲得後まず着手したのは
論文（雑誌掲載）,デボラ・ヘルマン,差別はいつ悪質になるのか,54頁,2,1,I0000129,「共働き妻を亡くした夫にも遺族年金を」訴訟,甲33　大阪大学　松本和彦先生　意見書（憲法）,修正を図った。今回もまた同様の判例の見直しが望まれる。 17 デボラ・ヘルマン『差別はいつ悪質になるのか』 54頁(法政大学出版局、2018年)。 18 松本和彦「社会保障立法の平等をめぐる事例分析」法学セミナー772号68頁
論文（雑誌掲載）,,座談会国立病院の発足を回顧して,"『医療』9巻12号, 1955.12, p.77(999)",2,1,I0000132,「わたしの体は母体じゃない」訴訟,甲19：旧優生保護法に基づく優生手術等を受けた者に対する一時金の支給等に関する法律第21条に基づく調査報告書（抜粋）,"引揚援護の記録』引揚援護庁, 1950.3, p.133. 47 濱野規矩雄ほか「座談会 国立病院の発足を回顧して」『医療』9巻12号, 1955.12, p.77(999). 48 厚生省医務局『国立病院十年の歩み』厚生省医務局,19"
論文（雑誌掲載）,,強制処分と証拠開示,(法政研究第76巻第4号),2,2,I0000155,人質司法に終止符を！訴訟,証拠説明書(1)【甲1-25】,このような対審構造化が必要である。 (11-12頁) 甲A16 「強制処分と証拠開示」 (法政研究第76巻第4号) 861-906頁 写し 2010.3 齋藤司 刑事訴訟法学者
論文（雑誌掲載）,宮本忠雄・平山正実,性行動の心理的異常,熊本悦明編『現代の性(からだの科学臨時 増刊),2,2,I0000031,結婚の自由をすべての人に訴訟（同性婚訴訟）,【札幌・第４回】原告ら第４準備書面　※裁判所の釈明への回答,"』 (日本評論社,昭和56年)(甲A215)180頁。 73 宮本忠雄・平山正実「性行動の心理的異常」熊本悦明編『現代の性(からだの科学臨時 増刊)』(日本評論社,昭和56年)(甲A216)111頁。 74 宮本忠雄・平山"
論文（雑誌掲載）,辻村みよ子,憲法と姓―民法750条違憲論の諸相,(甲A18),2,2,I0000131,夫婦別姓も選べる社会へ！訴訟,【東京】20241220_第７準備書面（学説の状況）,選択』一選択的夫婦別姓制の実現に向けて」(甲A194) 辻村みよ子 「憲法と姓―民法750条違憲論の諸相」(甲A18) ジェンダー法研究第8号35頁 (2021年) 憲法24条2項違反とも言えることになるであろう。」(
論文（雑誌掲載）,,憲法上の基本権としての『芸術の自由,成立史 (1),2,2,I0000095,『宮本から君へ』助成金不交付決定取消訴訟【アーカイブ】,意見書,上るが、憲法研究の分野のものとしては、ドイツの歴 史を扱ったものとして奥山亜喜子「憲法上の基本権としての『芸術の自由』成立史 (1)」(「女子美術大学研究紀要」43巻、2013年)、ドイツの映画検閲に焦点を当てたも のとして阿部和文『表現
論文（雑誌掲載）,渋谷秀樹,憲法理論からみた同性婚の省察,判例時報2515号(2022年),2,2,I0000031,結婚の自由をすべての人に訴訟（同性婚訴訟）,【札幌】上告受理申立て理由書,1年5月3日掲 載)における辻村みよ子教授の見解(甲A423)。 64 渋谷秀樹「憲法理論からみた同性婚の省察」判例時報2515号(2022年)112 頁。 65 高橋和之『立憲主義と日本国憲法〔第5版〕』(有斐閣、2017年)(甲
論文（雑誌掲載）,,接見禁止と接見の自由,(木谷明ほか編『憲法的刑事 弁護』111頁,2,2,I0000155,人質司法に終止符を！訴訟,証拠説明書(7)20260508【甲A102-139】_リンク付き,%であること A126 「接見禁止と接見の自由」 (木谷明ほか編『憲法的刑事 弁護』111頁) 写し 2017.7.10
論文（雑誌掲載）,,"故に子無きを去ることなく,老年者の婚姻を禁ずることなく,生殖不能を以て離婚又は婚姻の無効取消の原因とすることなし","同『親族法』 (岩波書店, 1933〔昭和8〕年)",2,2,I0000031,結婚の自由をすべての人に訴訟（同性婚訴訟）,【東京二次・第４回】原告ら第２準備書面（婚姻の目的論）,"とめる) 「婚姻は夫妻の共同生活を目的とす。必ずしも子を得ることを目的とせず。」「故に子無きを去ることなく,老年者の婚姻を禁ずることなく,生殖不能を以て離婚又は婚姻の無効取消の原因とすることなし」 同『親族法』 (岩波書店, 1933〔昭和8〕年) (甲A156 221頁) 「婚姻とは終生の共"
論文（雑誌掲載）,小林司,文化論的にみた性のありかた,熊本悦明編『現代の性(からだの科学臨時増刊),2,2,I0000031,結婚の自由をすべての人に訴訟（同性婚訴訟）,【札幌・第４回】原告ら第４準備書面　※裁判所の釈明への回答,"について,風間孝・河口和也『同性愛と異性愛』(甲A213)32頁。 72 小林司「文化論的にみた性のありかた」熊本悦明編『現代の性(からだの科学臨時増刊)』 (日本評論社,昭和56年)(甲A215)180頁。 73 宮本忠雄・平山"
論文（雑誌掲載）,,新型コロナウイルス感染症に伴う給付金給付事業の法的分析,行政 法研究 36号 119~164頁,2,2,I0000064,「セックスワークにも給付金を」訴訟 【アーカイブ】,証拠説明書(5)（甲35-47）,さ れること等。 41 「新型コロナ ウイルス感染 症に伴う給付 金給付事業の 法的分析」行政 法研究 36号 119~164頁 (写し) 碓井光明 東京大学 名誉教授 2020
論文（雑誌掲載）,,新旧規定対照表(我妻榮編),我妻 榮編『戦後における民法改正の経過』(甲A146),2,2,I0000031/I0000159,結婚の自由をすべての人に訴訟（同性婚訴訟）,【大阪・第４回】原告ら第３準備書面　※被告第１準備書面に対する反論等,"187頁(上 野雅和執筆部分)。 明治民法と現行民法の規定を対照したものとして,「新旧規定対照表(我妻榮編)」我妻 榮編『戦後における民法改正の経過』(甲A146)351~378頁参照。 3 青山道夫・有地享編『新版注釈民法(21"
論文（雑誌掲載）,横田耕一,日本国憲法からみる家族,法学セミナー増刊総合特集シリーズ31号(昭和 60年),2,2,I0000031,結婚の自由をすべての人に訴訟（同性婚訴訟）,【札幌・第４回】原告ら第４準備書面　※裁判所の釈明への回答,有地亨『新版家族法概論〔補訂版〕』(甲A195)73~74頁。 93 横田耕一「日本国憲法からみる家族」法学セミナー増刊総合特集シリーズ31号(昭和 60年)(甲A227)94頁。 94 內野正幸「同性愛をめぐる憲法問題」法
論文（雑誌掲載）,,日本国憲法と同性婚,月報全青司 452号6頁,2,2,I0000031,結婚の自由をすべての人に訴訟（同性婚訴訟）,大野友也先生 意見書 ※憲法14条1項（法の下の平等）についての意見書,"友也「同性婚と平等保護」鹿児島大学法学論集 43巻2号17 頁(2009年)、同「日本国憲法と同性婚」月報全青司 452号6頁(2017年)。 10 Hively, 853 F.3d at 347-49. 11 Price"
論文（雑誌掲載）,,日本国憲法における同性婚の位置,専修法学論集135号(2019年),2,2,I0000031,結婚の自由をすべての人に訴訟（同性婚訴訟）,【札幌・第１回】控訴理由書,"友也「日本国憲法と同性婚」月報全青司452号(2017年)(甲A298),榎 透「日本国憲法における同性婚の位置」専修法学論集135号(2019年)(甲A30 2),西村枝美「同性婚の未規定性の憲法適合性:婚姻の自由ではなく人格権の問"
論文（雑誌掲載）,高柳眞三,明治前期における婚姻法の成立(1),法律時報14巻1号(昭和17年),2,2,I0000031,結婚の自由をすべての人に訴訟（同性婚訴訟）,【札幌・第４回】原告ら第４準備書面　※裁判所の釈明への回答,"』(有斐閣,平成元年)(甲A16)179 頁(上野雅和執筆部分)。 2 高柳眞三「明治前期における婚姻法の成立(1)」法律時報14巻1号(昭和17年)(甲A 175)46~49頁。 3 妾に関する規定を削除する理由について,法制局の議案で"
論文（雑誌掲載）,,時報日本精神病院協会で断種法制定の支持を決議,"『医海時報』2338号, 1939.6.24, p.12. 36 日本学術振興会編『日本",2,1,I0000132,「わたしの体は母体じゃない」訴訟,甲47：国民優生法の制定過程,"日本学術振興会年報』6号(自昭和13年4月至昭和14年 3月)p.20. 35 「時報 日本精神病院協会で断種法制定の支持を決議」『医海時報』2338号, 1939.6.24, p.12. 36 日本学術振興会編『日本学術振興会年報』7号(自昭和14"
論文（雑誌掲載）,安部祥太,未決拘禁と身体不拘束の原則,『国境を越える市民社会と 刑事人権—— 新倉修先生古稀祝賀論文集』(現代人文社、2019年),2,2,I0000130/I0000155,日本の「黙秘権」を問う訴訟 〜56時間にわたる侮辱的な取調べは違法〜 ,甲４号証（安部祥太氏意見書）,る必要性や実益を認識しなかった。その代わりに、弁護人立会権や黙秘 86 安部祥太「未決拘禁と身体不拘束の原則」『国境を越える市民社会と 刑事人権—— 新倉修先生古稀祝賀論文集』(現代人文社、2019年)200~216頁。 87 こ
論文（雑誌掲載）,,民法正義人事編巻之壹(上下),1 93ページ,2,2,I0000031,結婚の自由をすべての人に訴訟（同性婚訴訟）,【大阪・第５回】被告第３準備書面,スヘキ條件ナレドモ、必要欠ク可ラサル條件ニアラ ズ」と説明する文献(熊野敏三ほか「民法正義人事編巻之壹(上下)」1 93ページ・甲A第213号証)を引用し、「我が国の婚姻制度は、必ず しも生殖を目的としない親密な人格的結合(『両心ノ
論文（雑誌掲載）,,法の前の平等,国家学会雑誌64巻1号26頁,2,2,I0000031,結婚の自由をすべての人に訴訟（同性婚訴訟）,【東京二次・第１回】控訴理由書第３分冊（憲法１４条）,択、住 居等あらゆる面で幸福追求を制約され劣位に置かれた(甲A649・伊藤正 己「法の前の平等」国家学会雑誌64巻1号26頁(1950)、参照30頁 下線部)。近代社会はこのような秩序を自由と平等の原理によって否定す
論文（雑誌掲載）,梅謙次郎,法典二就テ,国家学会雑誌8巻84号(1894年),2,2,I0000031,結婚の自由をすべての人に訴訟（同性婚訴訟）,【札幌】上告受理申立て理由書,云ハザ ルベカラズ。……是レ民法上ニ於テ之ヲ規定シタル所以ナリ」とする。梅謙次郎「法典二 就テ」国家学会雑誌8巻84号(1894年)(甲A478)も、「統計ヲ見ルトキハ、東 京ナドニテハ大抵離婚ノ数ハ婚姻ノ数ノ3分ノ
論文（雑誌掲載）,,無回答,が7.5%であっ た(甲A75号証・152頁,2,2,I0000031,結婚の自由をすべての人に訴訟（同性婚訴訟）,【九州・第４回】原告ら第７準備書面　※スティグマについての書面,%、「やや賛成」が36.4%、 「やや反対」が25.3%、「反対」が16.0%、「無回答」が7.5%であっ た(甲A75号証・152頁)。この調査でも、「賛成」と「やや賛成」を併せる と、回答者の半数以上が賛成
論文（雑誌掲載）,,現代アメリカ家族法,川 「井進ほか編『講座 現代家 族法』(日本評論社),2,2,I0000031,結婚の自由をすべての人に訴訟（同性婚訴訟）,【東京 二次提訴】証拠説明書１(甲A1から144),としたこと等 甲A20 「現代アメリカ家族法」川 「井進ほか編『講座 現代家 族法』(日本評論社) 141-175頁 写し 1992年
論文（雑誌掲載）,大熊輝雄原著,現代臨床精神医学,"第12版改訂委員会編『現代臨床精神医学〔改訂第 12版〕』(金原出版,平成25年)",2,2,I0000031,結婚の自由をすべての人に訴訟（同性婚訴訟）,【札幌・第４回】原告ら第４準備書面　※裁判所の釈明への回答,"科治療学31巻8号(2016年)(甲A217) 968頁。 77 大熊輝雄原著・「現代臨床精神医学」第12版改訂委員会編『現代臨床精神医学〔改訂第 12版〕』(金原出版,平成25年)(甲A218)104頁。 78 康純編"
論文（雑誌掲載）,木村草太,生殖関係なき異性婚と同性婚の区別の合憲性,法律時報94巻10号(甲A509),2,2,I0000031,結婚の自由をすべての人に訴訟（同性婚訴訟）,【札幌・第３回】控訴人ら第８準備書面（大阪地裁判決に対する批判）,判官は、この問いを良心に照らし真剣に考えてほしい」と厳しく論評している。木村草太「生殖関係なき異性婚と同性婚の区別の合憲性」法律時報94巻10号(甲A509)4頁以下(6頁)。 が目的ではないとされて、老年者や生殖不能な者の婚姻も有効に成立
論文（雑誌掲載）,,生産性がない,「『同性愛でいいんだ』とすれば不幸な人を増やすことにつな がりません」と述べた(甲A208・3頁,2,2,I0000031,結婚の自由をすべての人に訴訟（同性婚訴訟）,【東京・第５回】原告ら第１６準備書面（司法の積極的な違憲判断が求められることに関する書面）,"民主党の杉田みお衆議院議員が,同性愛 者は生きていてはいけないと言わんばかりに,「生産性がない」 「『同性愛でいいんだ』とすれば不幸な人を増やすことにつな がりません」と述べた(甲A208・3頁) - 2019年1月"
論文（雑誌掲載）,薄井一成,申請手続過程と法,『行政法の新構想II 行政作用・行政手続・行政情報 法』(有斐閣、2008年),2,2,I0000060/I0000111,ジャーナリストに渡航の自由を！訴訟【アーカイブ】,原告第９準備書面,示)をしな いで済ませようとする被告国の主張を許してはならない。 16 薄井一成「申請手続過程と法」 『行政法の新構想II 行政作用・行政手続・行政情報 法』(有斐閣、2008年) 284頁以下は、「行政庁は、立法に拘束
論文（雑誌掲載）,,第20章家族,(渡辺康行他『憲 法I 基本権第2 版』482頁,2,2,I0000131,夫婦別姓も選べる社会へ！訴訟,【東京】20241220_証拠説明書（Ａ８）学説書面_甲A162-194,存在しない」とすること等。 甲A165 「第20章家族」 (渡辺康行他『憲 法I 基本権第2 版』482頁) (写し) 宍戸常寿 2023年 宍戸常寿教
論文（雑誌掲載）,,結婚と健康診断書,同『現代家族法の展開』(一粒社、1990),2,2,I0000031,結婚の自由をすべての人に訴訟（同性婚訴訟）,二宮周平先生 意見書　※民法学者による本件についての意見,を結びつける ものであり、ナチスドイツの影響がうかがえないでもないが(久貴忠 彦「結婚と健康診断書」同『現代家族法の展開』(一粒社、1990)83 頁)、第2次大戦後、当事者双方の心身の健康性を担保し、母子保護 を図るも
論文（雑誌掲載）,内野正幸・判例評釈,自治研究,62巻11号(1986年),2,2,I0000046/I0000090,在外選挙権確認訴訟【アーカイブケース】,甲２１：「在外日本人の選挙権行使と立法の不作為」と題する意見書,号1211頁。 (29)戸波・前揭(19)385頁。 (30)内野正幸・判例評釈『自治研究』62巻11号(1986年)131頁。 (31)同・131頁。もっとも内野教授は、他に適切な救済手段があると解しうるのは、
論文（雑誌掲載）,岩沢雄司,自由権規約委員会の規約解釈の法的意義,世界法年報29号(2010年),2,2,I0000031/I0000096,「日本の入管収容は国際人権法違反」訴訟,甲A54　意見書「自由権規約の解釈方法について」（大阪大学大学院国際公共政策研究科准教授　髙田陽奈子）,の解釈に際して、自由権規約委員会の一般的意見27号が提示した比 71 岩沢雄司「自由権規約委員会の規約解釈の法的意義」世界法年報29号(2010年)62-63頁。該当箇所において、岩沢は、個人通報制度における見解で示された解釈を念頭に置い
論文（雑誌掲載）,平田俊明,西洋精神医学に「おける同性愛の扱いの変遷,精神科治療学31巻8 号 985-990頁,2,2,I0000031,結婚の自由をすべての人に訴訟（同性婚訴訟）,【札幌・東京・名古屋・大阪】証拠説明書１(甲A1から137),同上 甲A48 平田俊明「西洋精神医学に 「おける同性愛の扱いの変 遷」精神科治療学31巻8 号 985-990頁 写し 2016年 8月19 日発行
論文（雑誌掲載）,,西洋精神医学における同性愛の扱いの変遷,精神科治療学31巻 8号985-990頁,2,2,I0000031,結婚の自由をすべての人に訴訟（同性婚訴訟）,【札幌・東京・名古屋・大阪】訴状　東京地裁20190214提訴分,"7年,同性愛 に関する用語を精神障害の項目から全て削除した(甲A48・平田俊 明「西洋精神医学における同性愛の扱いの変遷」精神科治療学31巻 8号985-990頁,甲A28-1,28-2・DSM-III-R)。 また,WHO作成の『国際疾病分"
論文（雑誌掲載）,法学協会,註解日本国憲法下巻,"(有斐閣,1954年)",2,2,I0000090/I0000117,司法の独立を脅かす岡口裁判官の罷免訴追に反対します！【アーカイブ】,意見書（山元一）,"『憲法 [第7版〕』(日本評論社,2021年)392頁,参照。 11 法学協会『註解日本国憲法 下巻』(有斐閣,1954年) 9頁。 12 柳瀬良幹「弾劾疑義」『自治研究』26巻1号〔1950年〕33頁。 は、政治的利害の"
論文（雑誌掲載）,,誰が問いを立てるのか,S WASH編『セ ックスワーク・ スタディーズ』 (日本評論社),2,2,I0000064,「セックスワークにも給付金を」訴訟 【アーカイブ】,証拠説明書(5)（甲35-47）,れるべきこと等。 36 「誰が問いを 立てるのか」S WASH編『セ ックスワーク・ スタディーズ』 (日本評論社) 30~45頁・254 頁 (写し)
論文（雑誌掲載）,鳥澤孝之,諸外国の同性婚制度等の動向,調査と情報 798号(2013年),2,2,I0000031,結婚の自由をすべての人に訴訟（同性婚訴訟）,【札幌・第７回】原告ら第１１準備書面（本件規定の違憲性及び本件立法不作為の違法性）,"シップ制度」レファレンス平成22年 4月号(2010年)(甲A355),鳥澤孝之「諸外国の同性婚制度等の動向」調査と情報 798号(2013年)(甲A356),二宮周平編『新注釈民法(17)親族(1)』(甲A38) 7 4頁(二宮"
論文（雑誌掲載）,奥平康弘,警察の理念と現実,『思想』岩波書店1958年12月号18 74頁,2,2,I0000104,公安警察による市民運動の監視を許さない。市民の「もの言う」自由を守るための訴訟【アーカイブ】,【第１回】控訴理由書,市民に協力し、あるいは市民のかわりに除去に任ずるということに ある。」(奥平康弘「警察の理念と現実」『思想』岩波書店1958年12月号18 74頁)。したがって、ここにいう警察官は、常に市民の手足として、市民の延長 とし
論文（雑誌掲載）,拙稿,議員の懲罰決議に対する取消訴訟,(『地方自治判例百選・ 第2版』),2,1,I0000080,地方議会に横行する「少数派議員潰し」に立ち向かう訴訟【アーカイブ】,土屋訴訟・甲第40〜53号証,"号20頁)は、除名は「議員の身分の喪失に関する重大 (2) (1) 本稿は、拙稿「議員の懲罰決議に対する取消訴訟」(『地方自治判例百選・ 第2版』)106頁~107頁,そして,平成12年(行コ) 第41号の「戒告処分 取消請求控訴事件"
論文（雑誌掲載）,鈴木庸夫,議員懲罰規定の遡及適用,(『同・第2版』),2,1,I0000080,地方議会に横行する「少数派議員潰し」に立ち向かう訴訟【アーカイブ】,土屋訴訟・甲第40〜53号証,"員の懲罰決議に対する取消訴訟」(『地方自治判例百選』)98 頁~99頁,鈴木庸夫「議員懲罰規定の遡及適用」(『同・第2版』)100頁~ (11) (12) 中京法学54巻3・4号(2020年) (273)557 幌高裁昭和2"
論文（雑誌掲載）,寺洋平,議場外の議員の個人的行為と懲罰事由,(『同・第4版』),2,1,I0000080,地方議会に横行する「少数派議員潰し」に立ち向かう訴訟【アーカイブ】,土屋訴訟・甲第40〜53号証,"人的行為と懲罰事由」(『地方自治判例百選・ 第3版』)118頁~119頁,寺洋平「議場外の議員の個人的行為と懲罰事由」 (『同・第4版』) 224頁などを参照。 (14) 田村悦一「会議外の行為と懲罰」(『地方自治判例百選』)94頁~95"
論文（雑誌掲載）,仲正,運輸審議会の審理手続,(『同Ⅰ・第5版』),2,1,I0000080,地方議会に横行する「少数派議員潰し」に立ち向かう訴訟【アーカイブ】,土屋訴訟・甲第40〜53号証,"剛「審議会と行政手続」(『行政判例百選II・第4版』)270頁~271 頁,仲正「運輸審議会の審理手続」(『同Ⅰ・第5版』)248頁~249頁,大沢 光「運輸審議会の審理手続」(『同1・第7版』) 238頁~239頁などを参"
論文（雑誌掲載）,,道路運送事業をめぐる紛争,定塚誠(編),2,2,I0000064,「セックスワークにも給付金を」訴訟 【アーカイブ】,証拠説明書(4)(甲32-34),していること等。 33 「道路運送事業 をめぐる紛争」 定塚誠(編)『裁 判実務シリーズ 7 行政関係訴 訟の実務』(商 事法務)365~ 366頁(写し)
論文（雑誌掲載）,小池信行,選択的夫婦別氏制の論点について,戸籍時報654号57頁,2,2,I0000131,夫婦別姓も選べる社会へ！訴訟,【東京】20241220_第８準備書面（国会議論状況）,おいても、「夫婦別氏制導入賛成が圧倒的な多数意見」であった(甲A209・小池信行「選択的夫婦別氏制の論点について」戸籍時報654号57頁(日本加除出版、2010))。そして、身分法小委員会の多数意見と 13 国会議員の主流意見との間
論文（雑誌掲載）,馬場里美,遺族年金の同性パートナーへの支給―ヤング対オーストラリア事件,(『性的マイノリティ判例 【解説』150-153頁,2,2,I0000031,結婚の自由をすべての人に訴訟（同性婚訴訟）,【札幌・東京・名古屋・大阪】証拠説明書１(甲A1から137),"と等 甲A49 馬場里美「遺族年金の同性 パートナーへの支給―ヤン グ対オーストラリア事件」 (『性的マイノリティ判例 【解説』150-153頁,信 山社) 写し 2011年 11"
論文（雑誌掲載）,横山信二,都市計画事業認可と第三者の原告適格,(『行政判例百選II. 第6版』),2,1,I0000080,地方議会に横行する「少数派議員潰し」に立ち向かう訴訟【アーカイブ】,土屋訴訟・甲第40〜53号証,"ことこそが、 司法本来の役割と言えるのではなかろうか。 以上 (41) 横山信二「都市計画事業認可と第三者の原告適格」(『行政判例百選II. 第6版』)366頁~367頁,湊二郎「都市計画事業認可と第三者の原告適格」 (『同II・第7版』"
論文（雑誌掲載）,,非暴力的な社会を構築するためのエッセンスとしての憲法24条,『家庭科研 究』(2023年),2,2,I0000031,結婚の自由をすべての人に訴訟（同性婚訴訟）,清末愛砂先生　立石直子先生　憲法24条が要請する同性婚の法制化に関する意見書,を前提とする作成者による近年の主な関 連業績としては、以下のものがある。 - 「非暴力的な社会を構築するためのエッセンスとしての憲法24条」『家庭科研 究』(2023年)374号4-9頁 - 「憲法9条の解釈を深化させる憲法24条の平和主義的意義-大規模な軍事
論文（雑誌掲載）,村上泰,風俗関連営業の規制と考え方,警察学論集38巻6号(1985年),2,2,I0000064,「セックスワークにも給付金を」訴訟 【アーカイブ】,甲102：意見書（岩切大地教授）,がない対象であるというふうに考 えておるところでございます。」)。 27 村上泰「風俗関連営業の規制と考え方」警察学論集38巻6号(1985年)69頁。同旨として、防犯保 安協会(編)『新版防犯保安警察概説』(立花書房、1987年
論文（雑誌掲載）,,風営業者への持続化給付金等の支給除外,法学セミナ -791号50~55 頁,2,2,I0000064,「セックスワークにも給付金を」訴訟 【アーカイブ】,証拠説明書(5)（甲35-47）,42 「風営業者へ の持続化給付 金等の支給除 外」法学セミナ -791号50~55 頁 (写し) 新井誠 広島大学 教授 2020年12
論文（雑誌掲載）,平野龍一,黙秘権,刑法雜誌2巻4号(1952年),2,1,I0000130,日本の「黙秘権」を問う訴訟 〜56時間にわたる侮辱的な取調べは違法〜 ,甲４号証（安部祥太氏意見書）,"L. REV. 1575, 1605-1606 (1999). 135 平野龍一「黙秘権」刑法雜誌2巻4号(1952年)39頁。 136 英文憲法と訳文憲法の関係については、上野勝「憲法的刑事手続の問題意 31"
論文（雑誌掲載）,,(2),で後述する,1,1,I0000070,「人間を育てる教員に、人間らしい働き方を」訴訟【アーカイブ】,堀口悟郎先生意見書,ったのは、そこでいう「労働時間」の解釈を誤ったことに起因するが、この点については「(2)」で後述する。 59 神吉知郁子「判批」 ジュリスト1571号 (2022年)125頁も、「労基法33条3項が公務員の時間
論文（雑誌掲載）,根謙一,(座談会)風俗営業等取締法の改正をめぐる諸問題,自治研究60巻11号(1984年),1,1,I0000064,「セックスワークにも給付金を」訴訟 【アーカイブ】,甲102：意見書（岩切大地教授）,ている形になるのですから･･･(笑)。」雄川一郎、成田頼明、鈴木良一、関 根謙一「(座談会)風俗営業等取締法の改正をめぐる諸問題」 自治研究60巻11号(1984年)20頁〔雄 川発言〕。 51 雄川ほか・前掲注(50)4頁〔鈴木良一発言〕。 20
論文（雑誌掲載）,土井真一,13条,長谷部恭男編『注釈日本国憲法(2),1,1,I0000132,「わたしの体は母体じゃない」訴訟,甲143：小川意見書,執筆部分]。 15 例えば、佐藤・前掲注(12) 198頁注9。 16 土井真一「13条」長谷部恭男編『注釈日本国憲法(2)』(有斐閣、2017)99-103頁。 17 例えば参照、長谷部恭男『憲法[第9版]』
論文（雑誌掲載）,,18歳選挙権スタート2016参院選若者の声を政治に,『日本経済新聞』2016.6.19;田中宗孝「被選挙権年齢も見直しを」『都市問題』98巻,1,1,I0000117,立候補年齢引き下げ訴訟,甲B26　国立国会図書館調査及び立法考査局政治議会課編「主要国における被選挙権年齢 (資料)」レファレンス833号,"(3) 「中外時評 18歳以上に選挙権を」『日本経済新聞』1999.3.21;「18歳選挙権スタート 2016 参院選 若者の声 を政治に」『日本経済新聞』2016.6.19;田中宗孝「被選挙権年齢も見直しを」『都市問題』98巻7号,2007.7, pp.24"
論文（雑誌掲載）,奥田安弘＝館田晶子,1997年のヨーロッパ国籍条約,北大法学論集 50巻5号93頁,1,1,I0000106,本人の意思を無視して日本国籍を一方的にはく奪する「国籍法11条1項は違憲」訴訟,【訴訟１】甲１２１髙佐智美教授意見書「国籍法 11条 1項の憲法及び国際法規適合性について」,日本法学 51巻4号92頁（1986年）117頁。 50 奥田安弘＝館田晶子「 1997年のヨーロッパ国籍条約」北大法学論集 50巻5号93頁（2000年） 113頁以下。 51 実際、政府も、 1984年の法改正時に「 税金そ
論文（雑誌掲載）,,5結.論,までについて 甲A第142号証62及び63ページ,1,1,I0000031,結婚の自由をすべての人に訴訟（同性婚訴訟）,【東京二次・第２回】被告第１準備書面　※訴状に対する認否,して争う。 (3) 「3 婚姻の自由は法律上同性の者との婚姻にも及ぶこと」から「5 結. 論」までについて 甲A第142号証62及び63ページに同性愛に関する記載が存在するこ と、平成15年に特例法が成立し、同法
論文（雑誌掲載）,,6まん延防止等重点措置に係る感染防止の協力要請等(法第31条の6),の「(5),1,1,I0000071,コロナ禍、日本社会の理不尽を問う（コロナ特措法違憲訴訟）【アーカイブ】,甲第５７号証：横大道聡先生　意見書,るだけでは足り ず、その実質的な理由を示さなければならない。 56 この部分は、「6 まん延防止等重点措置に係る感染防止の協力要請等(法第31条の6)」 の「(5)『正当な理由』(法第31条の6第3項)」(事務連絡9頁)からの引用であるが、 「8 緊急事態措置に係る感染防
論文（雑誌掲載）,島田信義,8時間労働制の原則について,早稲田法学31巻3・4号(1956),1,1,I0000070,「人間を育てる教員に、人間らしい働き方を」訴訟【アーカイブ】,毛塚勝利先生_意見書,として社会生活を享受できないということにあった1。また、近年の政 1 島田信義「8時間労働制の原則について」早稲田法学31巻3・4号(1956)は、アメリカにおける 10 時間労働制や8時間労働制の成立過程を検証し、「長時間労働
論文（雑誌掲載）,犬塚記子,Dobbs判決の憲法解釈,法學政治學論究141号(2024),1,1,I0000132,「わたしの体は母体じゃない」訴訟,甲175：小西意見書,小竹、同上、239頁以下。 21 日本憲法学からの批判的検討の例として、犬塚記子「Dobbs 判決の憲法解釈」法學政治學論究141号(2024) 173頁以下、中曽久雄 「アメリカにおける中絶規制の転換点」愛媛大学教育学部紀要69
論文（雑誌掲載）,高木俊夫・金築誠志,II風俗営業等取締法,平野龍一 ほか編『注解特別刑法第7巻風俗・軽犯罪編』(青林書院、1982年),1,1,I0000064,「セックスワークにも給付金を」訴訟 【アーカイブ】,第5準備書面（岩切大地教授の意見書について） ,」をどのように解釈しようと、風営法 が警察規制立法である以上(高木俊夫・金築誠志「II風俗営業等取締法」平野龍一 ほか編『注解特別刑法第7巻風俗・軽犯罪編』(青林書院、1982年)15頁)、風営 法という文脈における「善良の
論文（雑誌掲載）,石田若菜,LGBTと家族一同性婚の禁止は憲法に違反するか,谷口洋幸編著『LGBTをめぐ る法と社会』(日本加除出版社、2019年),1,1,I0000031,結婚の自由をすべての人に訴訟（同性婚訴訟）,鈴木賢先生 意見書　※台湾で施行された同性間の婚姻に関わる法律について,を目的とし、手段と目的の間に合理的な連関性がない限り、憲法第7 13 石田若菜「LGBTと家族一同性婚の禁止は憲法に違反するか」谷口洋幸編著『LGBTをめぐ る法と社会』(日本加除出版社、2019年)145頁参照。 10 条の平等権保障に符合しない
論文（雑誌掲載）,棚村政行,LGBTの法的保護とパートナーシップ制度,棚村政行・中川重 徳編『同性パートナーシップ制度』(日本加除出版、2016),1,1,I0000067,「同性パートナーにも犯罪被害の遺族給付金を」訴訟,第10準備書面,ナーシップ制度」青山法学論集33巻3・4号(1992)109頁以下、 棚村政行「LGBTの法的保護とパートナーシップ制度」棚村政行・中川重 徳編『同性パートナーシップ制度』(日本加除出版、2016)7~14頁)。 イ フランス フランスは、異
論文（雑誌掲載）,塩野宏,VII審査基準について-一つの事例研究―,『法治主義の諸相』(有斐 閣、2001年),1,1,I0000060,ジャーナリストに渡航の自由を！訴訟【アーカイブ】,原告第９準備書面,分をすることになった のかが示されるべきかが問題となる」としている。 2 塩野宏「VII 審査基準について-一つの事例研究―」『法治主義の諸相』(有斐 閣、2001年)257頁は、「処分に際して行政庁の裁量が認められるときが、 審査基準設定の典型
論文（雑誌掲載）,塩野宏,VII審査基準について一一つの事例研究―,『法治主義の諸相』(有斐 閣、2001年),1,1,I0000060,ジャーナリストに渡航の自由を！訴訟【アーカイブ】,控訴理由書１,一律に基準を定めることは極めて困難かつ 不相当である旨主張する。 17 塩野宏「VII 審査基準について一一つの事例研究―」『法治主義の諸相』(有斐 閣、2001年)257頁は、「処分に際して行政庁の裁量が認められるときが、 審査基準設定の典型
論文（雑誌掲載）,,[給特法の〕『勤務をさせ,は労基法32条にいう『労働させ』と同義に解すべきである」と主張している,1,1,I0000070,「人間を育てる教員に、人間らしい働き方を」訴訟【アーカイブ】,堀口悟郎先生意見書,013年)131頁など。 52 この点について、川田・前掲注51) 107頁は、「[給特法の〕 『勤務をさせ』は労基法32条にいう『労働させ』と同義に解すべきである」と主張している。 53 高橋・前掲注3)190頁。 ### (
論文（雑誌掲載）,藤野豊,“公益”に奪われた人権―日本国憲法と優生保護法一,"『世界』914号,2018.11, pp.149-150.",1,1,I0000132,「わたしの体は母体じゃない」訴訟,甲146：旧優生保護法の歴史と問題,"実に行われたものの多くは消極的優生学であり、その代表例が - (14) 藤野豊「“公益”に奪われた人権―日本国憲法と優生保護法一」『世界』914号,2018.11, pp.149-150. - (15) 優生保護委員会の審査等を要せず、医師会指定の医"
論文（雑誌掲載）,安部祥太,〈過去事清算〉とは何か,尹龍澤ほか編『コリアの法と社会』 (日本評論社、2020年),1,1,I0000130,日本の「黙秘権」を問う訴訟 〜56時間にわたる侮辱的な取調べは違法〜 ,甲４号証（安部祥太氏意見書）,"0 김선수, 사법개혁 리포트, 박영사 (2008년) 3쪽。 71 安部祥太「〈過去事清算〉とは何か」尹龍澤ほか編『コリアの法と社会』 (日本評論社、2020年)53~54頁。 72 韓寅燮「権威主義の体制下の司法府と刑事"
論文（雑誌掲載）,北村一郎,《非法》(non-droit)の仮説をめぐって,中川良延ほか(編),1,1,I0000132,「わたしの体は母体じゃない」訴訟,甲175：小西意見書,も、姦通罪自体を廃止するか(廃止論)」議論されたが、「臨時法制審 30 北村一郎「《非法》(non-droit) の仮説をめぐって」 中川良延ほか(編) 『日本民法学の形成と課題(上)』星野英一先生古稀祝賀(有 斐閣・1996)5頁。 31 森山浩江「
論文（雑誌掲載）,春藤優,「中絶の権利,論における「平等」アプローチの意義と課題」早稲田法学会誌 75巻1号(2024),1,1,I0000132,「わたしの体は母体じゃない」訴訟,甲175：小西意見書,保障される権利)を制約しており、その制約が憲法上正当化可能なもので 16 春藤優「「中絶の権利」論における「平等」アプローチの意義と課題」早稲田法学会誌 75巻1号(2024)64頁。 はない、というものである(本意
論文（雑誌掲載）,尾高朝雄,「公共の福祉,思想の消失と再現」法協69巻1 号33頁,1,1,I0000157,「取調べ拒否」Tシャツを奪うな！―黙秘権と表現の自由を守る訴訟,乙１１,味で、「公共の福祉」 思想の 消失であった、などといわれることがある。尾高朝雄 「「公共の福祉』思想の消失と再現」法協69巻1 号33頁参照)。自由放任主義の行きづまりとそれに伴う積極国家(福祉国家)化は、 後者の側
論文（雑誌掲載）,渡辺康行,『国家の宗教的中立性,の領分-小泉首相靖國神社参拝訴訟に関する裁判例の動向 から」ジュリスト1287号(2005年),1,1,I0000123,県知事の公務での護国神社参拝取りやめをー政教分離原則の違反を問うー,甲18（稲正樹意見書）,かどうかの審査(=「かかわり合い」が「相当とされる限度を超える 10 渡辺康行「『国家の宗教的中立性』の領分-小泉首相靖國神社参拝訴訟に関する裁判例の動向 から」ジュリスト1287号(2005年)60-67頁、67頁。のち
論文（雑誌掲載）,山元一,『国憲的思惟,v. 『トランスナショナル人権法源論』 ジェンダー法学会編『 ーと法』13号(2016年),1,1,I0000131,夫婦別姓も選べる社会へ！訴訟,甲A014_辻村先生意見書（令和2年3月26日）,な転機となりうる」からである。実際、付随的審査制を採用するアメリ 79 山元一「『国憲的思惟』v. 『トランスナショナル人権法源論』 ジェンダー法学会編『 ーと法』13号(2016年)23頁以下参照。 80 大林啓
論文（雑誌掲載）,,『性的指向及びジェンダーアイデンティティの多様性に関する国民の理解の増進に関する法律,の施行に ついて」家庭の法 と裁判47号11 1~114頁,1,1,I0000031,結婚の自由をすべての人に訴訟（同性婚訴訟）,【東京一次・第３回】証拠説明書17,甲A 794 「『性的指向及び ジェンダーアイデ ンティティの多様 性に関する国民の 理解の増進に関す る法律』の施行に ついて」家庭の法 と裁判47号11 1~114頁 写 し 2023年12 月
論文（雑誌掲載）,濵田毅,『新たな取調べ受忍義務肯定説,について」同志社法学74巻1号(202 2年),1,1,I0000130,日本の「黙秘権」を問う訴訟 〜56時間にわたる侮辱的な取調べは違法〜 ,甲４号証（安部祥太氏意見書）,廷・在 廷させたとしても、黙秘権侵害が生じないことを強調する見解がある(濵田毅 「『新たな取調べ受忍義務肯定説』について」同志社法学74巻1号(202 2年)57頁)。しかし、受忍義務否定説ないし出頭・滞留義務否定説は、出 頭・滞留
論文（雑誌掲載）,房村精一,『民法上の氏,と『呼称上の氏』に関する若干の 8 問題」戸籍572号7頁,1,1,I0000131,夫婦別姓も選べる社会へ！訴訟,【札幌】 20260313_第１８準備書面（被告準備書面⑵に対する反論）,する戸籍に入ることができるようになる(上記の説明について、甲 A365・房村精一「『民法上の氏』と『呼称上の氏』に関する若干の 8 問題」戸籍572号7頁、10頁(1991年)参照)。 このように、「呼称上の氏」と
論文（雑誌掲載）,中川善之助,『民法改正案意見書,異見」法律タイムズ7号13頁,1,1,I0000131,夫婦別姓も選べる社会へ！訴訟,【札幌】20240308_訴状,とは、すでに1947(昭和22)年の制定時から指摘されていた(甲A1・中川善之助「『民法改正案意見書』異見」法律タイムズ7号13頁1947年、甲A2・同「民法改正論余話」ジュリスト936号95頁1989年)。 その後、選択
論文（雑誌掲載）,村上裕章,『申請権,概念の展開」法政研究84巻1号(2017),1,1,I0000111,日米同性カップル在留資格訴訟  〜家族そろって日本で暮らすために〜【アーカイブ】,笹田栄司教授意見書（添付資料）,塩野宏『行政法II[第6版]』(有斐閣、2023) 229頁。 (19)村上裕章「『申請権』概念の展開」法政研究84巻1号(2017)65頁。 第3章結論 (1)困窮している外国人にとって、東京入管局長による在
論文（雑誌掲載）,高橋哲,『聖職,神話への挑戦」世界 951 号(2021),1,1,I0000070,「人間を育てる教員に、人間らしい働き方を」訴訟【アーカイブ】,毛塚勝利先生_意見書,るからである。 27 労働時間性判断の一般的指標としては特筆に値しないが、高橋哲「『聖職』神話への挑戦」世界 951 号(2021)28頁が指摘するように、超勤4項目以外の業務は校長が教員に命じたものではないと
論文（雑誌掲載）,木谷明,『裁判官の品位,とは何か―岡口裁判官処分問題に寄せて一」 『判例時報』2392号〔2019 年〕102頁,1,1,I0000090,司法の独立を脅かす岡口裁判官の罷免訴追に反対します！【アーカイブ】,意見書（山元一）,く失うべき非行があつたとき」に該当す るものとされることとなろう。 65 木谷明「『裁判官の品位』とは何か―岡口裁判官処分問題に寄せて一」 『判例時報』2392号〔2019 年〕102頁以下。 66 飯・前掲注(53)
論文（雑誌掲載）,野坂泰司,『追悼,と『祀り』-憲法と靖国神社問題」ジュリスト1222号(2002年),1,1,I0000123,県知事の公務での護国神社参拝取りやめをー政教分離原則の違反を問うー,甲18（稲正樹意見書）,かかわり合い」を明示的に独立した要件とし、かつ「目的」「効果」 67 野坂泰司「『追悼』と『祀り』-憲法と靖国神社問題」ジュリスト1222号(2002年)68-76頁、 70頁、73頁。 68 土屋英雄『思想
論文（雑誌掲載）,根岸陽太,【意見書】人権条約の枠内に留まる外国人在留制度,同139頁,1,1,I0000111,日米同性カップル在留資格訴訟  〜家族そろって日本で暮らすために〜【アーカイブ】,甲１６５曽我部真裕教授意見書,、国際法的効力とともに、国内法的効力も発生するが、 (令和4年)71頁、根岸陽太「【意見書】人権条約の枠内に留まる外国人在留制度」 同139頁、安藤由香里「外国人は『人』ではないのか 外国人の権利をめぐる『国籍』 と『在留資格』」現代思想50巻3号(
論文（雑誌掲載）,小泉良幸,【法律時評】政治と宗教との『かかわり合い,砂川市市有地無償貸与違憲判決(最 大判平成22年1月20日),1,1,I0000123,県知事の公務での護国神社参拝取りやめをー政教分離原則の違反を問うー,甲18（稲正樹意見書）,条件に保障するのみでは足りず、国家といかなる宗教との結び付きをも 31 小泉良幸「【法律時評】政治と宗教との『かかわり合い』-砂川市市有地無償貸与違憲判決(最 大判平成22年1月20日)に則して」法律時報82巻4号(2010年)1-3頁、1頁。
論文（雑誌掲載）,優生保護法検討委員会,〔日本母性保護産婦人科医会に対する〕答申,"(松原洋 子編『編集復刻版 優生保護法関係資料集成 第6巻』六花出版,2020, pp.225-229.)",1,1,I0000132,「わたしの体は母体じゃない」訴訟,甲25：優生保護法から母体保護法へー平成８年改正以降,"】 6.そ の他の資料⑥-52, pp.707-711.)、優生保護法検討委員会「〔日本母性保護産婦人科医会に対する〕 答申」(松原洋 子編『編集復刻版 優生保護法関係資料集成 第6巻』六花出版,2020, pp.225-229.) 14 全国精"
論文（雑誌掲載）,高橋和之他,〔鼎談〕国籍法違憲判決をめぐって,ジュリ1366号44頁,1,1,I0000106,本人の意思を無視して日本国籍を一方的にはく奪する「国籍法11条1項は違憲」訴訟,【訴訟１】甲１２１髙佐智美教授意見書「国籍法 11条 1項の憲法及び国際法規適合性について」,態を招くことは、もとより憲法の許容するところではないと考 35 高橋和之他「〔鼎談〕国籍法違憲判決をめぐって」 ジュリ1366号44頁（2008年）47頁〔高橋和 之発言〕。 11 えられる。このような見地からすると、憲法 1
論文（雑誌掲載）,,いい年が来たら死んでしまおう,……,1,1,I0000031,結婚の自由をすべての人に訴訟（同性婚訴訟）,【九州・第４回】原告ら第７準備書面　※スティグマについての書面,のイメージしかない。介護とか孤独死といった言葉も脳裏をかすめ、冗談で はあれ「いい年が来たら死んでしまおう」……。(甲A190号証18頁) 私の両親は、私がいつ結婚をし、いつ子どもを産み、どのような家庭を築 くのか、とても楽し
論文（雑誌掲載）,吉田俊弘=横大道聡,いつ人権の制約が正当化されるのか(上),法学教室462号(2019 年),1,1,I0000071,コロナ禍、日本社会の理不尽を問う（コロナ特措法違憲訴訟）【アーカイブ】,甲第５７号証：横大道聡先生　意見書,、当該法律の比例原則に基 づいた解釈が必要となる14。 7 吉田俊弘=横大道聡「いつ人権の制約が正当化されるのか(上)」法学教室462号(2019 年)78-81頁、江島晶子「比例原則のグローバル化――人権の対話」比較法研究75号(2 01
論文（雑誌掲載）,諸根貞夫,いまあらためて『公式参拝違憲判決,を読む」法律時報76巻9号(2004年),1,1,I0000123,県知事の公務での護国神社参拝取りやめをー政教分離原則の違反を問うー,甲18（稲正樹意見書）,な畏敬崇拝行為に相通じやすい面があり、現に宗教上の礼拝行為に含 58 諸根貞夫「いまあらためて『公式参拝違憲判決』を読む」法律時報76巻9号(2004年)1-3頁も、 憲法保障の「責務」を優先させたものと評価している。さらに討議民主主
論文（雑誌掲載）,,いわゆる『国籍唯一の原則,は存在するか」日本法学 51巻4号92頁,1,1,I0000106,本人の意思を無視して日本国籍を一方的にはく奪する「国籍法11条1項は違憲」訴訟,【訴訟１】甲１２１髙佐智美教授意見書「国籍法 11条 1項の憲法及び国際法規適合性について」,の原則に対する疑問」国際法外交雑誌 83巻3号1頁（1984年）35頁、永田 誠「いわゆる『国籍唯一の原則』は存在するか」日本法学 51巻4号92頁（1986年）117頁。 50 奥田安弘＝館田晶子「 1997年のヨーロッパ
論文（雑誌掲載）,安念潤司,いわゆる定数訴訟について(3),成蹊法学26号(1988年),1,1,I0000123,県知事の公務での護国神社参拝取りやめをー政教分離原則の違反を問うー,甲39 安西文雄「国家と宗教」,2年)406頁。 (24) 佐々木・前揭注(16)98頁。 (25) 安念潤司 「いわゆる定数訴訟について(3)」 成蹊法学26号(1988年)58頁。 (ただの・まさひと) # 国家と宗教 安西文雄(明治大学) # はじめに
論文（雑誌掲載）,,かつては密接不可分であった,としたこと 1997年(平成9年),1,1,I0000159,日本でもマリアージュしたいねん～海外で成立した同性婚の受理を求める裁判～,c240126補充書面２（これまでの民法学説等は憲法解釈の根拠にならないこと等）,明文の規定はないが、現行法上婚姻障害に当たる」等とし、「婚姻と生殖との関係」は、「かつては密接不可分であった」としたこと 1997年(平成9年)、星野茂「わが国における同性愛者をめぐる家族法上の諸問題」法律論叢69巻3・4・5合併
論文（雑誌掲載）,,く座談会>裁判官弾劾制度の50年,"『ジュ リスト』1123号〔1997年〕82,83,86頁",1,1,I0000090,司法の独立を脅かす岡口裁判官の罷免訴追に反対します！【アーカイブ】,意見書（山元一）,"ら罷免だけを弾劾制度に移し たものと見ることもできるでしょう」と指摘した。参照、「く座談会>裁判官弾劾制度の50年」 『ジュ リスト』1123号〔1997年〕82,83,86頁。 こうして、実質的観点からみれば、宮田豊がいうように、「裁"
論文（雑誌掲載）,,すべての行政作用に共通する当然のこと,(宇賀克也 『行政法概説I 行政法総論〔第7版〕』(有斐閣、2020年),1,1,I0000064,「セックスワークにも給付金を」訴訟 【アーカイブ】,第7準備書面（行政組織法の観点について）,る行政指導の定義における「その任務又は所掌事務の範囲内 において」という部分は、「すべての行政作用に共通する当然のこと」(宇賀克也 『行政法概説I 行政法総論〔第7版〕』(有斐閣、2020年)437頁)であると一 般に説かれている。 ゆえに
論文（雑誌掲載）,,そうですか,と答えた旨記載さ れている(乙C6号証12ページ,1,1,I0000148,おかゆ強制はおかしい！刑事施設における不要な食事制限の撤廃を求める裁判 ,原告第１準備書面,のから胃に入れて胃を動かすことも必要かも しれない」との医師の説明に対し、原告が「そうですか」と答えた旨記載さ れている(乙C6号証12ページから13ページ)。このように原告が回答 した理由は、この日に診察した精神
論文（雑誌掲載）,,やむを得ない事由,があると判断した(甲A第6 40号証[4頁,1,1,I0000031,結婚の自由をすべての人に訴訟（同性婚訴訟）,【東京二次・第１回】控訴審第１準備書面,とは、それ自体」、「社会生活上の著しい支障になるといえる」 として、氏を変更する「やむを得ない事由」があると判断した(甲A第6 40号証[4頁から6頁]、甲A第641号証、甲A第642号証)。 13 ### 4 犯罪
論文（雑誌掲載）,鈴木賢,アジアで一番乗り、台湾で同性婚実現へ,法律時報89巻(2017年),1,1,I0000031,結婚の自由をすべての人に訴訟（同性婚訴訟）,鈴木賢先生 意見書　※台湾で施行された同性間の婚姻に関わる法律について,る民法の改正ではなく、特別法を制定することをもって、同性間にも法的 1 鈴木賢「アジアで一番乗り、台湾で同性婚実現へ」法律時報89巻(2017年)9号4頁参照。 1 婚姻を成立させることとなった。 蔡英文総統の意を受けた行政院(内閣に相当
論文（雑誌掲載）,,アメリカと宗教,東洋学術研究35巻2号(1996年),1,1,I0000123,県知事の公務での護国神社参拝取りやめをー政教分離原則の違反を問うー,甲45 佐々木弘通「信教の自由・政教分離」,埋没しても、健全な法理への展望は開けないであろう。 【参考文献】 - 有賀弘、「アメリカと宗教」 東洋学術研究35巻2号(1996年)194頁以下 - 藤賞「政治構造と政教分離」 大西直樹=千葉真編 『歴史のなかの政
論文（雑誌掲載）,,アメリカ占領下の日本における生殖の管理—優生保護法の不妊手術/断種―,"『アメリカ史研究』 36号,2013.8.6, pp.73-74、松原洋子「日本における",1,1,I0000132,「わたしの体は母体じゃない」訴訟,甲19：旧優生保護法に基づく優生手術等を受けた者に対する一時金の支給等に関する法律第21条に基づく調査報告書（抜粋）,"cords, Box 9322(16) PHW01176-01179、豊田真 穂「アメリカ占領下の日本における生殖の管理—優生保護法の不妊手術/断種―」『アメリカ史研究』 36号,2013.8.6, pp.73-74、松原洋子「日本における優生政策の形成―国民優生法と優生"
論文（雑誌掲載）,鈴木伸智,アメリカ合衆国~法律上の婚姻の定義をめぐって,法律時報 88巻5号(2016),1,1,I0000067,「同性パートナーにも犯罪被害の遺族給付金を」訴訟,第10準備書面,性婚法~判例による法生成と家族概念の転換』(信山社、2018)第 2章、鈴木伸智「アメリカ合衆国~法律上の婚姻の定義をめぐって」法律時報 88巻5号(2016)57頁など)。 かつて同性カップルについて①を否定していたフランスは、同性婚の導入 後、
論文（雑誌掲載）,木下智史,アメリカ合衆国における民主主義論の新傾向,法律時報第73巻第6号 70 頁,1,1,I0000030,「海外でも国民審査を」訴訟【アーカイブ】,意見書（駒村圭吾先生）,たこと、あるいは多様な挑戦にさらされるダイナミズム自体に求める民 2 木下智史「アメリカ合衆国における民主主義論の新傾向」法律時報第73巻第6号 70 頁、72頁。熟議民主政に関する論稿としては、阪口正二郎「リベラリズムと討議民主政」 公法研
論文（雑誌掲載）,木弘通,アメリカ合衆国の政教分離判例における分離派・覚書,東洋学術研究38 巻2号(1999年),1,1,I0000123,県知事の公務での護国神社参拝取りやめをー政教分離原則の違反を問うー,甲45 佐々木弘通「信教の自由・政教分離」,界展望・憲法」国家学会雑誌111巻5・6号(1998年)153頁以下 - 木弘通「アメリカ合衆国の政教分離判例における分離派・覚書」東洋学術研究38 巻2号(1999年)174頁以下 - 々木弘通「信教の自由と政教分離」山内敏弘編『新現代憲法入門』(法
論文（雑誌掲載）,米本昌平,イギリスからアメリカへ―優生学の起源一,"米本昌平ほか『優生学と人間社会一生命科学の世紀はど こへ向かうのか―』講談社, 2000, p.34.",1,1,I0000132,「わたしの体は母体じゃない」訴訟,甲146：旧優生保護法の歴史と問題,"より合法化するもの。我が国の旧優生保護法もこれにあたる。 - (21) 米本昌平「イギリスからアメリカへ―優生学の起源一」米本昌平ほか『優生学と人間社会一生命科学の世紀はど こへ向かうのか―』講談社, 2000, p.34. - (22) 小"
論文（雑誌掲載）,田巻帝子,イギリスにおける同性カップルの法的処遇,ジュリスト1577号(2022),1,1,I0000031,結婚の自由をすべての人に訴訟（同性婚訴訟）,渡邉泰彦先生 意見書,、同性間の婚姻を認める前から、同性の両親を認めている。イギリスについて、田巻帝子「イギリスにおける同性カップルの法的処遇」ジュリスト1577号(2022)81頁以下、および注に掲載されている文献を参照。 ドイツでは、女性どうしの婚姻において出
論文（雑誌掲載）,石田倫識,イギリスにおける弁護人の援助を受ける権利——弁護人立会権を中心に,法律時報92巻10号(2020年),1,1,I0000155,人質司法に終止符を！訴訟,甲A117 資料入手報告書,実務(a fixed practice)」と評されている12。 9 石田倫識「イギリスにおける弁護人の援助を受ける権利——弁護人立会権を中心に」法律時報92巻10号(2020年)73頁。 10 黙秘からの不利益推認については、石田倫識「被疑者の黙秘権に関する一考察
論文（雑誌掲載）,濱野雄太,イギリスの議会制度,"『調査と情報―ISSUE BRIEF-』1056号,2019.5.28, pp.1-2.",1,1,I0000117,立候補年齢引き下げ訴訟,甲B26　国立国会図書館調査及び立法考査局政治議会課編「主要国における被選挙権年齢 (資料)」レファレンス833号,"Macmillan Press, 1995, p.168. (47) 濱野雄太「イギリスの議会制度」『調査と情報―ISSUE BRIEF-』1056号,2019.5.28, pp.1-2. jp/view/downlo"
論文（雑誌掲載）,瀬畑源,イラク日報問題に見る公文書管理の歪み,『国家と記録』(集英社、 2019年),1,1,I0000146,「学術会議の独立性」を市民で守ろう ～会員任命拒否理由の情報公開訴訟～,準備書面１２（文書の不存在等に対して存在が認められた判例及び事例について）｜2026年6月9日,判されたことに加え、公文書管理・情報公開の面でも大きな問題と なった。 (瀬畑源「イラク日報問題に見る公文書管理の歪み」『国家と記録』(集英社、 2019年)64頁以下(甲A98)等) ## 3 加計学園問題 ### (1) 事案の概要
論文（雑誌掲載）,,インタレストグループ報告・『外国人の出入国と在留,研究グ ループ」国際人権20号~31号(不掲載の年あり),1,1,I0000151,「18歳未満にも選挙で応援する自由を」訴訟,甲４２：門田孝教授の意見書,:憲法」法学セミナー637 号 2009年~2020年:「インタレストグループ報告・『外国人の出入国と在留』研究グ ループ」国際人権20号~31号(不掲載の年あり) 2013年~2
論文（雑誌掲載）,原告はこの日,カレーのにおいで食べられそうと思った,旨述べて いる(乙C6号証11ページ,1,1,I0000148,おかゆ強制はおかしい！刑事施設における不要な食事制限の撤廃を求める裁判 ,原告第１準備書面,たのは、原告がポカリスエ ットなら飲める旨述べたためである。 なお、原告はこの日「カレーのにおいで食べられそうと思った」旨述べて いる(乙C6号証11ページ)が、この経過について説明する。原告はこれ よりも前の日に、居室内にカレーの匂いがし
論文（雑誌掲載）,山本吉人,クラブ活動引率にともなう時間外勤務手当の請求,『教育判例百選〔第 3版〕』有斐閣、1992年、205頁,1,1,I0000070,「人間を育てる教員に、人間らしい働き方を」訴訟【アーカイブ】,第10回裁判資料_鑑定意見書（高橋哲先生）実印差し替え,労働』の意義」龍谷法学52巻1号(2019 年)126頁。 33 同旨、山本吉人「クラブ活動引率にともなう時間外勤務手当の請求」『教育判例百選〔第 3版〕』有斐閣、1992年、205頁。 34 東京大学労働法研究会『注解労働時間法』(有斐閣、199
論文（雑誌掲載）,井上達夫,コロナ・ラプソディーパンデミックが暴く『無責任の体系,」法と哲学 第6号(2020年),1,1,I0000071,コロナ禍、日本社会の理不尽を問う（コロナ特措法違憲訴訟）【アーカイブ】,甲第５２号証：「匿名の権力ー感染症と憲法」と題する論文（法律時報2020年8月号）,85/4 (1984). 13) 今回の専門家知見の問題点については、井上達夫 「コロナ・ラプソディーパンデミックが暴く『無責任の体系』」法と哲学 第6号(2020年)1頁以下。 72————法律時報92巷9号 ここでは問題となる。 この点、現行の日本の
論文（雑誌掲載）,伊藤葉子,コロニー計画と脱施設化,"小川喜道・杉野昭博編著『よくわかる障害学』ミネルヴァ書房, 2014, p.124.",1,1,I0000132,「わたしの体は母体じゃない」訴訟,甲146：旧優生保護法の歴史と問題,"え育成支援に 努めることが必要である。」同上,p.68. - (62) 伊藤葉子「コロニー計画と脱施設化」小川喜道・杉野昭博編著『よくわかる障害学』ミネルヴァ書房, 2014, p.124. - (63) 松原洋子「日本一戦後"
論文（雑誌掲載）,,ジュリスト,757号 〔1982年〕82頁,1,1,I0000090,司法の独立を脅かす岡口裁判官の罷免訴追に反対します！【アーカイブ】,意見書（山元一）,"を強 められ」た、と指摘する。佐々木高雄「弾劾裁判所判決と弾劾裁判制度の本質」 『ジュリスト』757号 〔1982年〕82頁。さらに参照,佐々木・前掲注(40)187頁以下。 45 この点に関連して、柳瀬昇「裁判官"
論文（雑誌掲載）,,スウェーデンにおける内縁夫婦の財産関係に関する法律について,家庭裁判月報40巻6号1頁,1,1,I0000031,結婚の自由をすべての人に訴訟（同性婚訴訟）,渡邉泰彦先生 意見書,6号137頁以下(1994)を、「内縁夫婦の財産関係に関する法律」については、同「スウェーデンにおける内縁夫婦の財産関係に関する法律について」 家庭裁判月報40巻6号1頁以下 (1988)を参照。 5 Commissie inzake openstelling
論文（雑誌掲載）,菱木昭八朗,スウェーデン同性婚法,ジュリスト1056号137頁,1,1,I0000031,結婚の自由をすべての人に訴訟（同性婚訴訟）,渡邉泰彦先生 意見書,1996)228頁以下に紹介されている。 4同法の成立過程については、菱木昭八朗「スウェーデン同性婚法」 ジュリスト1056号137頁以下(1994)を、「内縁夫婦の財産関係に関する法律」については、同「スウェーデンにおける
論文（雑誌掲載）,古川誠,セクシュアリティの変容,日米女性ジャーナル17号(平成6年),1,1,I0000031,結婚の自由をすべての人に訴訟（同性婚訴訟）,【札幌・第４回】原告ら第４準備書面　※裁判所の釈明への回答,"上について,風間孝・河口和也『同性愛と異性愛』(甲A24)97~98頁,古川誠 「セクシュアリティの変容」日米女性ジャーナル17号(平成6年)(甲A181)37~ 40頁。 9 前川直哉『〈男性同性愛者〉の社会史』(作品社,平"
論文（雑誌掲載）,宇賀克也,ダム水害の法律問題,ジュリスト920号(1988年),1,1,I0000061,野村ダム緊急放流による水害訴訟,原告　準備書面１｜2020年10月30日,怠に ついては、通常の河川管理の瑕疵の問題とは同様に考え難い面がある(宇賀克也 「ダム水害の法律問題」ジュリスト920号(1988年)23頁)としている。 大東水害訴訟に代表される水害訴訟の多くで主張される堤防整備の瑕疵に
論文（雑誌掲載）,田中通裕,ト>註釈・フランス家族法(1),法と政治61 巻3号(2010),1,1,I0000031,結婚の自由をすべての人に訴訟（同性婚訴訟）,【東京・第５回】証拠説明書８（甲A211－1から211-68）,211- 32 田中通裕「 ト>註釈・フランス家 族法(1)」法と政治61 巻3号(2010)267頁 参照 写 2010年 田中通裕
論文（雑誌掲載）,渡邉泰彦,ドイツにおける同性カップルの法的処遇,ジュリスト 1577号(2022),1,1,I0000031,結婚の自由をすべての人に訴訟（同性婚訴訟）,渡邉泰彦先生 意見書,"院の同意を必要とする。ドイツ生活パートナーシップ法成立の概略については、渡邉泰彦「ドイツにおける同性カップルの法的処遇」ジュリスト 1577号(2022) 77頁を参照。 9 C-267/06, Maruko [2008] European"
論文（雑誌掲載）,拙稿,ドイツの個人識別番号・新制度と日本の個人番号(マイナンバー)法,福岡大学法学論 叢67巻1号(2022年),1,1,I0000104,公安警察による市民運動の監視を許さない。市民の「もの言う」自由を守るための訴訟【アーカイブ】,實原教授意見書(甲33),住基ネット判決や、その後継システムであるマイナンバー違憲訴訟・下級審判決。拙稿 「ドイツの個人識別番号・新制度と日本の個人番号(マイナンバー)法」福岡大学法学論 叢67巻1号(2022年)1頁以下。 7 査」)、GPS 捜査判決は令状によらずに GPS を使って
論文（雑誌掲載）,ドイツ憲法判例研究会編,ドイツの憲法判例ⅠⅡⅢ,"(信山社,2008年)",1,1,I0000090,司法の独立を脅かす岡口裁判官の罷免訴追に反対します！【アーカイブ】,意見書（山元一）,"決に対する憲法異議―DGHS(ドイツ人間死協会)事件一」 ドイツ憲法判例研究会編『ドイツの憲法判例ⅠⅡⅢ』(信山社,2008年)137頁以下,毛利透「表現活動を 理由とする裁判官への懲戒・弾劾の問題性」 『判例時報』2500号"
論文（雑誌掲載）,山田敏之,ドイツの補償制度,"『外国の立法』No.197・198, 1996.5, pp.36-37、その邦訳 は、同",1,1,I0000132,「わたしの体は母体じゃない」訴訟,甲146：旧優生保護法の歴史と問題,"1). 1990年に改正された「AKGに関する 苛酷緩和規定」の解説は、山田敏之「ドイツの補償制度」『外国の立法』No.197・198, 1996.5, pp.36-37、その邦訳 は、同「一般戦争結果法の枠内における国"
論文（雑誌掲載）,渡邉泰彦,ドイツ同性登録パートナーシップをめぐる裁判例-退職年金と相続税について-,産大法学45巻3・4号(2012.1),1,1,I0000031,結婚の自由をすべての人に訴訟（同性婚訴訟）,渡邉泰彦先生 意見書,に過大な不利益を与えうるものと評価する。 以上 【添付文献】 1. 渡邉泰彦「ドイツ同性登録パートナーシップをめぐる裁判例-退職年金と相続税について-」産大法学45巻3・4号(2012.1) 111-133頁 19 産大法学 45巻3・4号(2012. 1) 添付文献
論文（雑誌掲載）,渡邉泰彦,ドイツ同性登録パートナーシップ法をめぐる連邦憲法裁判所判決――家族手当と遺族年金について――,産大法学43巻3・4号(2010),1,1,I0000031,結婚の自由をすべての人に訴訟（同性婚訴訟）,渡邉泰彦先生 意見書,ートナーシップ法をめぐる議論」徳島文理大学紀要62号(2001)81頁、渡邉泰彦「ドイツ同性登録パートナーシップ法をめぐる連邦憲法裁判所判決――家族手当と遺族年金について――」産大法学43巻3・4号(2010)409頁を参照。 112 (707) 21 ### I 年金――ヨーロッパ司法裁
論文（雑誌掲載）,高橋和也,ドイツ連邦憲法裁判所が活用する首尾一貫性の要請の機能について,一橋法学 13 巻3号(2014年),1,1,I0000064,「セックスワークにも給付金を」訴訟 【アーカイブ】,甲121：意見書（興津教授・堀澤准教授）,01号38頁がある。同判決については、後記(3) イで 分析する。 6 高橋和也「ドイツ連邦憲法裁判所が活用する首尾一貫性の要請の機能について」一橋法学 13 巻3号(2014年)165頁以下、鈴木秀実=三宅雄彦編『ドイツの憲法判例』(信山社、2021年) 96~
論文（雑誌掲載）,立石謙輔,ナチス断種法に就いての感想,"『民族衛生』3巻4-5号, 1934.6.27, pp.312-313. 39 齋藤最「",1,1,I0000132,「わたしの体は母体じゃない」訴訟,甲47：国民優生法の制定過程,"する優生学は大に考へ直さなければならぬものである」として優生学 38 立石謙輔「ナチス断種法に就いての感想」『民族衛生』3巻4-5号, 1934.6.27, pp.312-313. 39 齋藤最「強制断種の法律的考案」『民族衛生"
論文（雑誌掲載）,高村ゆかり,パリ協定―その特質と課題,環境法政策学会編『転機を迎える温暖化対策と環境法』(商事法務・2018年),1,1,I0000121,神戸石炭訴訟｜気候変動と大気汚染を防ぐため、石炭火力発電所新設は取り消しを！【アーカイブ】,準備書面６｜2020年2月10日,のように各国が自主的に定めた削減目標の誠実な実施は国際的な義務である(高村ゆかり「パリ協定―その特質と課題」環境法政策学会編『転機を迎える温暖化対策と環境法』(商事法務・2018年)40頁参照)。 そして上述したように、国は環
論文（雑誌掲載）,山本隆司,パンデミックと公法の課題――特集にあたって,論究ジュリスト35号 (2020年),1,1,I0000071,コロナ禍、日本社会の理不尽を問う（コロナ特措法違憲訴訟）【アーカイブ】,甲第５７号証：横大道聡先生　意見書,27 宇賀・前掲注(11)64頁。 28 本堂・前掲注(1)119頁。山本隆司「パンデミックと公法の課題――特集にあたって」 論究ジュリスト35号 (2020年)8頁。 29 小山剛「自粛・補償・公表――インフォーマルな規制手法」判例時報246
論文（雑誌掲載）,谷芝青,フランス民法における『無効,と『不成立』の関係」田山輝明ほか編『民法学の 新たな展開』(成文堂、1993年),1,1,I0000031,結婚の自由をすべての人に訴訟（同性婚訴訟）,【札幌】上告受理申立て理由書,的に「無効」と「不成立」の区別)にも当然に通じていたものと考えられる。熊 谷芝青「フランス民法における『無効』と『不成立』の関係」田山輝明ほか編『民法学の 新たな展開』(成文堂、1993年)65頁以下は、ボワソナードが当然の前提と
論文（雑誌掲載）,,フランス選挙制度及び政治家等の資産公開制度の改革,外国の立法254号35-72頁,1,1,I0000117,立候補年齢引き下げ訴訟,甲B76：齋藤宙治「被選挙権年齢引下げに関する人々の意識ーサーベイ実験による法定立候補年齢の研究ー」,ける被選挙権年齢」レファレンス 70巻6号57-74頁. 服部有希(2012) 「フランス選挙制度及び政治家等の資産公開制度の改革」外国の立法254号35-72頁. 松本正生(2022) 「コロナ禍選挙と若者の政治的社会化―さいたま市高校生政治意識調査
論文（雑誌掲載）,,プライバシーと表現の自由:『宴のあと,事件」別冊ジュリスト 217 号・憲法判例百選I〔第7版〕 「麻薬取引の,1,1,I0000151,「18歳未満にも選挙で応援する自由を」訴訟,甲４２：門田孝教授の意見書,"IV』(ドイツ憲法判例研究会編,信山社) 2019年:「プライバシーと表現の自由:『宴のあと』事件」別冊ジュリスト 217 号・憲法判例百選I〔第7版〕 「麻薬取引の"
論文（雑誌掲載）,佐伯仁志,プライヴァシーと名誉の保護(三),法協101巻9号(198 4年),1,1,I0000146,「学術会議の独立性」を市民で守ろう ～会員任命拒否理由の情報公開訴訟～,甲B26 答申書,は、・・・私的領域 への侵入と私的事実の公表である」と解せられている(佐伯仁志 「プライヴァシーと名誉の保護(三)」法協101巻9号(198 4年)1415頁)。 さらに、1970年代に入ると、合衆国では、民間や政府におけ る個人データ
論文（雑誌掲載）,,ベルギーにおけるカップルの地位の法的三元構造の発展,立命館 法学351号(2013),1,1,I0000067,「同性パートナーにも犯罪被害の遺族給付金を」訴訟,第10準備書面,ギーも、同様の3つの選択肢を保障する(ジャン=ルイ・ランション(大 島梨沙訳) 「ベルギーにおけるカップルの地位の法的三元構造の発展」 立命館 法学351号(2013)225頁以下)。これらは、当事者の性的指向およ びライフスタイルのニーズに応えるものと
論文（雑誌掲載）,,マージャン店・パチンコ店・ゲームセンター店等。性風俗関連特殊営業等,（風 営法2条1項4号参照）は、同補助金の「交付を受ける者として不適当な者」（4頁,1,1,I0000064,「セックスワークにも給付金を」訴訟 【アーカイブ】,第11準備書面（前例は差別を正当化せず、また同種の前例もない）,係事業者）と同義のものと捉えなければ同補助金の要綱は不合理であるから、23頁 の「マージャン店・パチンコ店・ゲームセンター店等。性風俗関連特殊営業等」（風 営法2条1項4号参照）は、同補助金の「交付を受ける者として不適当な者」（4頁 5 ）に該当するという同補助金の5
論文（雑誌掲載）,柳川重規,ミランダ法理の憲法上の意義について,法学 新報110巻8=9号(2003年),1,1,I0000130,日本の「黙秘権」を問う訴訟 〜56時間にわたる侮辱的な取調べは違法〜 ,甲４号証（安部祥太氏意見書）,"Rules, 70 U. CIN. L. REV. 1 (2001).柳川重規「ミランダ法理の憲法上の意義について」法学 新報110巻8=9号(2003年)282頁も参照。 42 Michigan v. Tucker, 417 U.S."
論文（雑誌掲載）,,メッセージの害悪,」 立教法学44号81頁,1,1,I0000123,県知事の公務での護国神社参拝取りやめをー政教分離原則の違反を問うー,甲42 小泉良幸「信教の自由と政教分離」,「メッセージ」に着目する分析は、安西文雄「平 等保護および政教分離の領域における「メッセージの害悪」」 立教法学44号81頁以下によっ てすでに示されている。このような観点は、本書4の注 (13) で言及した社会規範(s
論文（雑誌掲載）,,ヨーロッパにおける同性「婚の導入と養子法の問題,名古屋大学法制論集281 号 写し 2019年3 月 ダグマ・ケス ターニバル チェン著(床 谷文雄訳),1,1,I0000031,結婚の自由をすべての人に訴訟（同性婚訴訟）,【大阪・第５回】証拠説明書４（甲A205から226）,で違憲無効とさ 「れた婚姻防衛法3条の文言 等。 甲A 210 「ヨーロッパにおける同性 「婚の導入と養子法の問題」 名古屋大学法制論集281 号 写し 2019年3 月 ダグマ・ケス ターニバル チェン著(床 谷文雄訳)
論文（雑誌掲載）,西原博史,リスク社会・予防原則・比例原則,ジュリスト1356号(2008年),1,1,I0000071,コロナ禍、日本社会の理不尽を問う（コロナ特措法違憲訴訟）【アーカイブ】,甲第５７号証：横大道聡先生　意見書,防モデルの歴史的発展と問題点の考察」大林編・前掲注(4)97頁。 26 西原博史「リスク社会・予防原則・比例原則」ジュリスト1356号(2008年)75頁以下 は、予防原則の導入によって「比例原則の空転」が生じること(特に予防原則の②
論文（雑誌掲載）,,レファレンス,"779号, 2015.12, pp.145-153. go.jp/view/downl",1,1,I0000117,立候補年齢引き下げ訴訟,甲B26　国立国会図書館調査及び立法考査局政治議会課編「主要国における被選挙権年齢 (資料)」レファレンス833号,"ontentNo=1>;那須 俊貴「諸外国の選挙権年齢及び被選挙権年齢(資料)」「レファレンス』 779号, 2015.12, pp.145-153. go.jp/view/download/digidepo_95"
論文（雑誌掲載）,朝日新聞出版,一冊の本,(2023年),1,1,I0000031,結婚の自由をすべての人に訴訟（同性婚訴訟）,【札幌】上告受理申立て理由書,9頁(武田万里 子執筆部分)参照。 138 木村草太「差別のしくみ」朝日新聞出版『一冊の本』(2023年)(甲A555)9 0頁。 139 松原俊介「同性婚問題からみる平等の救済方法」法学セミナー818号(甲A5
論文（雑誌掲載）,,不明確であるとはいえない,(17巻9号1759頁,1,1,I0000151,「18歳未満にも選挙で応援する自由を」訴訟,甲４２：門田孝教授の意見書,。上記判決は、上述したようなかたちで「選挙運動」を定義づけたのみで、その意義 ぶ「不明確であるとはいえない」(17巻9号1759頁)というが、疑問であり、「選挙運動」 の明確性はなお問われる必要があるといえよう。 (3)選挙運
論文（雑誌掲載）,近藤功行,与論島における洗骨習俗の現状,『志學館法学』5号213頁,1,1,I0000083,ベトナム人技能実習生リンさんの死体遺棄罪刑事事件【アーカイブ】,上告趣意書,文 学』49号269頁。 15 松濤弘道『世界の葬式』249頁。 16 近藤功行「与論島における洗骨習俗の現状」『志學館法学』5号213頁。 17 山折哲雄編『共同研究 日本文化の深層と沖縄』(日文研叢書)2頁。 16 (4)
論文（雑誌掲載）,,両親・戸主の承諾せざるもの,22 (12.8%),1,1,I0000031,結婚の自由をすべての人に訴訟（同性婚訴訟）,二宮周平先生 意見書　※民法学者による本件についての意見,として、「男女双方戸主又は相続人なるが為に入籍不能の もの」50(29.1%)、「両親・戸主の承諾せざるもの」22 (12.8%)で、 それぞれ原因の第1位と第3位だった(中島玉吉「内縁の夫婦に就 て」法学論叢 10巻3号(192
論文（雑誌掲載）,拙稿,両院制と選挙制度,「両院制と選挙制度」論究ジュリスト5号 (2013年),1,1,I0000123,県知事の公務での護国神社参拝取りやめをー政教分離原則の違反を問うー,甲39 安西文雄「国家と宗教」,"58年度【村上敬一執筆】 180頁,176-177 頁 (19) 詳しくは、拙稿「両院制と選挙制度」 「両院制と選挙制度」論究ジュリスト5号 (2013年)66頁。 (20) この点をいち早く指摘しているのが、2004年"
論文（雑誌掲載）,,中島玉吉「内縁の夫婦に就て,法学論叢10巻3号 (1923),1,1,I0000031,結婚の自由をすべての人に訴訟（同性婚訴訟）,【大阪・第５回】証拠説明書５（甲A227から307）,あると考 「えていること 【意見書15頁】 甲A 239- 20 「中島玉吉「内縁の夫婦に就 て」法学論叢10巻3号 (1923)1頁以下 写し 1923年 (大正 12年) 中島玉吉 1923年(大正1
論文（雑誌掲載）,松原洋子,中絶規制緩和と優生政策強化―優生保護法再考―,"『思想』886号,1998.4, p.118.",1,1,I0000132,「わたしの体は母体じゃない」訴訟,甲146：旧優生保護法の歴史と問題,"」 超党派議連が法案骨子」『毎日新聞』2018.11.8. - (2) 松原洋子「中絶規制緩和と優生政策強化―優生保護法再考―」『思想』886号,1998.4, p.118. - (3) 谷口彌三郎・福田昌子『優生保護法早わかり』日本母性保護医協会"
論文（雑誌掲載）,,主要国における被選挙権年齢,レファレンス 70巻6号57-74頁,1,1,I0000117,立候補年齢引き下げ訴訟,甲B76：齋藤宙治「被選挙権年齢引下げに関する人々の意識ーサーベイ実験による法定立候補年齢の研究ー」,被選挙権年齢」レファレンス65巻12号145-153頁. 那須俊貴(2020) 「主要国における被選挙権年齢」レファレンス 70巻6号57-74頁. 服部有希(2012) 「フランス選挙制度及び政治家等の資産公開制度の改革」外国の
論文（雑誌掲載）,,久貴忠彦「結婚と健康診断書,"同『現代家族法の展 「開』(一粒社,1990)",1,1,I0000031,結婚の自由をすべての人に訴訟（同性婚訴訟）,【大阪・第５回】証拠説明書５（甲A227から307）,"まで変わっていないこと。 【意見書12頁】 甲A 239- 31 「久貴忠彦「結婚と健康診断 書」同『現代家族法の展 「開』(一粒社,1990)83頁 写し 1990年 (平成 2年) 久貴忠彦 1942"
論文（雑誌掲載）,永野靖,事例紹介経産省事件(性同一性障害者の「職場における処遇,),1,1,I0000031,結婚の自由をすべての人に訴訟（同性婚訴訟）,【東京・第５回】証拠説明書８（甲A211－1から211-68）,211- 63 永野靖「事例紹介 経 産省事件(性同一性 障害者の「職場にお ける処遇」)」ジェ ンダーと法15号 (2018) 133~134頁 写 2018年(平成30 年
論文（雑誌掲載）,平田由紀子,事実上の夫婦の法的地位,松尾弘・益子良一編『民法と税法の接点――基本法から見直す租税実務――』ぎょうせい (2005),1,1,I0000031,結婚の自由をすべての人に訴訟（同性婚訴訟）,渡邉泰彦先生 意見書,41 註 (29) 同性カップルも含めた日本における状況については、平田由紀子「事実上の夫婦の法的地位」松尾弘・益子良一編『民法と税法の接点――基本法から見直す租税実務――』ぎょうせい (2005) 35頁を参照。 (30)
論文（雑誌掲載）,今村成和,事実行為の取消訴訟,同『現代の行政と行政法の理論』 〔有斐閣、1972年〕 233頁,1,1,I0000182,デジタル時代の「知る権利」を守る。情報開示を阻む手数料を問う訴訟,【中林訴訟】甲第６号証20260612,はなく、事実行為の違法宣言を求める訴えと解すべきとの有力な見解がある (今村成和「事実行為の取消訴訟」 同『現代の行政と行政法の理論』 〔有斐閣、1972年〕 233頁)。 (ヵ) 形式的行政処分 抗告訴訟の対象たる行政処
論文（雑誌掲載）,林紀行,二元代表制における地方議会の役割と町村総会,法政論叢 55巻1号 208~209頁,1,1,I0000117,立候補年齢引き下げ訴訟,証拠説明書5（甲B65~甲B71）,こと。 甲B68 林紀行「二元代表制 における地方議会 の役割と町村総会」 法政論叢 55巻1号 208~209頁 写 し 2019年 林紀行
論文（雑誌掲載）,,人口問題審議会の人口資質向上対策に関する決議,"『人口問題研究』86号,1962.12, pp.66-69. 14 レファレンス 816",1,1,I0000132,「わたしの体は母体じゃない」訴訟,甲146：旧優生保護法の歴史と問題,"国会参議院厚生委員会会議録第13号 昭和23年6月19日 p.1. - (59)「人口問題審議会の人口資質向上対策に関する決議」『人口問題研究』86号,1962.12, pp.66-69. 14 レファレンス 816号 2019. 1 国立国会図"
論文（雑誌掲載）,品川信良,人工妊娠中絶(医学的妊娠終了)について思う,"『産婦人科治療』53巻4号, 1986.10, p.389. 20 藤目ゆき『性の歴史学",1,1,I0000132,「わたしの体は母体じゃない」訴訟,甲19：旧優生保護法に基づく優生手術等を受けた者に対する一時金の支給等に関する法律第21条に基づく調査報告書（抜粋）,"」『日本医師会雑誌』90巻1号, 1983.7.1, p.17. 19 品川信良「人工妊娠中絶(医学的妊娠終了)について思う」『産婦人科治療』53巻4号, 1986.10, p.389. 20 藤目ゆき『性の歴史学―公娼制度・堕胎罪体制から売春防"
論文（雑誌掲載）,齋藤正彰,人格的利益説の終焉?,北大法学論集73巻2号(2022),1,1,I0000132,「わたしの体は母体じゃない」訴訟,甲143：小川意見書,法概論Ⅱ 基本権保障』(有斐閣、2021)77-78頁。 なお、 18 齋藤正彰「人格的利益説の終焉?」北大法学論集73巻2号(2022)294頁。 19 柴田憲司ほか『憲法 人権編』(弘文堂、2026)90-92頁(村山健
論文（雑誌掲載）,館田晶子,人権としての国籍の可能性,憲法理論研究会編『憲法の可能性』（敬文堂、 2019年）99 頁,1,1,I0000106,本人の意思を無視して日本国籍を一方的にはく奪する「国籍法11条1項は違憲」訴訟,【訴訟１】甲１２１髙佐智美教授意見書「国籍法 11条 1項の憲法及び国際法規適合性について」,13 同上、72頁。 14 同上、77頁。 15 館田晶子「人権としての国籍の可能性」憲法理論研究会編『憲法の可能性』（敬文堂、 2019年）99 頁、107頁以下。 16 第90回帝國議會貴族院 「帝
論文（雑誌掲載）,玉蟲由樹,人権と国家権力――『公共の福祉,の多元的機能」法律時報1072号(2014年),1,1,I0000071,コロナ禍、日本社会の理不尽を問う（コロナ特措法違憲訴訟）【アーカイブ】,甲第５７号証：横大道聡先生　意見書,の作法〔第3版〕』(尚学社、2016年)70-72頁などを参照。 10 玉蟲由樹「人権と国家権力――『公共の福祉』の多元的機能」法律時報1072号(2014年) 34頁。 11 宇賀克也『行政法概説Ⅰ 行政法総論〔第7版〕』(有斐閣、
論文（雑誌掲載）,芦部信喜,人権の普遍性と憲法,法学セミナー437号29頁,1,1,I0000087,赤ちゃん取り違え被害者に「出自を知る権利を」訴訟【アーカイブ】,原告第１準備書面,ほうを条約に適合するように解釈していくことが必要」であると説かれてきた(芦部信喜「人権の普遍性と憲法」法学セミナー437号29頁)。条約の誠実遵守義務を定める憲法98条2項は、そのような憲法の「人権条約適合的解釈」を要請し
論文（雑誌掲載）,吉田曉永,人権条約の発展的解釈におけるコンセンサスの役割(1)人権の実効的保障・意思主義・補完性原則の交錯,早稲田法学会誌第71巻2号(2021年),1,1,I0000096,「日本の入管収容は国際人権法違反」訴訟,甲A54　意見書「自由権規約の解釈方法について」（大阪大学大学院国際公共政策研究科准教授　髙田陽奈子）,な文書・素材に基づいて発展的解釈を行ってきたかについては次の論文を参照。吉田曉永「人権条約の発展的解釈におけるコンセンサスの役割(1)人権の実効的保障・意思主義・補完性原則の交錯」早稲田法学会誌第71巻2号(2021年)、407-412頁;吉田曉永「人権条約の発展的解釈におけるコンセンサスの役割(2
論文（雑誌掲載）,吉田曉永,人権条約の発展的解釈におけるコンセンサスの役割(2・完)人権の実効的保障・意思主義・補完性原則の交錯,早稲田法学会誌第72巻1号(2021年),1,1,I0000096,「日本の入管収容は国際人権法違反」訴訟,甲A54　意見書「自由権規約の解釈方法について」（大阪大学大学院国際公共政策研究科准教授　髙田陽奈子）,"原則の交錯」早稲田法学会誌第71巻2号(2021年)、407-412頁;吉田曉永「人権条約の発展的解釈におけるコンセンサスの役割(2・完)人権の実効的保障・意思主義・補完性原則の交錯」早稲田法学会誌第72巻1号(2021年)、98-102頁。 14 Tyrer v. UK, Application no"
論文（雑誌掲載）,三宅雄彦,人生パートナーシップ法合憲判決,自治研究79巻12号(2003),1,1,I0000031,結婚の自由をすべての人に訴訟（同性婚訴訟）,渡邉泰彦先生 意見書,法裁判所判決について」徳島文理大学研究紀要65号(2003)25頁以下、三宅雄彦「人生パートナーシップ法合憲判決」自治研究79巻12号(2003)143頁以下、三宅雄彦「生活パートナーシップ法の合憲性」栗城壽夫・戸波江二・嶋崎健太郎編
論文（雑誌掲載）,石井友幸,人間と遺伝学―現代優生学批判―,"『新しい遺伝学』時事通信社, 1950, pp.105-106. 第1編-7 第1編 旧",1,1,I0000132,「わたしの体は母体じゃない」訴訟,甲47：国民優生法の制定過程,"批判」『生物学と唯物弁証法』彰考書院, 1947, p.145. 47 石井友幸「人間と遺伝学―現代優生学批判―」『新しい遺伝学』時事通信社, 1950, pp.105-106. 第1編-7 第1編 旧優生保護法の立法過程 一氏"
論文（雑誌掲載）,,人類学者としての清野先生,前掲『随筆・遺稿』p.137),1,1,I0000076,「琉球人のご先祖の遺骨返還を」訴訟【アーカイブ】,甲15,"(1920年代末)にも同様の記述 がある。 (23) 金関丈夫は次のように言う(「人類学者としての清野先生」,前掲『随筆・遺稿』p.137)。「清野先生は 統計学的に正確な結論を得るには、更に多くの古人骨を集める必要ありと考えら"
論文（雑誌掲載）,,付随的・間接的支援,が再区分される,1,1,I0000123,県知事の公務での護国神社参拝取りやめをー政教分離原則の違反を問うー,甲18（稲正樹意見書）,」(宗教支援活動)を区別する。さらに②のなかで、②-a 「直接的支援」と、②-b「付随的・間接的支援」が再区分される。 47 佐々木弘通「憲法学説は政教分離判例とどう対話するか」法律時報82巻8号(2010年)78-85
論文（雑誌掲載）,,会で一般に夫婦関係と考えら「れているような男女の精神的・肉体的結合というべきで「ある。,「同性間の『婚姻』 「はこの意味では婚姻ではな 「い」と記していた事実,1,1,I0000031,結婚の自由をすべての人に訴訟（同性婚訴訟）,【大阪・第５回】証拠説明書５（甲A227から307）,法法制審議会委員を 「つとめた我妻栄が、「夫婦関 「係とは何かと言えば、その社 「会で一般に夫婦関係と考えら 「れているような男女の精神 的・肉体的結合というべきで 「ある。」「同性間の『婚姻』 「はこの意味では婚姻ではな 「い」と記していた事実。 【意見書11頁】 甲A 239- 2
論文（雑誌掲載）,条を引用しつつ,会議の非公開とその会議の経過や結果を記録した会議録を事後的に開示することとは事柄の性質上両立しえないではない,と判示していることはその証左である(浦和地裁昭和59年6月11日判決、判例時報1120号3頁,1,1,I0000080,地方議会に横行する「少数派議員潰し」に立ち向かう訴訟【アーカイブ】,土屋訴訟・訴状,おいて情報公開条例が最初に適用された訴訟において、裁判所が憲法57条を引用しつつ「会議の非公開とその会議の経過や結果を記録した会議録を事後的に開示することとは事柄の性質上両立しえないではない」と判示していることはその証左である(浦和地裁昭和59年6月11日判決、判例時報1120号3頁)。 - ウ 湯河原町議会会
論文（雑誌掲載）,田村悦一,会議外の行為と懲罰,(『地方自治判例百選』),1,1,I0000080,地方議会に横行する「少数派議員潰し」に立ち向かう訴訟【アーカイブ】,土屋訴訟・甲第40〜53号証,的行為と懲罰事由」 (『同・第4版』) 224頁などを参照。 (14) 田村悦一「会議外の行為と懲罰」(『地方自治判例百選』)94頁~95頁及 び(『同・第2版』)102頁~103頁を参照。 (15) 佐藤繁「議員の任期満
論文（雑誌掲載）,山田麻未,保育費の控除可能性についての一考察,税法学 579号 (2018年),1,1,I0000152,保育料を経費に！訴訟,甲50：意見書（藤間大順　神奈川大学准教授）,して事業との密接な関連性を証明できれば、その一部を控除で きる可能性」(山田麻未「保育費の控除可能性についての一考察」税法学 579号 (2018年)176 頁)が指摘されている。この議論を「日本にそのまま持ち込むこと はできない」(山田
論文（雑誌掲載）,安部祥太,保釈と電子監督,『刑事司法の理論 と実践―渡辺修先生古稀祝賀論文集』(現代人文社、2024年),1,1,I0000155,人質司法に終止符を！訴訟,原告準備書面(14)_20260821_リンク付き,、1995年改正によって即時抗告を認める 規定は削除された(甲A152:安部祥太「保釈と電子監督」『刑事司法の理論 と実践―渡辺修先生古稀祝賀論文集』(現代人文社、2024年)186頁)。 裁判所は、保釈を許可する場合
論文（雑誌掲載）,大田直史,保険医に対する戒告の処分性,(『社会保障判例百選・第4版』),1,1,I0000080,地方議会に横行する「少数派議員潰し」に立ち向かう訴訟【アーカイブ】,土屋訴訟・甲第40〜53号証,該判決の趣旨を直接援用することはできない。 当該判決について、詳しくは、大田直史「保険医に対する戒告の処分性」 (『社会保障判例百選・第4版』)44頁~45頁、及びそこに掲げられている 文献を参照。 568(284) 「地方議会
論文（雑誌掲載）,宮原均,信教の自由の範囲に関する判例法理と議会法律の対立,憲法研究 54号71頁,1,1,I0000106,本人の意思を無視して日本国籍を一方的にはく奪する「国籍法11条1項は違憲」訴訟,【訴訟１】甲１２１髙佐智美教授意見書「国籍法 11条 1項の憲法及び国際法規適合性について」,"state-interest,最終閲覧 2023年4月3日)。 46 宮原均「信教の自由の範囲に関する判例法理と議会法律の対立	」憲法研究 54号71頁（2022年） 78頁。 47 木棚・前掲注1）547頁。 48 柳井健一「国籍を離脱させ"
論文（雑誌掲載）,佐々木弘通,信教の自由・政教分離,辻村みよ子(編著),1,1,I0000123,県知事の公務での護国神社参拝取りやめをー政教分離原則の違反を問うー,甲18（稲正樹意見書）,およそ公的機関は、すべての、いかなる宗教をも援助、助長しては 54 佐々木弘通「信教の自由・政教分離」辻村みよ子(編著)『基本憲法』(悠々社・2009年)108- 123頁、117-119頁。 55 野坂泰司「愛媛玉串料訴
論文（雑誌掲載）,江藤祥平,個人として、そして国民として在るということ,法律時報92巻1号(2020年),1,1,I0000071,コロナ禍、日本社会の理不尽を問う（コロナ特措法違憲訴訟）【アーカイブ】,甲第５２号証：「匿名の権力ー感染症と憲法」と題する論文（法律時報2020年8月号）,ジョン・ホプキンス大学の調べによる (2020年6月6日時点)。 2) 江藤祥平「個人として、そして国民として在るということ」 法律時報92巻1号(2020年)36頁以下。 70—法律時報92巻9号(100. では、この闘いに勝し、きないのもま
論文（雑誌掲載）,起世子,優生および精神衛生政策の展開と精神障害者の処遇の変遷—1900年代~1950年代の日本において―,"『園 田学園女子大学論文集』50号,2016.1, p.9、中谷陽二『危険な人間の系譜―",1,1,I0000132,「わたしの体は母体じゃない」訴訟,甲47：国民優生法の制定過程,"史学雑誌』49巻2号, 2003.6.20, pp.381-384、山本 起世子「優生および精神衛生政策の展開と精神障害者の処遇の変遷—1900年代~1950年代の日本において―」『園 田学園女子大学論文集』50号,2016.1, p.9、中谷陽二『危険な人間の系譜―選別と排除の思想―』弘文堂, 2"
論文（雑誌掲載）,安倍雄吉,優生保護法について,"『日本医事新報』1270号,1948.8.28, p.17(1005)",1,1,I0000132,「わたしの体は母体じゃない」訴訟,甲19：旧優生保護法に基づく優生手術等を受けた者に対する一時金の支給等に関する法律第21条に基づく調査報告書（抜粋）,"医師会を発足させた GHQが、昭和23年に入り新しい主義と理 140 安倍雄吉「優生保護法について」『日本医事新報』1270号,1948.8.28, p.17(1005). 141 高橋勝好「優生保護法運営における都道府"
論文（雑誌掲載）,南野知恵子,優生保護法の一部改正について,"『看護』49巻1号, 1997.1, p.215. 47 清水澄子事務所「優生保護法問題",1,1,I0000132,「わたしの体は母体じゃない」訴訟,甲25：優生保護法から母体保護法へー平成８年改正以降,"期 市民運動編 第8巻』六花出版, 2021, p.288.) 46 南野知恵子「優生保護法の一部改正について」『看護』49巻1号, 1997.1, p.215. 47 清水澄子事務所「優生保護法問題のこれまでの経過」 (1996."
論文（雑誌掲載）,丸山直友,優生保護法の改正について,"『日本医事新報』2510号, 1972.6.3, p.91. 17 石濱淳美『太田典礼と",1,1,I0000132,「わたしの体は母体じゃない」訴訟,甲19：旧優生保護法に基づく優生手術等を受けた者に対する一時金の支給等に関する法律第21条に基づく調査報告書（抜粋）,"誌』南山 堂, 1970, p.154, pp.189-191. 16 丸山直友「優生保護法の改正について」『日本医事新報』2510号, 1972.6.3, p.91. 17 石濱淳美『太田典礼と避妊リングの行方』彩図社, 20"
論文（雑誌掲載）,,優生保護法の改正を繞って〈座談会〉,"『日本医事新報』1466号, 1952.5.31, p.4. 26 本多龍雄「戦前戦後の",1,1,I0000132,「わたしの体は母体じゃない」訴訟,甲19：旧優生保護法に基づく優生手術等を受けた者に対する一時金の支給等に関する法律第21条に基づく調査報告書（抜粋）,"聞』1948.2.19 24 『読売新聞』1948.2.19 25 安藤画一ほか「優生保護法の改正を繞って〈座談会〉」『日本医事新報』1466号, 1952.5.31, p.4. 26 本多龍雄「戦前戦後の夫婦出生産力における出生抑制効果"
論文（雑誌掲載）,米本昌平,優生学,"『世界大百科事典 28巻 改訂新版』平凡社,2007, pp.584-585. 8 レフ",1,1,I0000132,「わたしの体は母体じゃない」訴訟,甲146：旧優生保護法の歴史と問題,"ナチスと近未来―』弘文堂,1989, pp.42-45. - (19) 米本昌平「優生学」『世界大百科事典 28巻 改訂新版』平凡社,2007, pp.584-585. 8 レファレンス 816号 2019."
論文（雑誌掲載）,吉益脩夫,優生学から見た優生保護法,"『法律のひろば』2巻5号, 1949.5, p.21. 第1編-108 又は強制優生手術",1,1,I0000132,「わたしの体は母体じゃない」訴訟,甲19：旧優生保護法に基づく優生手術等を受けた者に対する一時金の支給等に関する法律第21条に基づく調査報告書（抜粋）,"省予防局『国民優生法釋議』1940.9, pp.99-100. 139 吉益脩夫「優生学から見た優生保護法」『法律のひろば』2巻5号, 1949.5, p.21. 第1編-108 又は強制優生手術の対象となる場合及び強姦等によ"
論文（雑誌掲載）,瀬木健,優生学について,"『唯物論研究』20号,1934.6, p.863. 45 石井友幸「民族生物学に就いて」",1,1,I0000132,「わたしの体は母体じゃない」訴訟,甲47：国民優生法の制定過程,"売春防止法・優生保護体制へ―』不二出版, 1997, p.351. 44 瀬木健「優生学について」『唯物論研究』20号,1934.6, p.863. 45 石井友幸「民族生物学に就いて」『唯物論研究』48号,1936."
論文（雑誌掲載）,石井友幸,優生学批判,"『生物学と唯物弁証法』彰考書院, 1947, p.145. 47 石井友幸「人間と遺伝学",1,1,I0000132,「わたしの体は母体じゃない」訴訟,甲47：国民優生法の制定過程,"『唯物論研究』48号,1936.10, pp.647, 649. 46 石井友幸「優生学批判」『生物学と唯物弁証法』彰考書院, 1947, p.145. 47 石井友幸「人間と遺伝学―現代優生学批判―」『新しい遺伝"
論文（雑誌掲載）,,入院のハードルが上がって,の誤記である,1,1,I0000068,「鳥は空に魚は水に人は社会に」訴訟【アーカイブ】,原告・準備書面６,B第164号証の憲法学者の意見書34頁3段落目の「入院のハードルが下 がって」は「入院のハードルが上がって」の誤記である。また、甲B第167号証の精 神科医の意見書3頁「5.社会復帰施策」は「4.社会復帰施策」の誤記である。 以
論文（雑誌掲載）,,全訂戸籍法,,1,1,I0000134,わたしたちはもう待てない〜同性婚仙台家事審判事件,太白区長意見書（２）2025年9月30日,受理」 - 資料35:加藤令蔵「全訂戶籍法逐条解説」 - 資料36:青木義人ほか「全訂 戸籍法」 - 資料37:同性カップルの法的処遇に関する研究会「同性カップルの法的処 遇に関する論点整理」(ジュリスト1578号1
論文（雑誌掲載）,片岡寛光,公共性の理念を求めて,早 大政治経済学雑誌238号79頁,1,1,I0000157,「取調べ拒否」Tシャツを奪うな！―黙秘権と表現の自由を守る訴訟,乙１１,"公共」、「福祉」,「正義」 等の相互関係を厳密に問うと難しいことになる(片岡寛光「公共性の理念を求めて」早 大政治経済学雑誌238号79頁以下は、「公共性そのものであると同時に、その実体的内容であ」る、「正 義」,「公正」,"
論文（雑誌掲載）,山元一,公務員の政治的表現の自由,"LS 憲法研究会編『プロセス演習憲法 [第4版]』(信山 社,2012年)",1,1,I0000090,司法の独立を脅かす岡口裁判官の罷免訴追に反対します！【アーカイブ】,意見書（山元一）,"3年4月10日弾劾裁判判決(官報2013年4月12日8頁)。 64 参照,山元一「公務員の政治的表現の自由」 LS 憲法研究会編『プロセス演習憲法 [第4版]』(信山 社,2012年)563頁。 法解釈や法適用を行うだけでは済ま"
論文（雑誌掲載）,桜田誉,公務員の責任,『田中二郎先生古稀記念・公法の理論(上),1,1,I0000090,司法の独立を脅かす岡口裁判官の罷免訴追に反対します！【アーカイブ】,意見書（山元一）,"他編『憲法判例百選Ⅱ〔第7版〕』(有斐閣,2019年)391 頁。 43 桜田誉「公務員の責任」 『田中二郎先生古稀記念・公法の理論(上)』(有斐閣,1976年)550頁。 桜田は別の論文(「裁判官等弹劾罷免の法的性"
論文（雑誌掲載）,,公務員の選挙に参加する資格について憲法の定めるところは、すべて、国民審査に参加する資格について準用されるべきである,(『全訂日本国憲法(第2版),1,1,I0000030,「海外でも国民審査を」訴訟【アーカイブ】,上告受理申立理由書,あり、選挙権との関係は車の両 輪にたとえられるべきものである。宮澤俊義はこの点を「公務員の選挙に参加 する資格について憲法の定めるところは、すべて、国民審査に参加する資格に ついて準用されるべきである」(『全訂日本国憲法(第2版)』643頁)と述 べる。選挙権と投票権とは、国民主権に不可欠の参政権として同一の性質を有 し
論文（雑誌掲載）,松本和彦,公法解釈における諸原理・原則の対抗,公法研究81号74頁,1,1,I0000129,「共働き妻を亡くした夫にも遺族年金を」訴訟,甲33　大阪大学　松本和彦先生　意見書（憲法）,素振りを見せながらも、明らかにそれとは異なる考え方を提示している。 8松本和彦「公法解釈における諸原理・原則の対抗」公法研究81号74頁(2019年)参 照。比例原則の中でも相当性原則が適用されるときは、目的に比して手段が過剰といえる
論文（雑誌掲載）,川田琢之,公立学校教員による給特法違反等を理由とする国家賠償請求,ジュリスト1437 号(2012年),1,1,I0000070,「人間を育てる教員に、人間らしい働き方を」訴訟【アーカイブ】,第10回裁判資料_鑑定意見書（高橋哲先生）実印差し替え,学セミナー増刊:新判例 Watch11号(2012年)266頁。 27 川田琢之「公立学校教員による給特法違反等を理由とする国家賠償請求」ジュリスト1437 号(2012年)108頁。 15 時間外労働に当たるかの検討ではなく、違法な行為―職務命令の有無
論文（雑誌掲載）,萬井隆令,公立学校教員の労働時間制と『労働,の意義」龍谷法学52巻1号(2019 年),1,1,I0000070,「人間を育てる教員に、人間らしい働き方を」訴訟【アーカイブ】,第10回裁判資料_鑑定意見書（高橋哲先生）実印差し替え,の労働と給特法」労働法律旬報1926号(2018年)9頁。 32 同旨、萬井隆令「公立学校教員の労働時間制と『労働』の意義」龍谷法学52巻1号(2019 年)126頁。 33 同旨、山本吉人「クラブ活動引率にともなう時間外勤務手当の請求
論文（雑誌掲載）,嶋崎量,公立学校教員・残業代判決の問題点――さいたま地裁判決(令3・10・1)を受けて,労働法律旬報2001号(2022年),1,1,I0000070,「人間を育てる教員に、人間らしい働き方を」訴訟【アーカイブ】,堀口悟郎先生意見書,62 髙橋・前掲注3)211-212頁参照。 63 同様の指摘として、嶋崎量「公立学校教員・残業代判決の問題点――さいたま地裁判決(令3・10・1)を受けて」 労働法律旬報2001号(2022年)22-23頁参照。 の制限を厳格に貫く必要がある。両判決が示した労働時間性に関す
論文（雑誌掲載）,萬井隆令,公立学校教師と時間外労働,龍谷法学38巻1号(2005年),1,1,I0000070,「人間を育てる教員に、人間らしい働き方を」訴訟【アーカイブ】,第10回裁判資料_鑑定意見書（高橋哲先生）実印差し替え,「教職特別措置法と教員の労働条件」季刊教育法1号(1971年)51 頁、萬井隆令「公立学校教師と時間外労働」龍谷法学38巻1号(2005年)86頁、斎藤周 「給特法と教員の超過勤務手当請求権」季刊教育法 147 号(2005年)
論文（雑誌掲載）,松戸浩,公立学校教育職員の時間外勤務と設置者の国家賠償責任成否,ジュリスト 1440 号(2012年),1,1,I0000070,「人間を育てる教員に、人間らしい働き方を」訴訟【アーカイブ】,第10回裁判資料_鑑定意見書（高橋哲先生）実印差し替え,となろうが、あくまでこの判断は、給特法、給特条例違反となる時間外 28 松戸浩「公立学校教育職員の時間外勤務と設置者の国家賠償責任成否」ジュリスト 1440 号(2012年)55頁。 29 萬井隆令「教員の労働と給特法」労働法律旬報1926号(2018年)
論文（雑誌掲載）,倉田玲,公職選挙法第11条第1項第2号の憲法適合性の欠如,立命館法学 352号(2013年),1,1,I0000123,県知事の公務での護国神社参拝取りやめをー政教分離原則の違反を問うー,甲39 安西文雄「国家と宗教」,「権利」としての選挙権』(勁草書房、1989年)21-22頁。 (14) 倉田玲「公職選挙法第11条第1項第2号の憲法適合性の欠如」 立命館法学 352号(2013年)182頁、河合正雄「受刑者の選挙権保障——————2000年代のイギ リスの動向を題
論文（雑誌掲載）,鈴木康之,公職選挙法等の一部を改正する法律(選挙権年齢等の引下げ)について,"『選挙時報』64巻8号,2015.8, pp.1-9;中谷幸司「選挙権年齢の「一八歳以上",1,1,I0000117,立候補年齢引き下げ訴訟,甲B26　国立国会図書館調査及び立法考査局政治議会課編「主要国における被選挙権年齢 (資料)」レファレンス833号,"4月1日である。 (1) 選挙権年齢引下げの経緯や改正の概要については、鈴木康之「公職選挙法等の一部を改正する法律(選挙権年齢 等の引下げ)について」『選挙時報』64巻8号,2015.8, pp.1-9;中谷幸司「選挙権年齢の「一八歳以上」への引下 げ」『時の法令』19"
論文（雑誌掲載）,濱秀和,出席停止の懲罰決議と司法審査,(『地方自治判例 百選』),1,1,I0000080,地方議会に横行する「少数派議員潰し」に立ち向かう訴訟【アーカイブ】,土屋訴訟・甲第40〜53号証,"「地方議会議員の懲罰と司法審査」(『同Ⅱ・第7版』) 300頁~301頁,濱秀和「出席停止の懲罰決議と司法審査」(『地方自治判例 百選』)102頁~103頁,常岡孝好「地方議会議員の懲罰と司法権」(『同。 第3版』)120頁~121"
論文（雑誌掲載）,宇賀克也,出席停止処分無効確認請求事件,(自治研究63巻11号),1,1,I0000080,地方議会に横行する「少数派議員潰し」に立ち向かう訴訟【アーカイブ】,土屋訴訟・甲第40〜53号証,"は3日間の出席停止が課されているが、いずれも、出席 (21) (19) 宇賀克也「出席停止処分無効確認請求事件」(自治研究63巻11号)126頁 ~143頁,判決概要紹介コーナー「町議会議員出席停止処分無効確認・取 消請求事件・佐賀"
論文（雑誌掲載）,,分量を明らかにすることはできず、実際に明らかにしていない,「『1頁,1,1,I0000092,イラク戦争検証報告書情報公開訴訟【アーカイブ】,原告準備書面(5),くとも全て不開示とする合理的な理由は全く見いだせない。この点につき、 被告は、「分量を明らかにすることはできず、実際に明らかにしていない」、 「『1頁足らずの分量である』ことを前提とする原告の主張は失当である」 と主張するが、この被告の主張については、第2で
論文（雑誌掲載）,伊藤嘉亮,刑事裁判例批評[423],『刑事法ジャーナル2021-69号』 (成文堂246頁,1,1,I0000083,ベトナム人技能実習生リンさんの死体遺棄罪刑事事件【アーカイブ】,上告趣意書,う、間接的に法益を危殆化することに処罰根拠があるものと考えられてい る(伊藤嘉亮「刑事裁判例批評[423]」『刑事法ジャーナル2021-69号』 (成文堂246頁))。この「間接的な法益の危殆化」という説明は、「隠匿」と 「遺棄
論文（雑誌掲載）,,初任補修科,課程の「社会」の講義参考資料(乙A11号証の1・5 ページ,1,1,I0000128,人種差別的な職務質問をやめさせよう！訴訟｜#STOPレイシャルプロファイリング,準備書面（３）_被告国,義参考 資料をそれぞれ作成し、都道府県警察に指示しているところ、「初任科」及 び「初任補修科」課程の「社会」の講義参考資料(乙A11号証の1・5 ページ、10ページ)には、市民的及び政治的権利に関する国際規約(B
論文（雑誌掲載）,高畑英一郎,判例クローズアップ宗教的施設に対する公有地の使用料免除と政教分離,法学 教室490号(2021年),1,1,I0000123,県知事の公務での護国神社参拝取りやめをー政教分離原則の違反を問うー,甲18（稲正樹意見書）,Lawyer Vol. 37(2022年)7-35頁、32頁。 38 高畑英一郎「判例クローズアップ 宗教的施設に対する公有地の使用料免除と政教分離」法学 教室490号(2021年) 66-72頁、70頁注21。 39 以下の(1)と(2)の区分は、小泉洋一「政教分離」
論文（雑誌掲載）,,判例整理術:判例整理のための7つのステップ,法学セミナー614号 2008年:「新司法試験短答式問題の心と技:憲法」法学セミナー63,1,1,I0000151,「18歳未満にも選挙で応援する自由を」訴訟,甲４２：門田孝教授の意見書,外国人地方参政権訴訟」法学セミナー521号 2006年:「判例整理術:判例整理のための7つのステップ」法学セミナー614号 2008年:「新司法試験短答式問題の心と技:憲法」法学セミナー637 号
論文（雑誌掲載）,,判例紹介国籍法の日本国籍剥奪条項の合憲性——国籍法11条1項違憲訴訟,高佐智美,1,1,I0000106,本人の意思を無視して日本国籍を一方的にはく奪する「国籍法11条1項は違憲」訴訟,【訴訟１】第３回期日報告集会資料（第２弾）_20230313,発生する具体的な危険性があるとしても国籍選択制度の運用で対処できよう。」 # 「判例紹介 国籍法の日本国籍剥奪条項の合憲性——国籍法11条1項違憲訴訟」 高佐智美 - 「国際人権」33号(2022年10月、国際人権法学会) # 「判例紹介 国籍法の日本国籍剥奪条項の合憲
論文（雑誌掲載）,対して常岡孝好,判批(老齡加算北九州判決),民商法雑誌148巷2号(2013年),1,1,I0000071,コロナ禍、日本社会の理不尽を問う（コロナ特措法違憲訴訟）【アーカイブ】,甲第６７号証：「特集　統治と専門家　新型コロナ対策から見る日本の憲政」「総括コメント」と題する記事（法律時報2120年93巻12号からの抜粋）,し」ており「行政権の判断の追 認にとどまる」ことを指摘する。これに対して常岡孝好「判批(老齡加算北九州判決)」民商法雑誌148巷2号(2013年)177頁は、 当該事案における原告の主張内容との関係で、上記のような視野の限定を「必
論文（雑誌掲載）,前田雅子,判批(老齢加算東京・北九州判決),ジュリスト臨時増 刊1453号,1,1,I0000071,コロナ禍、日本社会の理不尽を問う（コロナ特措法違憲訴訟）【アーカイブ】,甲第６７号証：「特集　統治と専門家　新型コロナ対策から見る日本の憲政」「総括コメント」と題する記事（法律時報2120年93巻12号からの抜粋）,頁以下。 45) 老齢加算廃止をめぐる審議の過程を問題視する見解として、前田雅子「判批(老齢加算東京・北九州判決)」 ジュリスト臨時増 刊1453号。平成24年度重要判例解說38頁以下、村上裕章「判批」同・前掲注21)274頁、山本龍彦
論文（雑誌掲載）,江藤祥平,判批1046,行政判例研究「自治研究94巻5号),1,1,I0000131,夫婦別姓も選べる社会へ！訴訟,甲A014_辻村先生意見書（令和2年3月26日）,に関するもののうち憲法学研究者による主要なものを検討対象とする。 20 江藤祥平「判批1046」行政判例研究「自治研究94巻5号)130頁。 21 羽生香織・新判例解説 watch のみ引用されている。但し筆者は民事
論文（雑誌掲載）,,利谷信義「家族法の実験,"『シリーズ変貌する家族 1 「家族の社会史』(岩波書 店,1991)",1,1,I0000031,結婚の自由をすべての人に訴訟（同性婚訴訟）,【大阪・第５回】証拠説明書５（甲A227から307）,"月 日 作成者 立証趣旨 甲A 239- 11 「利谷信義「家族法の実験」 『シリーズ変貌する家族 1 「家族の社会史』(岩波書 店,1991) 101頁 写し 1991年 (平成 3年"
論文（雑誌掲載）,瀬畑源,加計学園問題,『公文書問題 日本の「闇」の核心』(集英社、20 18年),1,1,I0000146,「学術会議の独立性」を市民で守ろう ～会員任命拒否理由の情報公開訴訟～,準備書面１２（文書の不存在等に対して存在が認められた判例及び事例について）｜2026年6月9日,も、出所不明として再調査を実施しない意向を示した(甲 A103)¹⁸。 (瀬畑源「加計学園問題」『公文書問題 日本の「闇」の核心』(集英社、20 18年)138頁ないし142頁(甲A97)) ## 4 労災裁判の上
論文（雑誌掲載）,西谷敏,労働基本権保障の意義,法時61巻11号(1989年),1,1,I0000116,「会計年度任用職員にも労働基本権を！」訴訟,書証（甲２６）_意見書 ※期日において甲２７と訂正,裕美子「判批」 法学86巻1・2号(2022年) 179頁も参照。 13 西谷敏「労働基本権保障の意義」法時61巻11号(1989年)79頁。 13/18 いるのに対し、公務員には、これがあえて適用除外とされているという
論文（雑誌掲載）,,労働時間,の解釈を誤ったことに起因するが、この点については「(2),1,1,I0000070,「人間を育てる教員に、人間らしい働き方を」訴訟【アーカイブ】,堀口悟郎先生意見書,、校長が労基法32条違反を認識することが困難だと評価してしまったのは、そこでいう「労働時間」の解釈を誤ったことに起因するが、この点については「(2)」で後述する。 59 神吉知郁子「判批」 ジュリスト1571号
論文（雑誌掲載）,中内哲,労働時間の意義・算定,土田道夫・山川隆一編『労働法の争点』(有斐閣、2014 年),1,1,I0000070,「人間を育てる教員に、人間らしい働き方を」訴訟【アーカイブ】,第10回裁判資料_鑑定意見書（高橋哲先生）実印差し替え,京大学労働法研究会『注釈労働時間法』(有斐閣、1990年)97頁。 10 中内哲「労働時間の意義・算定」土田道夫・山川隆一編『労働法の争点』(有斐閣、2014 年)102-103 頁、梶川敦子「労働時間の概念」村中孝史・荒木
論文（雑誌掲載）,長谷川珠子,労働時間の法理論,日本労 働法学会編『講座労働法の再生第3巻労働条件論の課題』(日本評論社、2017年),1,1,I0000070,「人間を育てる教員に、人間らしい働き方を」訴訟【アーカイブ】,第10回裁判資料_鑑定意見書（高橋哲先生）実印差し替え,片岡曻・萬井隆令 『労働時間法論』(法律文化社、122頁)1990年;長谷川珠子「労働時間の法理論」日本労 働法学会編『講座労働法の再生第3巻労働条件論の課題』(日本評論社、2017年)132頁 など。 35 荒木尚志『
論文（雑誌掲載）,橋本陽子,労働時間法制における『時間,と『賃金」をめぐる考察」前掲(注3),1,1,I0000070,「人間を育てる教員に、人間らしい働き方を」訴訟【アーカイブ】,毛塚勝利先生_意見書,動を切断する立法もありうる。日本でも、かかる立法を提言 するものとして、橋本陽子「労働時間法制における『時間』と『賃金」をめぐる考察」前掲(注3)報告 書96頁以下。 8 また、労働時間管理にかかる議論でいえば、90年代以降の成
論文（雑誌掲載）,浅野高宏,労働時間管理義務の現在と今後の課題,道幸哲也 ほか編『社会法のなかの自律と連帯』 (2022),1,1,I0000070,「人間を育てる教員に、人間らしい働き方を」訴訟【アーカイブ】,毛塚勝利先生_意見書,「労働時間把握・管理に関する 法的検討」前掲(注3)報告書121頁以下、浅野高宏「労働時間管理義務の現在と今後の課題」道幸哲也 ほか編『社会法のなかの自律と連帯』 (2022)285頁以下等参照。 9 労働契約上の使用者の付随義務として労
論文（雑誌掲載）,渡辺章,労務給付義務と形成権の法理,有泉亨先生古稀記念『労働法の解釈理論』 (1976),1,1,I0000070,「人間を育てる教員に、人間らしい働き方を」訴訟【アーカイブ】,毛塚勝利先生_意見書,者の労務提供義務との関係では履行行為の協力行為とみる見解も あるのである。渡辺章「労務給付義務と形成権の法理」有泉亨先生古稀記念『労働法の解釈理論』 (1976)82頁。 17 務との関連性が希薄である場合や明確でない場合でも、
論文（雑誌掲載）,,北満引揚婦人の集団妊娠中絶始末記,"『サンデー毎日』 1953.3.29, p.6. 63 上坪隆『水子の譜—引揚孤児と犯",1,1,I0000132,「わたしの体は母体じゃない」訴訟,甲19：旧優生保護法に基づく優生手術等を受けた者に対する一時金の支給等に関する法律第21条に基づく調査報告書（抜粋）,"を回顧した厚生省職員の座談会において語られている70。一方、サムス元局 62 「北満引揚婦人の集団妊娠中絶始末記」 『サンデー毎日』 1953.3.29, p.6. 63 上坪隆『水子の譜—引揚孤児と犯された女たちの記録―』現代史出版"
論文（雑誌掲載）,多くの場合,区別を生じさせること自体を直接の目的,(千葉勝美『違憲審査――その焦点の定め方』(有斐閣、2017年),1,1,I0000064,「セックスワークにも給付金を」訴訟 【アーカイブ】,控訴理由書,ィを差別し、地位の格下げ・スティグマの押し付けをもたらすような政策は、多くの場合「区別を生じさせること自体を直接の目的」(千葉勝美『違憲審査――その焦点の定め方』(有斐閣、2017年)100 頁)とする疑いが強く、対象のマイノリティに「深甚
論文（雑誌掲載）,手嶋豊,医療と説明義務,判夕1178号(2005),1,1,I0000148,おかゆ強制はおかしい！刑事施設における不要な食事制限の撤廃を求める裁判 ,乙B21_判例タイムズNo.1401,"3) 西岡・前掲61)318頁参照。 : ・ 64) 説明義務については、手嶋豊「医療と説明義務」判夕1178号(2005) 185頁,熊代雅音「医療訴訟における説明義 務について」ジュリ1315号 (2006) 13"
論文（雑誌掲載）,江藤祥平,匿名の権力――感染症と憲法,法律時報1154号(2020年),1,1,I0000071,コロナ禍、日本社会の理不尽を問う（コロナ特措法違憲訴訟）【アーカイブ】,甲第５７号証：横大道聡先生　意見書,ォーマルな規制手法」判例時報2460号(2020年) 146頁。 30 江藤祥平「匿名の権力――感染症と憲法」法律時報1154号(2020年)71頁。また、宍 戸・前掲注(5) 82頁が、予防原則に基づく「リスクへの対応はトライ・
論文（雑誌掲載）,瀬畑源,南スーダンPKO文書公開問題,『公文書問題 日本の「闇」の核 心』(2018年、集英社),1,1,I0000146,「学術会議の独立性」を市民で守ろう ～会員任命拒否理由の情報公開訴訟～,準備書面１２（文書の不存在等に対して存在が認められた判例及び事例について）｜2026年6月9日,蔽する意図は全くな かった」と釈明したものの、責任をとる形で辞任した。 (瀬畑源「南スーダンPKO文書公開問題」『公文書問題 日本の「闇」の核 心』(2018年、集英社)101頁以下(甲A97)、「南スーダン撤退 あ 54 の日報
論文（雑誌掲載）,三宅宗悦,南島の先史時代,"『人類学・先史学講座』第16卷,雄山閣,1940, pp.41-42. (29)",1,1,I0000076,「琉球人のご先祖の遺骨返還を」訴訟【アーカイブ】,甲15,"「南島のことども」『京都 帝国大学新聞』1935年3月5日. (28) 三宅宗悦「南島の先史時代」『人類学・先史学講座』第16卷,雄山閣,1940, pp.41-42. (29) 金関丈夫「琉球人の人類学的研究第一部生"
論文（雑誌掲載）,,南方暁「婚姻法グループの改正提案~婚姻の成立,家 「族く社会と法>33号(2017),1,1,I0000031,結婚の自由をすべての人に訴訟（同性婚訴訟）,【大阪・第５回】証拠説明書５（甲A227から307）,が 導入されている事実 【意見書3頁】 甲A 239- 9の1 「南方暁「婚姻法グループの 改正提案~婚姻の成立」家 「族く社会と法>33号(2017) 98~99頁 写し 2017年 (平成 29年) 日本家族(社 会と法
論文（雑誌掲載）,井上達夫,危機管理能力なき無法国家――コロナ危機で露呈する日本の病巣,法律時報1 154号(2020年),1,1,I0000071,コロナ禍、日本社会の理不尽を問う（コロナ特措法違憲訴訟）【アーカイブ】,甲第５７号証：横大道聡先生　意見書,ら、日常の社会生活を維持する上で必要な施設を除き、幅広く対象と 50 井上達夫「危機管理能力なき無法国家――コロナ危機で露呈する日本の病巣」法律時報1 154号(2020年)68頁〔傍点は原文どおり〕。 51 井上・前掲注(50)69頁。 52 原告の適用違憲
論文（雑誌掲載）,,原子炉設置許可と第三者の原告適格,(『同Ⅱ・第6版』),1,1,I0000080,地方議会に横行する「少数派議員潰し」に立ち向かう訴訟【アーカイブ】,土屋訴訟・甲第40〜53号証,"分無効確認訴訟の原告適格」(『行政判例百 選Ⅱ・第4版』)416頁~417頁,同「原子炉設置許可と第三者の原告適格」 (『同Ⅱ・第6版』)354頁~355頁,高橋信隆「民事差止訴訟の可能性と抗 告訴訟の訴えの利益」(『同II・第6版』)"
論文（雑誌掲載）,大西有二,原子炉設置許可処分無効確認訴訟の原告適格,(『行政判例百 選Ⅱ・第4版』),1,1,I0000080,地方議会に横行する「少数派議員潰し」に立ち向かう訴訟【アーカイブ】,土屋訴訟・甲第40〜53号証,"制限」(『同 II・第7版』)396頁~397頁などを参照。 (40) 大西有二「原子炉設置許可処分無効確認訴訟の原告適格」(『行政判例百 選Ⅱ・第4版』)416頁~417頁,同「原子炉設置許可と第三者の原告適格」 (『同Ⅱ・第6版』)354頁"
論文（雑誌掲載）,,参政権:選挙権の否定はもはや『常識,ではない」法学セミナー471 号 未成年者選挙運動禁止規定の合憲性について(門田),1,1,I0000151,「18歳未満にも選挙で応援する自由を」訴訟,甲４２：門田孝教授の意見書,IV 担当 その他 1994年:「参政権:選挙権の否定はもはや『常識』ではない」法学セミナー471 号 未成年者選挙運動禁止規定の合憲性について(門田) -30-
論文（雑誌掲載）,杉原泰雄,参政権論についての覚書,法律時報52巻3号(1980年),1,1,I0000046,在外選挙権確認訴訟【アーカイブケース】,甲２１：「在外日本人の選挙権行使と立法の不作為」と題する意見書,と立法府の不作為」法学セミナー2000年8月号114頁。 (2)例えば、杉原泰雄「参政権論についての覚書」法律時報52巻3号(1980年)。 (3)学説の展開につき、辻村みよ子『憲法』345頁以下(日本評論社2000年)。 (
論文（雑誌掲載）,田宮裕,取調べ問題の展望,井戸田侃編『総合研究=被疑者取調べ』(日 本評論社、1991年),1,1,I0000130,日本の「黙秘権」を問う訴訟 〜56時間にわたる侮辱的な取調べは違法〜 ,甲４号証（安部祥太氏意見書）,「説得」する過程は、両国で危惧された供述の強要そのものである。被 155 田宮裕「取調べ問題の展望」井戸田侃編『総合研究=被疑者取調べ』(日 本評論社、1991年)788頁、田口守一『刑事訴訟法〔第7版〕』(弘文 堂、2
論文（雑誌掲載）,倉塚曄子,古代研究と沖縄学,谷川健一編 『沖縄学の課題』、木耳社、1978年、251頁,1,1,I0000076,「琉球人のご先祖の遺骨返還を」訴訟【アーカイブ】,甲35,0 伊波普猷、『伊波普猷全集』第五巻、平凡社、1974年、5頁。 21 倉塚曄子「古代研究と沖縄学」、谷川健一編 『沖縄学の課題』、木耳社、1978年、251頁所收。 22 最近、沖縄の女性祭祀者について報告した人類学者
論文（雑誌掲載）,鈴木賢,台湾における性的マイノリティ『制度化,の進展と展望」比較法研究78号(2017 年),1,1,I0000031,結婚の自由をすべての人に訴訟（同性婚訴訟）,鈴木賢先生 意見書　※台湾で施行された同性間の婚姻に関わる法律について,下のように述べて、婚姻 登録を認めないとした原行政処分を維持した。 8 鈴木賢「台湾における性的マイノリティ『制度化』の進展と展望」比較法研究78号(2017 年)238頁以下参照。 4 「婚姻制度は人格の自由に根ざし、人倫秩序の維持、男
論文（雑誌掲載）,論文,台湾大法官釈字第748号解釈に関する解說,北大法学論集71巻 6号 写し 2021年 3月31 日 湯德宗,1,1,I0000031,結婚の自由をすべての人に訴訟（同性婚訴訟）,【大阪・第１１回】証拠説明書１５(甲A549から588),甲A 586 論文「台湾大法官釈字第 748号解釈に関する解 說」北大法学論集71巻 6号 写し 2021年 3月31 日 湯德宗
論文（雑誌掲載）,湯德宗,台湾大法官釈字第748号解釈に関する解説,北大法学論集71巻6号(2021年),1,1,I0000031,結婚の自由をすべての人に訴訟（同性婚訴訟）,【札幌・第１回】控訴理由書,")という表現を使って,巧みに両者を統一させた」ものであると説明している。湯德宗 「台湾大法官釈字第748号解釈に関する解説」北大法学論集71巻6号(2021年) (甲A426)321~322頁参照。 31 ## 2 第1審判決の判示について"
論文（雑誌掲載）,,司法の本質は『少数者保護,であるから、原理的に『多数派』である世論と緊張関係が絶 えず生じる,1,1,I0000090,司法の独立を脅かす岡口裁判官の罷免訴追に反対します！【アーカイブ】,意見書（鈴木賢）,ないか。」(139 頁) - 世論による猛烈な裁判所バッシングの可能性について 「司法の本質は『少数者保護』であるから、原理的に『多数派』である世論と緊張関係が絶 えず生じる。」(174頁) 本来、マイノリティの権利保護こそ司法
論文（雑誌掲載）,,司法制度改革推進法,の次に「(同年法律第119号,1,1,I0000064,「セックスワークにも給付金を」訴訟 【アーカイブ】,甲57：司法修習生の給費制廃止違憲国家賠償等請求控訴事件（訟務月報65巻5号1頁以下）,"ジ13行目〉の「<証拠略〉」を削り,3,4行目(編注・824ページ15行目〉 の「司法制度改革推進法」の次に「(同年法律第119号。〈証拠略>)」を、4 行目(編注・824ページ16行目〉の「容易に」の次に「より」を、それ"
論文（雑誌掲載）,安念潤司,司法権の概念,大石真=石川健 治編『憲法の争点』有斐閣(2008年),1,1,I0000030,「海外でも国民審査を」訴訟【アーカイブ】,意見書（興津征雄神戸大学教授）,"「憲法論点 教室」日本評論社(2012年) 171-180頁,177頁。安念潤司「司法権の概念」大石真=石川健 治編『憲法の争点』有斐閣(2008年)250-253頁,251頁は、「法令を適用することによって解 決し"
論文（雑誌掲載）,,合憲限定解釈,や「適用違憲」等の方法について、曽我部真裕 「憲法判断の方法」法学教室479号(2020年),1,1,I0000104,公安警察による市民運動の監視を許さない。市民の「もの言う」自由を守るための訴訟【アーカイブ】,實原教授意見書(甲33),法学論叢 62巻3号(2017 年)559頁以下参照。 17 学説上で言及される「合憲限定解釈」や「適用違憲」等の方法について、曽我部真裕 「憲法判断の方法」法学教室479号(2020年)64頁以下参照。 8 そ
論文（雑誌掲載）,渡邉泰彦,同性の両親と子-ドイツ、オーストリア、スイスの状況-(その5),産大法学 51巻2号(2017),1,1,I0000031,結婚の自由をすべての人に訴訟（同性婚訴訟）,渡邉泰彦先生 意見書,姻へという段階を踏む必要がないことをスイスの立法は示している。 15 渡邉泰彦「同性の両親と子 - ドイツ、オーストリア、スイスの状況-(その5)」産大法学 51巻2号(2017)63頁。 15 #### 2日本法 ##### (1) 同性間の婚姻に民法772条を
論文（雑誌掲載）,論文,同性カップルによる婚姻から家族形成へ,法律時報88巻5号 写し 2016年 5月 渡邉泰彦,1,1,I0000031,結婚の自由をすべての人に訴訟（同性婚訴訟）,【札幌・第７回】証拠説明書１７（甲Ａ341から360）,甲A 357 論文「同性カップルによ る婚姻から家族形成へ」 法律時報88巻5号 写し 2016年 5月 渡邉泰彦
論文（雑誌掲載）,同性カップルの法的処遇に関する研究会,同性カップルの法的処遇に関する論点整理,(ジュリスト1578号106頁,1,1,I0000159,日本でもマリアージュしたいねん～海外で成立した同性婚の受理を求める裁判～,c260821補充書面16（仙台家裁の令和8年7月10日審判の誤り）,A27、甲A27 資料37 同性カップルの法的処遇に関する研究会「同性カップルの法的処 遇に関する論点整理」(ジュリスト1578号106頁) 資料A35、甲A355の2 - 35 -
論文（雑誌掲載）,渡邉泰彦,同性カップルをめぐるベルギーとオーストリアの判決,東北学院法学65号(2006),1,1,I0000031,結婚の自由をすべての人に訴訟（同性婚訴訟）,渡邉泰彦先生 意見書,』ぎょうせい (2005) 35頁を参照。 (30) 同判決については、渡邉泰彦「同性カップルをめぐるベルギーとオーストリアの判決」東北学院法学65号(2006)8頁を参照。 付記 本研究は、科研費基盤研究(C) 22530093によるものです。
論文（雑誌掲載）,鈴木伸智,同性婚と婚姻・婚姻意思,田井義信編『民法学の現在と近未来』(法律文化 社、2012年),1,1,I0000031,結婚の自由をすべての人に訴訟（同性婚訴訟）,【札幌】上告受理申立て理由書,前掲『新版注釈民法(21)親族(1)』(甲A16)179頁参照。 9 鈴木伸智「同性婚と婚姻・婚姻意思」田井義信編『民法学の現在と近未来』(法律文化 社、2012年)269頁参照。 10 中川善之助『新訂親族法』(青林書院新
論文（雑誌掲載）,福嶋敏明,同性婚と憲法,時の法令1976号(2015年),1,1,I0000031,結婚の自由をすべての人に訴訟（同性婚訴訟）,【札幌】上告受理申立て理由書,野坂 泰司編『憲法訴訟の現状分析』(2012)年(甲A300)157頁、福嶋敏明「同性 婚と憲法」時の法令1976号(2015年)(甲A301)54~56頁等。 52 齊藤笑美子「家族と憲法」憲法問題21号(2010年
論文（雑誌掲載）,,同性婚の憲法的保護の可能性(一),法学 論叢183巻1号91頁,1,1,I0000031,結婚の自由をすべての人に訴訟（同性婚訴訟）,【九州・第１１回】証拠説明書２２(甲A542から551),きこと等。 546の1 「同性婚の憲法的保護 の可能性(一)」法学 論叢183巻1号91頁 写し 2018年4月1日 中岡淳
論文（雑誌掲載）,,同性婚の憲法的保護の可能性(三),法学 論叢185巻1号38頁,1,1,I0000031,結婚の自由をすべての人に訴訟（同性婚訴訟）,【九州・第１１回】証拠説明書２２(甲A542から551),2パート。 546の3 「同性婚の憲法的保護 の可能性(三)」法学 論叢185巻1号38頁 写し 2019年4月1日 同上
論文（雑誌掲載）,,同性婚の憲法的保護の可能性(二),法学 論叢183巻4号100頁,1,1,I0000031,結婚の自由をすべての人に訴訟（同性婚訴訟）,【九州・第１１回】証拠説明書２２(甲A542から551),1パート。 546の2 「同性婚の憲法的保護 の可能性(二)」法学 論叢183巻4号100頁 写し 2018年7月1日 同上
論文（雑誌掲載）,論文,同性婚の未既定性の憲法適合性——婚姻の自由ではなく人格権の問題として―,関西大学法学論集69巻3号 写し 2019年9月 西村枝美,1,1,I0000031,結婚の自由をすべての人に訴訟（同性婚訴訟）,【東京・第７回】証拠説明書１２（甲Ａ420から424）,頁)。 甲A423 論文「同性婚の未既定性の憲法適合性——婚姻の自由ではなく人格権の問題として―」関西大学法学論集69巻3号 写し 2019年9月 西村枝美
論文（雑誌掲載）,林貴美,同性婚・登録パートナーシップをめぐる国際私法問題,二宮周 平・渡辺惺之編『現代家族法講座第5巻 国際化と家族』(日本評論社、2021年),1,1,I0000159,日本でもマリアージュしたいねん～海外で成立した同性婚の受理を求める裁判～,c241218二宮周平先生（民法）意見書（甲C1）,り日本民法における婚姻の規定を適用すべきであるように思わ れる」との見解(林貴美「同性婚・登録パートナーシップをめぐる国際私法問題」二宮周 平・渡辺惺之編『現代家族法講座第5巻 国際化と家族』(日本評論社、2021年)137 頁)もある。 - 1 -
論文（雑誌掲載）,,同性婚訴訟第一審判決の分析-婚姻と婚姻効果の平等,(法律時 報96巻1号60頁,1,1,I0000031,結婚の自由をすべての人に訴訟（同性婚訴訟）,【大阪・第５回】控訴人ら証拠説明書２３（甲A686-690）,ったこと。 甲A688 「同性婚訴訟第一審判 決の分析-婚姻と婚姻 効果の平等」 (法律時 報96巻1号60頁) 写し 2024年 1月 木村草太
論文（雑誌掲載）,前掲千葉勝美,同性婚認容判決と司法部の立ち位置,(甲A501),1,1,I0000031,結婚の自由をすべての人に訴訟（同性婚訴訟）,【札幌】上告受理申立て理由書,心の意図を正当化 しているにすぎ〔ない〕」と喝破している。 112 前掲千葉勝美「同性婚認容判決と司法部の立ち位置」(甲A501)207頁、同『同 性婚と司法』140~142頁、栗島智明「憲法の解釈とその変動」論究ジュリスト38 号(2
論文（雑誌掲載）,棚村政行,同性間の婚姻は法的に可能か,法学セミナー4 76号(1994年),1,1,I0000031,結婚の自由をすべての人に訴訟（同性婚訴訟）,【札幌】上告受理申立て理由書,0)72頁、佐賀家審平成11年1月7日家裁 月報51巻6号71頁等参照。棚村政行「同性間の婚姻は法的に可能か」法学セミナー4 76号(1994年)(甲A224)21頁は、婚姻意思説が通説的見解であるとする。 11 星野英一『家族法
論文（雑誌掲載）,,同項の制定に至る過程においては、常に『男女,"又は『両性』 という文言が用いられており,一貫して性別の異なる者同士の結合について 「婚姻」と表現されている」(同12頁",1,1,I0000031,結婚の自由をすべての人に訴訟（同性婚訴訟）,【大阪・第５回】原告ら第４準備書面,"すことは明らかであるから、同項の『婚姻』とは異性間の婚姻をいう」 (同10頁),「同項の制定に至る過程においては、常に『男女』又は『両性』 という文言が用いられており,一貫して性別の異なる者同士の結合について 「婚姻」と表現されている」(同12頁"
論文（雑誌掲載）,高佐智美,名誉毀損と『公共ノ利害ニ関スル事実,『月刊ペン』事件」 (『憲法判例百選Ⅰ・第7版』),1,1,I0000080,地方議会に横行する「少数派議員潰し」に立ち向かう訴訟【アーカイブ】,土屋訴訟・甲第40〜53号証,"るべきであろう。このように、地方議会の議員に関しては、一般市 (25) 高佐智美「名誉毀損と『公共ノ利害ニ関スル事実』-『月刊ペン』事件」 (『憲法判例百選Ⅰ・第7版』)142頁~143頁,佐伯仁志「公共の利害に関 する事実―『月刊ペン』"
論文（雑誌掲載）,,国において…抗弁として主張立証すべきもの,である (中央経済社『行政事件における要件事実と訴訟実務,1,1,I0000063,クルド難民収容者暴行被害国賠訴訟【アーカイブ】,控訴理由書（一審原告）,違法性を阻却する事由(法令に基づく正当な職務行為等の違法性 の評価障害事実)」は「国において…抗弁として主張立証すべきもの」である (中央経済社『行政事件における要件事実と訴訟実務 - 実務の正当化根拠を求 め』河村浩 289 頁)。そうすると
論文（雑誌掲載）,前田英昭,国会の先例は語る102選挙・被選挙年齢の引き下げ一若者よ、政治を変えていこうー,"「国会月報』 50巻650号,2003.2, p.55. 憲法学の立場からも、現在の両院",1,1,I0000117,立候補年齢引き下げ訴訟,甲B26　国立国会図書館調査及び立法考査局政治議会課編「主要国における被選挙権年齢 (資料)」レファレンス833号,"第5版』有斐閣,2012, p.544.(高見勝利執筆部分) (16) 前田英昭「国会の先例は語る 102 選挙・被選挙年齢の引き下げ一若者よ、政治を変えていこうー」「国会月報』 50巻650号,2003.2, p.55. 憲法学の立場からも、現在の両院議員の被選挙権年齢の違憲性を問題"
論文（雑誌掲載）,,国会月報,"50巻650号,2003.2, p.55. 憲法学の立場からも、現在の両院議員の被選挙",1,1,I0000117,立候補年齢引き下げ訴訟,甲B26　国立国会図書館調査及び立法考査局政治議会課編「主要国における被選挙権年齢 (資料)」レファレンス833号,"の先例は語る 102 選挙・被選挙年齢の引き下げ一若者よ、政治を変えていこうー」「国会月報』 50巻650号,2003.2, p.55. 憲法学の立場からも、現在の両院議員の被選挙権年齢の違憲性を問題とする見解は"
論文（雑誌掲載）,,国内管轄権,を有するものとされる(乙B第7号証 139ページ,1,1,I0000106,本人の意思を無視して日本国籍を一方的にはく奪する「国籍法11条1項は違憲」訴訟,【訴訟３】答弁書（別紙）,行政及び司法の国内法の作用を通じて、他国の介入なく、自由に統 治することができる「国内管轄権」を有するものとされる(乙B第7号証 139ページ)。そして、ある国の対人主権の及ぶ個人が外国の領域主権 の下にある場合に
論文（雑誌掲載）,棟居快行,国内裁判所における国際人権の適用をめぐって,芹田健太郎ほか編『国 際人権法の国内実施(講座 国際人権法(3),1,1,I0000111,日米同性カップル在留資格訴訟  〜家族そろって日本で暮らすために〜【アーカイブ】,甲１６５曽我部真裕教授意見書,法律と矛盾する場合に、裁判所には条約を優先し、条約違反の法律を適 20 棟居快行「国内裁判所における国際人権の適用をめぐって」芹田健太郎ほか編『国 際人権法の国内実施(講座 国際人権法(3))』(信山社、平成23年)39-44頁 (なお、同論文は
論文（雑誌掲載）,,国家的「名誉毀損,と憲法13条 -私生活 上の自由/個人の尊厳 -」判例時報2344号臨 時増刊217頁,1,1,I0000031,結婚の自由をすべての人に訴訟（同性婚訴訟）,【九州・第１１回】証拠説明書２２(甲A542から551),547 「国家的「名誉毀損」 と憲法13条 -私生活 上の自由/個人の尊厳 -」判例時報2344号臨 時増刊217頁 写し
論文（雑誌掲載）,床次徳二,国民優生法に就いて,"『民族衛生』9巻1号, 1941.5, p.64. 239 国民優生連盟「国民優生法の施",1,1,I0000132,「わたしの体は母体じゃない」訴訟,甲47：国民優生法の制定過程,"予防局『国民優生法釈義』厚生省予防局, 1940, p.46. 238 床次徳二「国民優生法に就いて」『民族衛生』9巻1号, 1941.5, p.64. 239 国民優生連盟「国民優生法の施行について」式場隆三郎『女性ノー"
論文（雑誌掲載）,国民優生連盟,国民優生法の施行について,"式場隆三郎『女性ノート』昭和書房, 1941, p.299. 240 青木延春「優生結婚",1,1,I0000132,「わたしの体は母体じゃない」訴訟,甲47：国民優生法の制定過程,"就いて」『民族衛生』9巻1号, 1941.5, p.64. 239 国民優生連盟「国民優生法の施行について」式場隆三郎『女性ノート』昭和書房, 1941, p.299. 240 青木延春「優生結婚と優生断種」龍吟社, 1941,"
論文（雑誌掲載）,,国民優生法・優生保護法と精神科医,齋藤有紀子編著 『母体保護法とわたしたち―中絶・多胎減数・不妊手術をめぐる制度と社会―』,1,1,I0000132,「わたしの体は母体じゃない」訴訟,甲47：国民優生法の制定過程,"27. 57 岡田靖雄『日本精神科医療史』医学書院,2002, p.192、同「国民優生法・優生保護法と精神科医」齋藤有紀子編著 『母体保護法とわたしたち―中絶・多胎減数・不妊手術をめぐる制度と社会―』明石書店,2002, p.53、"
論文（雑誌掲載）,,国民宿舎は会員制度ではありませんので、ひとりでも、家族でも、職場のグループでも、団体でも、誰にでも利用できます。,(『アルパインガイド17 国民宿舎と国民休暇村』 社団法人国民宿舎協 会編、1979年、5頁,1,1,I0000050,海は誰のもの？沖縄県への「開発認可取消」訴訟【アーカイブ】,2019年11月27日：国民宿舎についての陳述書,れる施設を国民宿舎という。利用者についても宿舎の場 合、国民誰でも利用できる。 「国民宿舎は会員制度ではありませんので、ひとりでも、家族でも、職場のグループでも、団 体でも、誰にでも利用できます。」(『アルパインガイド17 国民宿舎と国民休暇村』 社団法人国民宿舎協 会編、1979年、5頁) 環境省が「公園事業(宿
論文（雑誌掲載）,,国籍を離脱させられない自由一国籍法11条1項による日本国籍のはく奪一,法と政治69巻2号 憲法22条2項が国籍を離脱しない自由を保障するとの立場から、「国籍法,1,1,I0000106,本人の意思を無視して日本国籍を一方的にはく奪する「国籍法11条1項は違憲」訴訟,【訴訟２】証拠説明書（１）,41 「国籍を離脱させられない自由一国 籍法11条1項による日本国籍のは く奪一」法と政治69巻2号 憲法22条2項が国籍を離脱しない自由を保障するとの立場から、「国籍法 11条1項は、
論文（雑誌掲載）,柳井健一,国籍を離脱させられない自由：国籍法11条1項による日本国籍の剥奪,法と政治 69巻 199頁,1,1,I0000106,本人の意思を無視して日本国籍を一方的にはく奪する「国籍法11条1項は違憲」訴訟,【訴訟１】甲１２１髙佐智美教授意見書「国籍法 11条 1項の憲法及び国際法規適合性について」,2022年） 78頁。 47 木棚・前掲注1）547頁。 48 柳井健一「国籍を離脱させられない自由：国籍法	11条1項による日本国籍の剥奪 」法と政治 69巻 199頁（2018年）213頁。 14 重婚禁止の潜脱等 を挙げている 。 しかし、① 外交的保
論文（雑誌掲載）,芹田健太郎,国籍単一の原則に対する疑問,国際法外交雑誌 83巻3号1頁,1,1,I0000106,本人の意思を無視して日本国籍を一方的にはく奪する「国籍法11条1項は違憲」訴訟,【訴訟１】甲１２１髙佐智美教授意見書「国籍法 11条 1項の憲法及び国際法規適合性について」,存と密接な関連を有し、かつ「 基本的人権の保障 、公的資 49 芹田健太郎「国籍単一の原則に対する疑問」国際法外交雑誌 83巻3号1頁（1984年）35頁、永田 誠「いわゆる『国籍唯一の原則』は存在するか」日本法学 51巻4
論文（雑誌掲載）,武田里子,国籍法11条1項の改廃を阻む壁,国際地域学研究 22号39頁,1,1,I0000106,本人の意思を無視して日本国籍を一方的にはく奪する「国籍法11条1項は違憲」訴訟,【訴訟１】甲１２１髙佐智美教授意見書「国籍法 11条 1項の憲法及び国際法規適合性について」,ものといえる。 79 木棚・前掲注1）550頁。 80 武田里子「国籍法 11条1項の改廃を阻む壁」国際地域学研究 22号39頁（2019）52頁注3。 81 木棚・前掲注1）556頁。 82 「ノーベル物理学賞
論文（雑誌掲載）,二宮周平,国籍法における婚外子の平等処遇,立命館法学1996年6号(250号),1,1,I0000125,婚外子国籍訴訟 —国籍法3条1項は違憲—【アーカイブ】,原告準備書面1,国籍法制の変遷 国籍法は、旧国籍法時代から以下のような変遷を辿っている(二宮周平「国籍 法における婚外子の平等処遇」立命館法学1996年6号(250号)1389 頁(49頁)以下)。 (1)1899年に制定された旧国籍法(以下、単に「旧
論文（雑誌掲載）,細川清,国籍法の一部を改正する法律の概要,民事月報39巻6号9ページ,1,1,I0000125,婚外子国籍訴訟 —国籍法3条1項は違憲—【アーカイブ】,一審被告控訴理由書,継させる権利又は日本国民の子が日本国籍を取得する権利は存在しないのである(細川清「国籍法の一部を改正する法律の概要」民事月報39巻6号9ページ、石黒一憲「国際法と両性平等」法学教室1981年6月号101ページ、東京高裁昭和57年6月23
論文（雑誌掲載）,長谷部恭男,国籍法違憲判決の思考様式,"『憲法の境界』(羽鳥書店,2009年)",1,1,I0000031,結婚の自由をすべての人に訴訟（同性婚訴訟）,【札幌・第７回】原告ら第１１準備書面（本件規定の違憲性及び本件立法不作為の違法性）,"の弊害があることを指摘していること 15からすれば、子の養育 14 長谷部恭男「国籍法違憲判決の思考様式」『憲法の境界』(羽鳥書店,2009年)所収 (甲A359)62頁が「日本国籍が日本において基本的人権の保障等の上で、重要"
論文（雑誌掲載）,,国際人権,17号(2006年),1,1,I0000135,難民帰化訴訟〜真に社会の一員へ〜,甲36・意見書,"9. 15 近藤敦「特別永住者の National Origin に基づく差別」『国際人権』17号(2006年) 76-83頁。 16 Afroyim v. Rusk, 387 U.S. 253 (1967)."
論文（雑誌掲載）,高橋和之,国際人権の論理と国内人権の論理,ジュリスト1244号(平成15 年),1,1,I0000111,日米同性カップル在留資格訴訟  〜家族そろって日本で暮らすために〜【アーカイブ】,甲１６５曽我部真裕教授意見書,る国際慣習法の5つの原則」名城法学70巻4号(令 和3年)1頁。 18 高橋和之「国際人権の論理と国内人権の論理」ジュリスト1244号(平成15 年)74頁、同「国際人権論の基本構造」国際人権17号(平成18年)51頁。 19 曽我部
論文（雑誌掲載）,岩澤雄司,国際人権基準の国内的影響:日本の経験,『国連人権条約監視の未来』ケンブリッジ大学出版 局、2009年12月23日、258頁,1,1,I0000155,人質司法に終止符を！訴訟,甲A59：調査報告書【国連人権条約機関が採択した一般的意見及び勧告の法的権威と条約解釈上の意義について】,専門家機関として、条約機関の解釈が関連する権利の意味や違反の有 28 岩澤雄司「国際人権基準の国内的影響:日本の経験」『国連人権条約監視の未来』ケンブリッジ大学出版 局、2009年12月23日、258頁。 29 同上。 30 同上、pp.
論文（雑誌掲載）,伊藤正己,国際人権法と裁判所,芹田健太郎ほか 編『講座国際人権法1 国際人権法と憲法』(信山社、2006年),1,1,I0000054,ネパール人取調べ中死亡国賠訴訟事件【アーカイブ】,一審原告第５準備書面,青林書院、 1987年)76頁。 50 裁判例の態度に対する批判として、伊藤正己「国際人権法と裁判所」芹田健太郎ほか 編『講座国際人権法1 国際人権法と憲法』(信山社、2006年)14-15頁。伊藤は、「日 本国憲法制定の
論文（雑誌掲載）,,国際人権法概論,(信山社),1,1,I0000111,日米同性カップル在留資格訴訟  〜家族そろって日本で暮らすために〜【アーカイブ】,甲１０４　谷口洋幸先生意見書,"条も多様な家族のあり方を包摂する形で解釈されている。先例と 9 初川満1994『国際人権法概論』(信山社) 215-216頁。 10 HRCm, 1988, General Comment No. 16: Artic"
論文（雑誌掲載）,,国際人権論の基本構造,国際人権17号(平成18年),1,1,I0000111,日米同性カップル在留資格訴訟  〜家族そろって日本で暮らすために〜【アーカイブ】,甲１６５曽我部真裕教授意見書,「国際人権の論理と国内人権の論理」ジュリスト1244号(平成15 年)74頁、同「国際人権論の基本構造」国際人権17号(平成18年)51頁。 19 曽我部・前揭注1)「『人権法』という発想」 75-77頁。 11 この国内
論文（雑誌掲載）,中山和久,国際労働基準、代償措置論,法時61巻11号(1989年),1,1,I0000116,「会計年度任用職員にも労働基本権を！」訴訟,書証（甲２６）_意見書 ※期日において甲２７と訂正,くされる必要があると 考え、本意見書の執筆に至った次第である。 34 中山和久「国際労働基準、代償措置論」法時61巻11号(1989年)100頁以下、西谷・前掲注3) 72頁も参照。 17/18 以上 【筆者略歴】 -
論文（雑誌掲載）,濱本正太郎,国際裁判機関間の批判的対話,伊藤洋一(編著),1,1,I0000096,「日本の入管収容は国際人権法違反」訴訟,甲A54　意見書「自由権規約の解釈方法について」（大阪大学大学院国際公共政策研究科准教授　髙田陽奈子）,"p. 71, at paras. 78-97. 日本語での解説として、濱本正太郎「国際裁判機関間の批判的対話」伊藤洋一(編著)『裁判官対話:国際化する司法の協働と攻防』(日本評論社、2023年)207頁、210-216頁。 とを"
論文（雑誌掲載）,松田岳士,在宅被疑者の取調べとその可視化,法律時報8 3巻2号(2011年),1,1,I0000130,日本の「黙秘権」を問う訴訟 〜56時間にわたる侮辱的な取調べは違法〜 ,甲４号証（安部祥太氏意見書）,を判断する前 段階で、国賠法上の違法評価を免れない。 ある」と危惧する。松田岳士「在宅被疑者の取調べとその可視化」法律時報8 3巻2号(2011年)23頁も、小川論文を引用し、「在宅被疑者の取調べ についても、事実上、取調室に代表され
論文（雑誌掲載）,,在留資格,」現代思想50巻3号(令和4年),1,1,I0000111,日米同性カップル在留資格訴訟  〜家族そろって日本で暮らすために〜【アーカイブ】,甲１６５曽我部真裕教授意見書,39頁、安藤由香里「外国人は『人』ではないのか 外国人の権利をめぐる『国籍』 と『在留資格』」現代思想50巻3号(令和4年) 42頁を挙げておく。 17 これらは国際慣習法となっているとも言われる(近藤敦「マクリ
論文（雑誌掲載）,清水敏,地方公務員の団体交渉権,法時61巻11号 (1989年),1,1,I0000116,「会計年度任用職員にも労働基本権を！」訴訟,書証（甲２６）_意見書 ※期日において甲２７と訂正,、『合意の形 成』を欠いていても、団体交渉権の成立しうる余地はある」とし(清水敏「地方公務員の団体交渉権」法時61巻11号 (1989年)133頁)、地方公務員法の「交渉権」との関連でも、「憲法上の団体交渉権の意義は、国家が法
論文（雑誌掲載）,芝池義一,地方自治法改正法案の検討,法時 71巻8号(1999年),1,1,I0000080,地方議会に横行する「少数派議員潰し」に立ち向かう訴訟【アーカイブ】,土屋訴訟・甲第40〜53号証,以下の鈴木庸夫 「地方公共団体の役割及び事務」を参照されたい。 (2) 芝池義一「地方自治法改正法案の検討」法時 71巻8号(1999年) 79頁をも参照。 (3) 小早川光郎『行政法上』(1999年) 93頁以下を 参照。 (
論文（雑誌掲載）,田村浩一,地方議会の議決と争訟,(都市問題研究6巻7号),1,1,I0000080,地方議会に横行する「少数派議員潰し」に立ち向かう訴訟【アーカイブ】,土屋訴訟・甲第40〜53号証,"二郎・前掲論文(「行政處分の執行停止と内閣總理大臣の異議」) 頁以下,田村浩一 「地方議会の議決と争訟」(都市問題研究6巻7号) 頁以下,俵静夫『地方自治法(改訂)』(昭和44年・有斐閣)182頁以下な どを参照。なお、斉藤"
論文（雑誌掲載）,神橋一彦,地方議会議員に対する懲罰的措置と国賠法1条1項の違法性,(法学教室464号・判例セレクト Monthly―行政法),1,1,I0000080,地方議会に横行する「少数派議員潰し」に立ち向かう訴訟【アーカイブ】,土屋訴訟・甲第40〜53号証,"号・新・判例解説 Watch・憲法7) 33頁~36頁を参照。 (4) 神橋一彦「地方議会議員に対する懲罰的措置と国賠法1条1項の違法性」 (法学教室464号・判例セレクト Monthly―行政法)118頁,笹田英司「市 議会議員に対する厳重注意処分及びその"
論文（雑誌掲載）,松本和彦,基本権の制約と法律の留保,栗城古稀『日独憲法学の創造力 上巻』(信山社、2003年),1,1,I0000060,ジャーナリストに渡航の自由を！訴訟【アーカイブ】,控訴理由書１,れるべき権利利益の性質やこれに対する制約の範囲及び程度」 11 以上、松本和彦「基本権の制約と法律の留保」 栗城古稀『日独憲法学の創造力 上巻』(信山社、2003年)381~383頁。 12 山本隆司『判例から探究する行政法』
論文（雑誌掲載）,,外国の立法例には裁判離婚のみを許すものが多い,(甲A第213号 証46ページ,1,1,I0000031,結婚の自由をすべての人に訴訟（同性婚訴訟）,【東京・第６回】被告第４準備書面,草者 (富井政章)による「婚姻ト云フモノハ主トシテ心ノ和合デアル」との見解 は、「外国の立法例には裁判離婚のみを許すものが多い」(甲A第213号 証46ページ)のに対して、明治民法が協議離婚制度を採用したことの理由 を述べたものにすぎず、これも我が
論文（雑誌掲載）,片山良広,外国の裁判官罷免制度とその運用の実情―フランス、西ドイツ、ニューヨーク州,弾劾裁判 所年報2号〔1984年〕40頁,1,1,I0000090,司法の独立を脅かす岡口裁判官の罷免訴追に反対します！【アーカイブ】,意見書（山元一）,意見書の末尾に付した、田鎖麻衣子弁護士作成の資料1を参照されたい。 6 片山良広「外国の裁判官罷免制度とその運用の実情―フランス、西ドイツ、ニューヨーク州」弾劾裁判 所年報2号〔1984年〕40頁。 7 但し、アメリカにおいて、裁判官に対する弾劾はほとんど機能せず、非行裁判官
論文（雑誌掲載）,,外国人の再入国の権利:森川キャサリーン事件,別冊ジュリスト 217 号・憲法判例百選I〔第6版〕 「外国人家族の退去,1,1,I0000151,「18歳未満にも選挙で応援する自由を」訴訟,甲４２：門田孝教授の意見書,22年度重要判例解說 2013年:「外国人の再入国の権利:森川キャサリーン事件」別冊ジュリスト 217 号・憲法判例百選I〔第6版〕 「外国人家族の退去
論文（雑誌掲載）,安藤由香里,外国人は『人,ではないのか 外国人の権利をめぐる『国籍』 と『在留資格』」現代思想50巻3号(令和4年),1,1,I0000111,日米同性カップル在留資格訴訟  〜家族そろって日本で暮らすために〜【アーカイブ】,甲１６５曽我部真裕教授意見書,岸陽太「【意見書】人権条約の枠内に留まる外国人在留制度」 同139頁、安藤由香里「外国人は『人』ではないのか 外国人の権利をめぐる『国籍』 と『在留資格』」現代思想50巻3号(令和4年) 42頁を挙げておく。 17
論文（雑誌掲載）,石川健治,夢は稔り難く、道は極め難し,法学教室340号(2009),1,1,I0000132,「わたしの体は母体じゃない」訴訟,甲143：小川意見書,法訴訟の 十字路』(弘文堂、2019)380頁。 26 ただし例外的に、石川健治「夢は稔り難く、道は極め難し」法学教室340号(2009)は、①保護範囲・②侵害 の議論こそが「合法性の論理」であって、③正当化の議論は「合目的性ベー
論文（雑誌掲載）,ニキリンコ,大喜利エクソダス,現代思想54巻6号 (2026),1,1,I0000132,「わたしの体は母体じゃない」訴訟,甲143：小川意見書,", supra note 58, pp.xxi-xxii.また、参照、ニキリンコ「大喜利エクソダス」現代思想54巻6号 (2026)28頁。 61 議論をやや先取りするが、4(1)では、人格的生存あるいは人格的自律にとっ"
論文（雑誌掲載）,,大多数の者は、「ついていけないと感じるであろう,等と述べ ていた事実,1,1,I0000031,結婚の自由をすべての人に訴訟（同性婚訴訟）,【東京・第５回】証拠説明書１０（甲Ａ243から351-4）,"究者が同性 「愛者の婚姻の問題を紹介する記事において, 「ホモ」の語を用いたり、「大多数の者は、 「ついていけないと感じるであろう」等と述べ ていた事実。 甲A34 9 高柳眞三「明治前期 における婚姻法の成 立」(法律時報14巻 1号)"
論文（雑誌掲載）,少な,大野友也「日本国憲法と同性婚,月報全青司452号(2017年),1,1,I0000031,結婚の自由をすべての人に訴訟（同性婚訴訟）,【札幌・第１回】控訴理由書,"について の自由』の価値は憲法上も重要なものとして捉えられるべきであり,少な 「大野友也「日本国憲法と同性婚」月報全青司452号(2017年)(甲A298),榎 透「日本国憲法における同性婚の位置」専修法学論集135号(2019年"
論文（雑誌掲載）,木下明,夫婦と氏,高梨教授還暦祝賀 『婚姻法の研究(下),1,1,I0000131,夫婦別姓も選べる社会へ！訴訟,甲A004_二宮先生意見書（平成23年12月5日）,し、夫婦別氏のまま婚姻できることを認 めるべきであろうとする学説があった(木下明「夫婦と氏」高梨教授還暦祝賀 『婚姻法の研究(下)』(有斐閣、1976)228頁)。 1980年代後半から、夫婦別氏の考え方は、学説
論文（雑誌掲載）,水野紀子,夫婦の氏,戸籍時報428号(1993),1,1,I0000131,夫婦別姓も選べる社会へ！訴訟,甲A004_二宮先生意見書（平成23年12月5日）,的把握の要素をできるだけ重視した方向で 進められなければならない」とし(水野紀子「夫婦の氏」戸籍時報428号(1993)14 頁)、犬伏教授は、「個人にとって最大限尊重されるべき人格的価値を氏に結び つけることに
論文（雑誌掲載）,木村敦子,夫婦の氏と婚姻の自由―『家族の呼称,としての氏の分析を中心」(甲A166),1,1,I0000131,夫婦別姓も選べる社会へ！訴訟,【札幌】20250120_第６準備書面（学説の状況）,していることの問題性は解消されない。」(15頁) 木村敦子 「夫婦の氏と婚姻の自由―『家族の呼称』としての氏の分析を中心」(甲A166) 法律時報94巻6号50頁 (2022年) 「婚姻当事者は、等しく、氏に関
論文（雑誌掲載）,榊原富士子,夫婦別姓訴訟と憲法,辻村みよ子責任編集『憲法研究』第4号(2019年1月),1,1,I0000131,夫婦別姓も選べる社会へ！訴訟,甲A014_辻村先生意見書（令和2年3月26日）,ど を参照。 11 後掲注(75) 67頁駒村教授の指摘参照。 12 榊原富士子「夫婦別姓訴訟と憲法」 辻村みよ子責任編集『憲法研究』第4号(2019年1月) 187頁をもとに、その後の展開を追加している。 13 詳細は、
論文（雑誌掲載）,木村,夫婦同姓合憲判決の意味――何の区別が問題なのか?,自由と正義67巻7号「憲法 リレートーク 36」 (2016年),1,1,I0000131,夫婦別姓も選べる社会へ！訴訟,甲A014_辻村先生意見書（令和2年3月26日）,s.com/ ) ニュース・コメンタリー (2015年12月19日) 49 木村「夫婦同姓合憲判決の意味――何の区別が問題なのか?」 自由と正義67巻7号「憲法 リレートーク 36」 (2016年)110-117頁。 50 1947年の状況下に実際に事
論文（雑誌掲載）,,夫婦同氏制と憲法,22 判例時報2504号122頁,1,1,I0000131,夫婦別姓も選べる社会へ！訴訟,【札幌】20240308_訴状,の氏の維持・継続を目的とした制度として機能したといえよう。」と分析し(甲A12・「夫婦同氏制と憲法」 22 判例時報2504号122頁2022年)、川岸令和教授も「規定自体は…性差に対して中立的であるが、実際には96
論文（雑誌掲載）,巻美矢紀,夫婦同氏制に関する民法750条・戸籍法74条1号の合憲性,(甲A22),1,1,I0000131,夫婦別姓も選べる社会へ！訴訟,【東京】20241220_第７準備書面（学説の状況）,が論証し得ない場合には、当然違憲となる。」(147 頁) 巻美矢紀 「夫婦同氏制に関する民法 750条・戸籍法74条1号の合憲性」(甲A22) 法学教室 493 号137頁 (2021年) 「婚姻は、法制度を前提とするとはいえ、(中略)憲法2
論文（雑誌掲載）,,夫婦同氏制は家制度の廃止後の男系の氏の維持・継続を目的とした制度として機能したといえよう。,と分析し(甲A12・「夫婦同氏制と憲法」 22 判例時報2504号122頁,1,1,I0000131,夫婦別姓も選べる社会へ！訴訟,【札幌】20240308_訴状,に強く誘引されるのである。このような女性への偏りの再生産を捉えて、大西祥世教授は「夫婦同氏制は家制度の廃止後の男系の氏の維持・継続を目的とした制度として機能したといえよう。」と分析し(甲A12・「夫婦同氏制と憲法」 22 判例時報2504号122頁2022年)、川岸令和教授も「規定自体は…
論文（雑誌掲載）,奥平康弘,女と男の関係と国家権力—姦通罪考,法学セミナー346号 (1983),1,1,I0000132,「わたしの体は母体じゃない」訴訟,甲175：小西意見書,内であえて空白とする領域、④法的重 36 松本、同上、142頁。松本は、奥平康弘「女と男の関係と国家権力—姦通罪考」法学セミナー346号 (1983) 9頁における姦通罪廃止 の系譜を参照している。 37 奥平、同上、10頁。 38 金
論文（雑誌掲載）,,女性の人権と家族~憲法24条の解釈めぐって,名古 屋大学法政論集213号(2006),1,1,I0000031,結婚の自由をすべての人に訴訟（同性婚訴訟）,二宮周平先生 追加意見書,女性差 別撤廃条約に表現されている今日的な家族理想への展望も含んで いるとする(「女性の人権と家族~憲法24条の解釈めぐって」名古 屋大学法政論集213号(2006)138頁)。樋口陽一は、「憲法24条は、 何より、旧家族制度を否定して近代家族の
論文（雑誌掲載）,小山剛,妊娠中絶とリプロダクティブ・ヘルス/ライツ――ドイツの憲法論を中心に,法律時報96巻4号(2024年),1,1,I0000132,「わたしの体は母体じゃない」訴訟,甲176：山本意見書,_danjo/basic_plans/6th/index.html 14 小山剛「妊娠中絶とリプロダクティブ・ヘルス/ライツ――ドイツの憲法論を中心に」 法律時報96巻4号(2024年)11頁。 15 仙台地裁の定義についても、その保護の射程は、「特に堕胎の自由が含まれる
論文（雑誌掲載）,,婚姻という法制度自体を弱体化させることにつながる,とまで指摘している(甲A24・「夫婦別姓」法学教室429号14頁,1,1,I0000131,夫婦別姓も選べる社会へ！訴訟,【札幌】20240308_訴状,持するために婚姻を選択しないという状況を助長していることを踏まえ、窪田充見教授は「婚姻という法制度自体を弱体化させることにつながる」とまで指摘している(甲A24・「夫婦別姓」法学教室429号14頁2016年)。 婚姻は社会を構成する基本的単位の1つであ
論文（雑誌掲載）,三宅雄彦,婚姻と同性カップル,鈴木秀美・三宅雄彦編『ド イツの憲法判例』(信山社、2021年),1,1,I0000111,日米同性カップル在留資格訴訟  〜家族そろって日本で暮らすために〜【アーカイブ】,近藤敦教授意見書（添付資料）,"査に近い審査を行っている。 35 BverfG 124, 199.参照、三宅雄彦「婚姻と同性カップル」鈴木秀美・三宅雄彦編『ド イツの憲法判例』(信山社、2021年)162頁。 36 近藤敦『人権法〔第2版〕』(日本評論社"
論文（雑誌掲載）,執行嵐=有地亨,婚姻と社会統制,(『家族問題と家族法II』61~62頁,1,1,I0000031,結婚の自由をすべての人に訴訟（同性婚訴訟）,【九州・第４回】原告ら第８準備書面　※被告第２準備書面第１（「現行の婚姻制度の由来、沿革、趣旨、目的等」）への反論等,るが、この うち、「婚姻はつねに親子関係を予定し」という部分は、執行嵐=有地亨 「婚姻と社会統制」(『家族問題と家族法II』61~62頁)の孫引きで あるところ、ここは、有史以来人類には様々な形態の婚姻があったことを
論文（雑誌掲載）,,婚姻ハ法律ノ定ムル要件ヲ具フルヲ要シ、又之ヲ以テ足ル。,（穂積重 遠『相続法大意』（岩波書店、大正６年）、甲Ａ８・６０頁,1,1,I0000159,日本でもマリアージュしたいねん～海外で成立した同性婚の受理を求める裁判～,c231009家事審判申立書（民法の全条文が同性婚と両立すること等）,姻は法律が定 める要件を備えることを要し、また、それで足りる。」と述べている。 「婚姻ハ法律ノ定ムル要件ヲ具フルヲ要シ、又之ヲ以テ足ル。」（穂積重 遠『相続法大意』（岩波書店、大正６年）、甲Ａ８・６０頁）。 (5) したがって、婚姻届の不受理処分をなすために
論文（雑誌掲載）,南方暁,婚姻法グループの改正提案~「婚姻の成立,家族 会と法>33号(2017),1,1,I0000031,結婚の自由をすべての人に訴訟（同性婚訴訟）,【東京・第５回】証拠説明書８（甲A211－1から211-68）,211- 9の1 南方暁「婚姻法グ ループの改正提案~ 「婚姻の成立」家族 会と法>33号(2017) 98~99頁 写 2017年(平成29 年)
論文（雑誌掲載）,中川善之助,婚姻法概説,"穂積重遠・中川善之助編『家族制度全集法律篇1 婚姻』(河 出書房,昭和12年)",1,1,I0000031,結婚の自由をすべての人に訴訟（同性婚訴訟）,【札幌・第４回】原告ら第４準備書面　※裁判所の釈明への回答,"法論』(法政大学,明治41年)(甲A192)198~199頁。 39 中川善之助「婚姻法概説」穂積重遠・中川善之助編『家族制度全集法律篇1 婚姻』(河 出書房,昭和12年)(甲A193)20頁。 40 中川善之助『"
論文（雑誌掲載）,渡邉泰彦,子と母の女性パートナーとの母子関係の成立-オランダにおける子とデュオマザーの親子関係-,産大法学50巻3・4号(2017),1,1,I0000031,結婚の自由をすべての人に訴訟（同性婚訴訟）,渡邉泰彦先生 意見書,より子を出産したなどの要件のもとで、縁組の手続を簡素化してした。 14 渡邉泰彦「子と母の女性パートナーとの母子関係の成立-オランダにおける子とデュオマザーの親子関係-」産大法学50巻3・4号(2017)211頁。 14 定が設けられた(民法144条2項1号)15。 これにより、オース
論文（雑誌掲載）,,子どもの各種法定年齢をめぐる一般人の法意識,法社会学84号203-240頁,1,1,I0000117,立候補年齢引き下げ訴訟,甲B76：齋藤宙治「被選挙権年齢引下げに関する人々の意識ーサーベイ実験による法定立候補年齢の研究ー」,.php?type=items&id=10000117). 齋藤宙治(2018)「子どもの各種法定年齢をめぐる一般人の法意識」法社会学84号203-240頁. 齋藤宙治(2021) 「法社会学が目指すところは?」法学教室491号62-66頁. 齋
論文（雑誌掲載）,,学問の自律と憲法,前掲『学問の自由が危ない』所収、88頁,1,1,I0000146,「学術会議の独立性」を市民で守ろう ～会員任命拒否理由の情報公開訴訟～,準備書面３（本件任命拒否とその意思決定過程の重大性）｜2025年2月25日,圧 力をかけたり、介入したりするのを禁止したものと理解するのが妥当であ る。」(「学問の自律と憲法」、前掲『学問の自由が危ない』所収、88頁) 石川健治教授もまた、概要、「憲法23条の本領は、専門領域の固有法則、 理屈、
論文（雑誌掲載）,,学問の自律と藤法,"前 『学問の自由が危ない』所収,88頁",1,1,I0000146,「学術会議の独立性」を市民で守ろう ～会員任命拒否理由の情報公開訴訟～,甲A46 裁決書,"に圧力をかけたり,介入したりするのを禁止 したものと理解するのが妥当である。」(「学問の自律と藤法」,前 『学問の自由が危ない』所収,88頁) d石川健治教授もまた,概要,「憲法23条の本領は、専門領域の固有 法則,理屈"
論文（雑誌掲載）,,学界回顧:憲法,"法律時報85巻13号,86巻 13号(井上典 之,春名麻季,植木 淳と分担執筆)",1,1,I0000151,「18歳未満にも選挙で応援する自由を」訴訟,甲４２：門田孝教授の意見書,"0号~31号(不掲載の年あり) 2013年~2014年:「学界回顧:憲法」法律時報85巻13号,86巻 13号(井上典 之,春名麻季,植木 淳と分担執筆)"
論文（雑誌掲載）,佐々木弘通,学界展望・憲法,国家学会雑誌111巻5・6号(1998年),1,1,I0000123,県知事の公務での護国神社参拝取りやめをー政教分離原則の違反を問うー,甲45 佐々木弘通「信教の自由・政教分離」,"編 『歴史のなかの政教分離」(彩流 社,2006年)149頁以下 - 佐々木弘通「学界展望・憲法」国家学会雑誌111巻5・6号(1998年)153頁以下 - 木弘通「アメリカ合衆国の政教分離判例における分離派・覚書」東"
論文（雑誌掲載）,岡徹,宗教に対する便宜供与・,"『佐藤幸治先生還暦記念・現代立憲主義と司法権』 (青林書院,1998年)",1,1,I0000123,県知事の公務での護国神社参拝取りやめをー政教分離原則の違反を問うー,甲45 佐々木弘通「信教の自由・政教分離」,"か編『国民主権と法の支配・下巻』(成文 堂,2008年)349頁以下 - ■岡徹「宗教に対する便宜供与・」『佐藤幸治先生還暦記念・現代立憲主義と司法権』 (青林書院,1998年)401頁以下 - 林知更「政教分離原則の構造」高"
論文（雑誌掲載）,近肇,宗教の公益性と憲法,"初宿正典ほか編『国民主権と法の支配・下巻』(成文 堂,2008年)",1,1,I0000123,県知事の公務での護国神社参拝取りやめをー政教分離原則の違反を問うー,甲45 佐々木弘通「信教の自由・政教分離」,"山内敏弘編『新現代憲法入門』(法律文化社, 2004年)132頁以下 - ■近肇「宗教の公益性と憲法」初宿正典ほか編『国民主権と法の支配・下巻』(成文 堂,2008年)349頁以下 - ■岡徹「宗教に対する便宜供与・」『佐"
論文（雑誌掲載）,,定住外国人地方参政権訴訟,法学セミナー521号 2006年:「判例整理術:判例整理のための7つのステップ」法学セミ,1,1,I0000151,「18歳未満にも選挙で応援する自由を」訴訟,甲４２：門田孝教授の意見書,(門田) -30- 1998年:「定住外国人地方参政権訴訟」法学セミナー521号 2006年:「判例整理術:判例整理のための7つのステップ」法学セミナー61
論文（雑誌掲載）,,定型的・抽象的な生殖目的,は、大村敦志『親族法(第3版),1,1,I0000111,日米同性カップル在留資格訴訟  〜家族そろって日本で暮らすために〜【アーカイブ】,甲１６４木村草太教授意見書,いると同じで、端的に意味 不明だ。何も理由を述べていないに等しい。 さらに、この「定型的・抽象的な生殖目的」は、大村敦志『親族法(第3版)』(有斐閣・ 2010年) 286頁の記述に由来する。しかし、大村教授の言う「抽象的、定型
論文（雑誌掲載）,古城誠,定期航空運送事業免許と第三者の原告適格,(『行政判例百選II. 352頁,1,1,I0000080,地方議会に横行する「少数派議員潰し」に立ち向かう訴訟【アーカイブ】,土屋訴訟・甲第40〜53号証,"関連瑕疵」(『同II・第7版』)494頁~495頁などを参照。 (39) 古城誠「定期航空運送事業免許と第三者の原告適格」(『行政判例百選II. 352頁~353頁,松戸浩「行訴法10条1項による主張制限」(『同 II・第7版』)396頁~3"
論文（雑誌掲載）,,家事費,」一橋論叢第80巻5号 585 頁,1,1,I0000152,保育料を経費に！訴訟,甲51：意見書（三木義一　青山学院大学名誉教授）,産等の損失をも含むものと解される。」(植松守雄「所得 税法における「必要経費」と「家事費」」一橋論叢第80巻5号 585 頁。また、『注解 所得稅法四訂版』(大蔵財務協会・2005)923 頁にも同様の記述があ
論文（雑誌掲載）,齊藤笑美子,家族と憲法一同性カップルの法的承認の意味,全国憲法研 究会編『憲法問題』21 号(三省堂),1,1,I0000031,結婚の自由をすべての人に訴訟（同性婚訴訟）,【東京・第４回】証拠説明書３（甲A150から185）,"で あること等 (287頁,288頁)。 甲A172 齊藤笑美子「家族と憲 法一同性カップルの法的 承認の意味」 全国憲法研 究会編『憲法問題』21 号(三省堂) 108~118頁 写し 2010年 齊藤笑 美子 「"
論文（雑誌掲載）,論文,家族への介入と憲法―夫婦同氏強制を素材として,(法律時報90巻 11号),1,1,I0000131,夫婦別姓も選べる社会へ！訴訟,甲A014_辻村先生意見書（令和2年3月26日）,蟻川恒正教授は前掲①判例評釈(民法判例百選Ⅲ親族・相続(第2版))およ び②論文「家族への介入と憲法―夫婦同氏強制を素材として」(法律時報90巻 11号)において、繰り返し「判決の憲法論には再検討の必要がある」(①15頁、 ②11頁)ことを指摘する
論文（雑誌掲載）,蟻川恒正,家族への法的介入と憲法,(甲A7),1,1,I0000131,夫婦別姓も選べる社会へ！訴訟,【札幌】20250120_第６準備書面（学説の状況）,合憲性」(甲A168) 蟻川恒正 「家族への法的介入と憲法」(甲A7) 法律時報 90巻11号10頁 (2018年) 「氏の変更により、他者から見た同一性識別が弱まった結果
論文（雑誌掲載）,,家族への法的介入と憲法—夫婦同氏強制を素材として,法律時報90巻11号14頁,1,1,I0000131,夫婦別姓も選べる社会へ！訴訟,【札幌】20240308_訴状,性の基盤の上に協力して婚姻生活を築くことが難しくなる。」と分析している(甲A7・「家族への法的介入と憲法—夫婦同氏強制を素材として」法律時報90巻11号14頁2018年)。 実際、原告佐藤は、氏を変更したことによりアイデンティティの喪失感を抱き(上記2
論文（雑誌掲載）,蟻川恒正,家族への法的介入と憲法――夫婦同氏強制を素材として,法律時報90巻11号 法13条、14条1項についての判断には再検討の余地がある上、憲法2,1,1,I0000131,夫婦別姓も選べる社会へ！訴訟,甲A014_辻村先生意見書（令和2年3月26日）,江藤前掲注(22)133頁。 39 江藤前掲注(22)133頁。 40 蟻川恒正「家族への法的介入と憲法――夫婦同氏強制を素材として」法律時報90巻11号 法13条、14条1項についての判断には再検討の余地がある上、憲法24条2 項についての総合的考慮
論文（雑誌掲載）,二宮周平,家族法——同性婚への道のりと課題,三成美保編著『同性愛をめぐる歴史と法一尊 厳としてのセクシュアリティ』122頁,1,1,I0000031,結婚の自由をすべての人に訴訟（同性婚訴訟）,安西文雄先生意見書（2024年1月24日）,自体に同性婚を禁止する趣旨はない、とするのか、やや判然としない。 47 二宮周平「家族法——同性婚への道のりと課題」三成美保編著『同性愛をめぐる歴史と法一尊 厳としてのセクシュアリティ』122頁、126頁(明石書店、2015年)。 48
論文（雑誌掲載）,二宮周平,家族法と憲法,憲法研究第4号(2019),1,1,I0000132,「わたしの体は母体じゃない」訴訟,甲175：小西意見書,く同じ理由で、憲法24条2項の「個人の尊厳」を尊重しないものとし 48 二宮周平「家族法と憲法」憲法研究第4号(2019)159頁。 て、批判されなければならない。 「個人の尊厳」を尊重しない身体的性に基づくレッテル
論文（雑誌掲載）,利谷信義,家族法の「実験,"『シリーズ変 貌する家族 1家族 「の社会史』(岩波書 店,1991)",1,1,I0000031,結婚の自由をすべての人に訴訟（同性婚訴訟）,【東京・第５回】証拠説明書８（甲A211－1から211-68）,"211- 11 利谷信義「家族法の 「実験」 『シリーズ変 貌する家族 1家族 「の社会史』(岩波書 店,1991) 101 頁 写"
論文（雑誌掲載）,地方自治体が条例により,家族的パートナーシップ制度,を導入す るようになり、やがて全国的に広がったとされる(棚村政行「家族的パート ナーシッ,1,1,I0000067,「同性パートナーにも犯罪被害の遺族給付金を」訴訟,第10準備書面,入されることになるため、当事者の保護にはほど遠い。 そこで地方自治体が条例により「家族的パートナーシップ制度」を導入す るようになり、やがて全国的に広がったとされる(棚村政行「家族的パート ナーシップ制度」青山法学論集33巻3・4
論文（雑誌掲載）,宮沢俊義,家破れて氏あり,法律タイムズ1巻6=7号(1947),1,1,I0000131,夫婦別姓も選べる社会へ！訴訟,甲A004_二宮先生意見書（平成23年12月5日）,、氏が家と同じ作用を果たすことを見抜き、「家破れて氏あり」と批判した (宮沢俊義「家破れて氏あり」法律タイムズ1巻6=7号(1947)25頁)。当 時の新進気鋭の民法学者である磯田進、内田力蔵、川島武宜、熊倉武、来栖三
論文（雑誌掲載）,小川亮,審査基準論と三段階審査論,法学会雑誌63巻2号 (2023),1,1,I0000132,「わたしの体は母体じゃない」訴訟,甲143：小川意見書,は裁判において前提とす るべきではない。この点に関する検討としては、参照、小川亮「審査基準論と三段階審査論」法学会雑誌63巻2号 (2023)350頁注27。 27 参照、小川・前掲注(26) 363頁及びその注55。 28 高
論文（雑誌掲載）,小高剛,審議会と行政手続,(『行政判例百選II・第4版』),1,1,I0000080,地方議会に横行する「少数派議員潰し」に立ち向かう訴訟【アーカイブ】,土屋訴訟・甲第40〜53号証,"手続」(『(同Ⅰ・第7版)』) 236頁~237頁などを参照。 (34) 小高剛「審議会と行政手続」(『行政判例百選II・第4版』)270頁~271 頁,仲正「運輸審議会の審理手続」(『同Ⅰ・第5版』)248頁~249頁"
論文（雑誌掲載）,,寺谷広治著『国際人権の逸脱不可能性,(有斐閣),1,1,I0000151,「18歳未満にも選挙で応援する自由を」訴訟,甲４２：門田孝教授の意見書,"と人権』(栗城壽夫ほか編,信山社) 2006年:(書評)「寺谷広治著『国際人権の逸脱不可能性』(有斐閣)」国際人権 17 号 2007年:(翻訳)「ミヒャエル・クレプ"
論文（雑誌掲載）,,小林麗子「ある同性愛のケース,ケース 研究167号142頁,1,1,I0000031,結婚の自由をすべての人に訴訟（同性婚訴訟）,【東京・第５回】証拠説明書１０（甲Ａ243から351-4）,作成年月日 作成者 立証趣旨 甲A32 4 「小林麗子「ある同性 愛のケース」ケース 研究167号142頁 (1978) 写 1978年(s53) 家庭事件 研究会出 版部 1978年当時、
論文（雑誌掲載）,,少年法に対する世論の心理学的検討,法と社会研究7号55-86頁,1,1,I0000117,立候補年齢引き下げ訴訟,甲B76：齋藤宙治「被選挙権年齢引下げに関する人々の意識ーサーベイ実験による法定立候補年齢の研究ー」,挙権年齢_意識調査報告書(速報 版)2411.pdf). 佐伯昌彦(2022) 「少年法に対する世論の心理学的検討」法と社会研究7号55-86頁. 境家史郎(2017)『憲法と世論』筑摩書房. 滋賀県選挙管理委員会・滋賀県明るい選挙推進
論文（雑誌掲載）,木村草太,岡口裁判官への弾劾訴追は妥当か,『世界』 2021年12月号235頁,1,1,I0000090,司法の独立を脅かす岡口裁判官の罷免訴追に反対します！【アーカイブ】,意見書（山元一）,"定する裁判官弾劾法12条に反する可能性がある、と指摘されている。参 照,木村草太「岡口裁判官への弾劾訴追は妥当か」 『世界』 2021年12月号235頁。 70 大林啓吾は、憲法において「裁判官と国民の信頼の関係」を「説明しうる法原理"
論文（雑誌掲載）,西川伸一,岡口裁判官弾劾裁判慎重な判断切に願う,『週刊金曜日』1343号〔2021年〕32 頁,1,1,I0000090,司法の独立を脅かす岡口裁判官の罷免訴追に反対します！【アーカイブ】,意見書（山元一）,"行政法総論 [第7版]』(有斐閣,2021年)62頁以下。 56 参照,西川伸一「岡口裁判官弾劾裁判 慎重な判断切に願う」 『週刊金曜日』1343号〔2021年〕32 頁。 57 中村博「懲戒処分と比例原則」『比較法制研究』12号〔1989年"
論文（雑誌掲載）,木村草太,差別のしくみ,朝日新聞出版『一冊の本』(2023年),1,1,I0000031,結婚の自由をすべての人に訴訟（同性婚訴訟）,【札幌】上告受理申立て理由書,ール憲法』(甲A145)119頁(武田万里 子執筆部分)参照。 138 木村草太「差別のしくみ」朝日新聞出版『一冊の本』(2023年)(甲A555)9 0頁。 139 松原俊介「同性婚問題からみる平等の救済方法」法学
論文（雑誌掲載）,,差戻審判決,という,1,1,I0000053,鬼怒川大水害訴訟,原告準備書面（３）｜2020年2月21日,強すべく、大東水害訴訟の差戻審 判決である大阪高裁昭和62年4月10日判決(以下「差戻審判決」という。 判例タイムズ635号204頁)を引用した上で、「改修工事の具体的な内 容、実施場所、時期・順序が定められたこと
論文（雑誌掲載）,永田秀樹,市議会議員の出席停止処分に関する司法審査,(法学セミナー 増刊24号・新・判例解説 Watch・憲法7),1,1,I0000080,地方議会に横行する「少数派議員潰し」に立ち向かう訴訟【アーカイブ】,土屋訴訟・甲第40〜53号証,議員の懲罰と司法権」 (『同・第4版』) 126頁などを参照。 (3) 永田秀樹「市議会議員の出席停止処分に関する司法審査」(法学セミナー 増刊24号・新・判例解説 Watch・憲法7) 33頁~36頁を参照。 (4) 神橋一彦「地方議会議員に
論文（雑誌掲載）,,帝国憲法改正案審議における婦人議員の発言〈抜萃〉,『日本婦人問題資料集成 第二 巻政治』630-639頁,1,1,I0000031,結婚の自由をすべての人に訴訟（同性婚訴訟）,風間孝先生 赤枝香奈子先生 意見書　「同性カップルの権利と異性愛規範」,ticles/20180504/ddm/001/040/143000c) 21 「帝国憲法改正案審議における婦人議員の発言〈抜萃〉」『日本婦人問題資料集成 第二 巻政治』630-639頁。 32 女性が子どもを産むことを前提とした上で、互いにまったく
論文（雑誌掲載）,吉田英法,平成17年改正風営法の意義と課題,警察学論集59巻5号(2006年),1,1,I0000064,「セックスワークにも給付金を」訴訟 【アーカイブ】,甲102：意見書（岩切大地教授）,一哉『逐条解説風営適正化法』(東京法令出版、2019年)32頁。 24 吉田英法「平成17年改正風営法の意義と課題」警察学論集59巻5号(2006年)、鈴木達也「風俗営業 等の規制及び業務の適正化等に関する法律の一部を改正する法律」 ジ
論文（雑誌掲載）,安西文雄,平等保護および政教分離の領域における『メッセージの害悪,」 立教法学44号81頁,1,1,I0000123,県知事の公務での護国神社参拝取りやめをー政教分離原則の違反を問うー,甲39 安西文雄「国家と宗教」,示した。 (17) 492 U.S. 573 (1989). (18) 安西文雄「平等保護および政教分離の領域における『メッセージの害悪』」 立教法学44号81頁以下(1996)参照。 (19) オコナー裁判官は国教樹立禁止条項の意味に関し、いかなる宗教を信
論文（雑誌掲載）,原田大樹,平等原則と比例原則,法律時報1127号(2018年),1,1,I0000071,コロナ禍、日本社会の理不尽を問う（コロナ特措法違憲訴訟）【アーカイブ】,甲第５７号証：横大道聡先生　意見書,2014年) 191頁、高橋・前掲注(13) 17頁などを参照。 16 原田大樹「平等原則と比例原則」法律時報1127号(2018年)16頁。 17 玉蟲・前掲注(10) 34-35頁。 18 山羽祥貴「『密』への権利(下
論文（雑誌掲載）,,平等取扱いの要請と行政・立法の『自己拘束,」 (法学セミナ -812号77~ 82頁,1,1,I0000064,「セックスワークにも給付金を」訴訟 【アーカイブ】,証拠説明書（13）（甲121-128）,頁参照)。 等 125 「平等取扱い の要請と行 政・立法の『自 己拘束』」 (法学セミナ -812号77~ 82頁) (写し) 埼玉大学 准教授 栗島智明 20
論文（雑誌掲載）,白水隆,平等違反基準の変更なき変更―目的手段審査か総合衡量か？,大林啓吾ら 『 憲法判例の エ ニ グ マ 』（ 甲Ａ ３ ６ １ ）［ ４ ６ 頁,1,1,I0000031,結婚の自由をすべての人に訴訟（同性婚訴訟）,【東京・二次】上告理由書第二分冊,い るの か を 審査する こ と が 求め ら れ て い る 」（ 白水隆「 平等違反基準の 変更な き変更―目的手段審査か 総合衡量か ？」 大林啓吾ら 『 憲法判例の エ ニ グ マ 』（ 甲Ａ ３ ６ １ ）［ ４ ６ 頁] ）。 そ の 上で 、 当該区
論文（雑誌掲載）,高橋和之=佐藤幸治=棟居快行=蟻川恒正,座談会=憲法60年――現状と展望,ジュリスト 1334号(2007頁,1,1,I0000131,夫婦別姓も選べる社会へ！訴訟,甲A014_辻村先生意見書（令和2年3月26日）,41 蟻川前掲注(40)12頁。 42 高橋和之=佐藤幸治=棟居快行=蟻川恒正「座談会=憲法60年――現状と展望」ジュリスト 1334号(2007頁)2頁、24-26頁(蟻川発言)参照。 43 蟻川「夫婦同氏制の合憲性」民法判例百選(
論文（雑誌掲載）,松原洋子,引揚者医療救護における組織的人工妊娠中絶——優生保護法前史——,"坪井秀人編『ジ ェンダーと生政治』臨川書店,2019, pp.64-65、二至村菁『米軍",1,1,I0000132,「わたしの体は母体じゃない」訴訟,甲19：旧優生保護法に基づく優生手術等を受けた者に対する一時金の支給等に関する法律第21条に基づく調査報告書（抜粋）,"Records, Box9305(8) PHW00614-00618、松原洋子「引揚者医療救護における組織的人工妊娠中絶——優生保護法前史——」坪井秀人編『ジ ェンダーと生政治』臨川書店,2019, pp.64-65、二至村菁『米軍医が見た占領下京都の600日』藤"
論文（雑誌掲載）,松原洋子,引揚者医療救護における組織的人工妊娠中絶─優生保護法前史—,"坪井秀人編『ジェンダーと生政治』 臨川書店, 2019, p.47、杉山春『満州女塾』新",1,1,I0000132,「わたしの体は母体じゃない」訴訟,甲19：旧優生保護法に基づく優生手術等を受けた者に対する一時金の支給等に関する法律第21条に基づく調査報告書（抜粋）,"月の者が約2割、7か月、8か月の者もそれぞれ約 1.5 割あっ 43 松原洋子「引揚者医療救護における組織的人工妊娠中絶─優生保護法前史—」坪井秀人編『ジェンダーと生政治』 臨川書店, 2019, p.47、杉山春『満州女塾』新潮社, 1996, pp.242"
論文（雑誌掲載）,松原洋子,強制不妊手術問題と公文書管理,"『現代思想』46巻9号,2018.6, p.87. 22 レファレンス 816号 201",1,1,I0000132,「わたしの体は母体じゃない」訴訟,甲146：旧優生保護法の歴史と問題,"jp/ stf/newpage_01166.html> - (111) 松原洋子「強制不妊手術問題と公文書管理」『現代思想』46巻9号,2018.6, p.87. 22 レファレンス 816号 2019. 1 国立国会図書館 調査"
論文（雑誌掲載）,齋藤最,強制断種の法律的考案,"『民族衛生』3巻4-5号,1934.6.27, pp.315-316. 40 内藤八郎「",1,1,I0000132,「わたしの体は母体じゃない」訴訟,甲47：国民優生法の制定過程,"衛生』3巻4-5号, 1934.6.27, pp.312-313. 39 齋藤最「強制断種の法律的考案」『民族衛生』3巻4-5号,1934.6.27, pp.315-316. 40 内藤八郎「断種法に就いて」『民族衛生』3巻"
論文（雑誌掲載）,金村博晴,弾劾と懲戒,『弾劾裁判所年報』3号〔1986年〕33頁,1,1,I0000090,司法の独立を脅かす岡口裁判官の罷免訴追に反対します！【アーカイブ】,意見書（山元一）,は基本的に同じ目的を持っており、本質 的には同一のものである」、という(金村博晴「弾劾と懲戒」 『弾劾裁判所年報』3号〔1986年〕33頁。 さらに、弾劾裁判所事務局訟務課「裁判所弾劾法についての学識経験者の意見」
論文（雑誌掲載）,柳瀬良幹,弾劾疑義,『自治研究』26巻1号〔1950年〕33頁,1,1,I0000090,司法の独立を脅かす岡口裁判官の罷免訴追に反対します！【アーカイブ】,意見書（山元一）,"法学協会『註解日本国憲法 下巻』(有斐閣,1954年) 9頁。 12 柳瀬良幹「弾劾疑義」『自治研究』26巻1号〔1950年〕33頁。 は、政治的利害の対立によって左右されがちであり、それらの激しい対立の舞台と"
論文（雑誌掲載）,佐々木高雄,弾劾裁判所判決と弾劾裁判制度の本質,『ジュリスト』757号 〔1982年〕82頁,1,1,I0000090,司法の独立を脅かす岡口裁判官の罷免訴追に反対します！【アーカイブ】,意見書（山元一）,"関内の治安維持の観点から、懲戒手続的色彩を強 められ」た、と指摘する。佐々木高雄「弾劾裁判所判決と弾劾裁判制度の本質」 『ジュリスト』757号 〔1982年〕82頁。さらに参照,佐々木・前掲注(40)187頁以下。 45 この点に関連して"
論文（雑誌掲載）,,徹底的に完全な平等選挙主義,(甲B40:金子一編『註解日本國憲 法下巻(1),1,1,I0000117,立候補年齢引き下げ訴訟,最終準備書面,有無という取扱いを区別している。憲法 44 条但書は14条1項の加重規 定として「徹底的に完全な平等選挙主義」(甲B40:金子一編『註解日本國憲 法下巻(1)』758 頁参照(有斐閣、1953年))を求めており、被選挙権を差別的
論文（雑誌掲載）,,必要経費,と「家事費」」一橋論叢第80巻5号 585 頁,1,1,I0000152,保育料を経費に！訴訟,甲51：意見書（三木義一　青山学院大学名誉教授）,たない事業用資産等の損失をも含むものと解される。」(植松守雄「所得 税法における「必要経費」と「家事費」」一橋論叢第80巻5号 585 頁。また、『注解 所得稅法四訂版』(大蔵財務協会・2005)923 頁にも同
論文（雑誌掲載）,三木義一,必要経費概念における『事業直接関連性,」青山法学論 集54巻4号(2013年),1,1,I0000152,保育料を経費に！訴訟,甲50：意見書（藤間大順　神奈川大学准教授）,"に必要経費の範囲を狭くみる考え方は立法趣旨に沿わない とする議論として,三木義一「必要経費概念における『事業直接関連性』」青山法学論 集54巻4号(2013年)11頁参照。 25 税務大学校『所得税法(基礎編) 令和8年度版』(国税庁ウェブ"
論文（雑誌掲載）,,必須の前提,なのである(鵜飼信成 『憲法』p.91),1,1,I0000123,県知事の公務での護国神社参拝取りやめをー政教分離原則の違反を問うー,甲43 浦部法穂『憲法学教室　全訂第２版』,、信教の自由のための単なる「手段」ではない。それは、信教 の自由の確立にとっての「必須の前提」なのである(鵜飼信成 『憲法』p.91)。つ まり、歴史的に、政教融合が信教の自由を完全に否定してきたことから、信 教の
論文（雑誌掲載）,中里見博,性の売買をめぐる権利と法,山元一ほか(編),1,1,I0000064,「セックスワークにも給付金を」訴訟 【アーカイブ】,甲102：意見書（岩切大地教授）,例などがある56。これらの例は、性風俗営業が本質的なレベルで性道 54 中里見博「性の売買をめぐる権利と法」山元一ほか(編)『憲法の普遍性と歴史性―辻村みよ子先生古 稀記念論集』(日本評論社、2019年)284頁。 55 東京地
論文（雑誌掲載）,,性同一性障害/性別違和をかかえる人々と家族生活・家族形成,『家族 』27号、53頁,1,1,I0000031,結婚の自由をすべての人に訴訟（同性婚訴訟）,谷口洋幸先生 意見書　※２通目の意見書（札幌判決後作成）,あり方と法的な位置づけとが関連する問題として位置づけられる。谷口洋幸 2011 「性同一性障害/性別違和をかかえる人々と家族生活・家族形成」『家族 』27号、53頁記載の表1参照。 2 「1 この規約の各締約国は、その領域内にあり、かつ、その管轄の下にあるすべ
論文（雑誌掲載）,加藤正明,性欲の質的異常,井村恒郎ほか編『異常心理学講座第1部 (D),1,1,I0000031,結婚の自由をすべての人に訴訟（同性婚訴訟）,渋谷秀樹先生 意見書　「憲法理論からみた同性婚の省察」,"頁〔1946年〕,日本応用心理学会『心理学講座』18頁〔1953年〕,加藤正明 「性欲の質的異常」井村恒郎ほか編『異常心理学講座第1部 (D)性及び性格(2)』19頁〔1955 年〕等)。 アメリカ精神医学会(Amer"
論文（雑誌掲載）,,性的に異常な性格を有していることは明らかである,と述べていた(角田 2011:160; 判例時報 670 号),1,1,I0000031,結婚の自由をすべての人に訴訟（同性婚訴訟）,風間孝先生 赤枝香奈子先生 意見書　「同性カップルの権利と異性愛規範」,として離婚請求を認容した 1972年の名古屋地裁の判決では、夫(被告) について「性的に異常な性格を有していることは明らかである」と述べていた(角田 2011:160; 判例時報 670 号)。また、1978 年に東京家庭裁判所の家事調停委員が執筆し
論文（雑誌掲載）,,性的指向の側面で配慮の必要な同性愛者,68 二宮周平編『新注釈民法(17),1,1,I0000031,結婚の自由をすべての人に訴訟（同性婚訴訟）,【札幌・第４回】原告ら第４準備書面　※裁判所の釈明への回答,"性免疫不全症候群に関する特定感染症予防指針(エイズ予 防指針)(甲A214)は,「性的指向の側面で配慮の必要な同性愛者」 68 二宮周平編『新注釈民法(17)親族(1)』(甲A185)19~20頁(二宮周平執筆部分)。 69 制定の経緯等"
論文（雑誌掲載）,谷口洋幸,性自認と人権――【性同一性障害者特例法に対する批判的考察,法学セミ ナー753号51頁,1,1,I0000031,結婚の自由をすべての人に訴訟（同性婚訴訟）,【東京 二次提訴】証拠説明書１(甲A1から144),義等 甲A2 谷口洋幸「性自認と人権―― 【性同一性障害者特例法に対 する批判的考察」法学セミ ナー753号51頁 写し 2017年10月20日 谷口洋幸
論文（雑誌掲載）,谷口洋幸,性自認と人権―一性同一性障害者特例法に対する批判的考察,法学セミ ナー753号51頁,1,1,I0000031,結婚の自由をすべての人に訴訟（同性婚訴訟）,【札幌・東京・名古屋・大阪】証拠説明書１(甲A1から137),義等 甲A6 谷口洋幸「性自認と人権―一 性同一性障害者特例法に対 する批判的考察」法学セミ ナー753号51頁 写し 2017年 10月20 日 谷口洋幸
論文（雑誌掲載）,,性風俗営業に対する差別的取扱い,(法 学セミナー 818号6~11 頁,1,1,I0000064,「セックスワークにも給付金を」訴訟 【アーカイブ】,証拠説明書（13）（甲121-128）,あること。 等 128 「性風俗営業 に対する差別 的取扱い」(法 学セミナー 818号6~11 頁) 日本大学 法学部教 授 玉蟲由樹 2023.3
論文（雑誌掲載）,吉田英法,性風俗関連特殊営業に関する規制の在り方,警察学論集54巻11号(2001年),1,1,I0000064,「セックスワークにも給付金を」訴訟 【アーカイブ】,甲102：意見書（岩切大地教授）,トショップおよび個室マッサージ等といった一定の業態のみを「風俗関 22 吉田英法「性風俗関連特殊営業に関する規制の在り方」 警察学論集54巻11号(2001年)5頁。 23 吉田一哉『逐条解説風営適正化法』(東京法令出版、2019年)32頁。
論文（雑誌掲載）,河上和雄,情報収集活動の限界,『警察学論集』27巻10号177 頁,1,1,I0000104,公安警察による市民運動の監視を許さない。市民の「もの言う」自由を守るための訴訟【アーカイブ】,控訴第３準備書面第３準備書面～警備公安警察による法的根拠のない個人情報の収集は、違憲・違法である～,前掲論文225頁~226頁紹介の、法律時報特集「治安と 人権」250頁、河上和雄「情報収集活動の限界」 『警察学論集』27巻10号177 頁以下論文)と根拠づけている。河上氏は、情報収集活動について、「特権の 権限規定がお
論文（雑誌掲載）,治世美,感染症と人権-新型コロナウイルス感染症をめぐる差別-,水俣学研究11号21-41頁,1,1,I0000119,“コロナ感染者立ち寄りで店名公表”は違法！訴訟【アーカイブ】,【意見書】東京女子医大講師　辻村貴子先生　意見書,かにされた感染者等への差別的取扱いにつき網羅的にまとめたものとして、矢野 治世美「感染症と人権-新型コロナウイルス感染症をめぐる差別-」水俣学研究11号21-41頁(2022 年)参照。 9) 新型コロナウイルス感染症対策専門家会議「新型コロナウイルス感染
論文（雑誌掲載）,座談会,感染症のリスク評価と法規制,Law & Technology 92号(2021年),1,1,I0000071,コロナ禍、日本社会の理不尽を問う（コロナ特措法違憲訴訟）【アーカイブ】,甲第５７号証：横大道聡先生　意見書,ス感染症と立憲主義」法律時報 1161号(2021年)82-83 頁。 6座談会「感染症のリスク評価と法規制」Law & Technology 92号(2021年)1頁〔米村 滋人発言〕。 3 則であり、ほとんどの国家が採用す
論文（雑誌掲載）,米村泔入,感染症対策の法的ガバナンスと専門家の役割,本誌92巻7号(2020年),1,1,I0000071,コロナ禍、日本社会の理不尽を問う（コロナ特措法違憲訴訟）【アーカイブ】,甲第５２号証：「匿名の権力ー感染症と憲法」と題する論文（法律時報2020年8月号）,正予防接種法では「義務接種」から「努力義務」 へと改められた。 28) 米村泔入「感染症対策の法的ガバナンスと専門家の役割」本誌92巻7号(2020年) 2頁の指摘参照。 29) 意法学では有名な「明白かつ現在の危険」のテストも、戦時における例
論文（雑誌掲載）,大林啓吾,感染症対策の法的枠組,同編『感染症と憲法』(青林書院、 2021年),1,1,I0000071,コロナ禍、日本社会の理不尽を問う（コロナ特措法違憲訴訟）【アーカイブ】,甲第５７号証：横大道聡先生　意見書,1)119頁。 3 本堂・前掲注(1)119頁。 4 この点については、大林啓吾「感染症対策の法的枠組」同編『感染症と憲法』(青林書院、 2021年)50-51 頁、山羽祥貴「『密』への権利(上) ――コロナ禍の政治的言説状
論文（雑誌掲載）,,慣行化しているもの,であると述べていること(被 告が参考資料として提出した判例タイムズ419号50頁,1,1,I0000095,『宮本から君へ』助成金不交付決定取消訴訟【アーカイブ】,準備書面(2)_201021,被告も引用するとおり「交付の予定の事実上の表示」ではある こと、②同判決は内示が「慣行化しているもの」であると述べていること(被 告が参考資料として提出した判例タイムズ419号50頁)、さらに、③同 判決は「負担金交付の不
論文（雑誌掲載）,,憲法13条における一般的自由説とその周辺,松井茂記ほか編『自由の法理』(成文堂、2 015),1,1,I0000132,「わたしの体は母体じゃない」訴訟,甲143：小川意見書,。同旨は、憲法13条の保護範囲における学説の整理として一 般に参照される丸山敦裕「憲法13条における一般的自由説とその周辺」 松井茂記ほか編『自由の法理』(成文堂、2 015)581-582頁でも指摘されている。 佐藤のほかにも例えば、高橋和之
論文（雑誌掲載）,安西文雄,憲法14条1項後段の意義,論究ジュリスト 13号73頁,1,1,I0000129,「共働き妻を亡くした夫にも遺族年金を」訴訟,甲33　大阪大学　松本和彦先生　意見書（憲法）,喜・高橋和之補訂『憲法(第8版)』137頁(岩波書店、2023年)。 4安西文雄「憲法14条1項後段の意義」論究ジュリスト 13号73頁(2015年)。 5反別異原理と反従属原理について言及する最近の理論書として、高橋正明『平等
論文（雑誌掲載）,,憲法24条2項における『家族に関するその他の事項,についての『法律』によって定められる法制度」を区別しなければならないことを指摘している(小西意見書32頁,1,1,I0000132,「わたしの体は母体じゃない」訴訟,控訴人ら準備書面(4)_20260618【24条2項】,論理的誤謬を含んでいる」と指摘し、 4 子をもうけるという「事実的行為」と、「憲法24条2項における『家族に関するその他の事項』についての『法律』によって定められる法制度」を区別しなければならないことを指摘している(小西意見書32頁)。 ## 3
論文（雑誌掲載）,辻村みよ子,憲法24条と夫婦の同権,法律時報65巻12号(1993 年),1,1,I0000131,夫婦別姓も選べる社会へ！訴訟,甲A014_辻村先生意見書（令和2年3月26日）,女性と人権』 日本評論社219~222頁に 掲載したもので、初出は、辻村みよ子 「憲法24条と夫婦の同権」 法律時報65巻12号(1993 年)である。このほか辻村『憲法』初版(2000年)から第5版 (2016年)まで民法7
論文（雑誌掲載）,曽我部真裕,憲法24条と婚姻の自由,法学教室487号(2021年),1,1,I0000031,結婚の自由をすべての人に訴訟（同性婚訴訟）,【札幌】上告受理申立て理由書,の設定する様々な効果へのアクセスを保障する権利である」とする。また、曽我部真裕 「憲法24条と婚姻の自由」法学教室487号(2021年)106頁も、「婚姻制度は 国家の法律によって設けられる制度であることを重視すれば、婚姻の自
論文（雑誌掲載）,篠原永明,憲法24条の『婚姻,の意義と同性婚」判例時報2533号(2022年),1,1,I0000031,結婚の自由をすべての人に訴訟（同性婚訴訟）,【札幌】上告受理申立て理由書,然に男女間のものであると考えられていたことを窺わせる発言97は認 95 篠原永明「憲法24条の『婚姻』の意義と同性婚」判例時報2533号(2022年) 112頁参照。 96 なお、我が国と異なり、婚姻及び家族は国家秩序の特
論文（雑誌掲載）,,"憲法24条は,同性間の婚姻を一切保障していない",あ 23 渡辺康行ほか『憲法I 基本権』(甲A37),1,1,I0000031,結婚の自由をすべての人に訴訟（同性婚訴訟）,【札幌・第５回】原告ら第６準備書面　※被告第２準備書面に対する反論等,"というところからも明らかであるとおり,実際には上記のような憲法 学説とは異なり,「憲法24条は,同性間の婚姻を一切保障していない」あ 23 渡辺康行ほか『憲法I 基本権』(甲A37)455頁(宍戸常寿執筆部分)。 15 るいは「憲法24条は,同性"
論文（雑誌掲載）,小竹聡,憲法と同性婚-ジェンダー法学のすすめ,法学 セミナー737号 11 頁,1,1,I0000031,結婚の自由をすべての人に訴訟（同性婚訴訟）,大野友也先生 意見書 ※憲法14条1項（法の下の平等）についての意見書,ef289f7559a.pdf (call4.jp)> (2020 年)、小竹聡「憲法と同性婚-ジェンダー法学のすすめ」法学 セミナー737号 11 頁(2016年)など。 6 Hively v. Ivy Tech Community Co
論文（雑誌掲載）,,憲法と姓一民法750条違憲論の諸相,ジェンダー法研究第8号41頁,1,1,I0000131,夫婦別姓も選べる社会へ！訴訟,【札幌】20240308_訴状,一方のみへの強制は『夫婦同権』を定める憲法24条1項にも反する」とし(甲A18・「憲法と姓一民法750条違憲論の諸相」ジェンダー法研究第8号41頁2021年)、志田陽子教授も「男女にかかわらず婚姻をしたカップルは必ずその片方が自己アイデン
論文（雑誌掲載）,杉村敏正,憲法と警備警察,杉村・宮内・岡崎共編『戦後秘密警察の実態』 (三一書房、1960年),1,1,I0000104,公安警察による市民運動の監視を許さない。市民の「もの言う」自由を守るための訴訟【アーカイブ】,控訴第３準備書面第３準備書面～警備公安警察による法的根拠のない個人情報の収集は、違憲・違法である～,体的な犯罪と関係なく行われているかぎり」、「政治警察たる性格をもつ」 (杉村敏正「憲法と警備警察」杉村・宮内・岡崎共編『戦後秘密警察の実態』 (三一書房、1960年)15頁)のであり、憲法が保障する基本的人権は、「はっ
論文（雑誌掲載）,工藤達朗,憲法における婚姻と家族,赤坂正浩ほか『ファーストステップ憲法』 145頁,1,1,I0000031,結婚の自由をすべての人に訴訟（同性婚訴訟）,安西文雄先生意見書（2024年1月24日）,される。そもそもアメリカにおいては、デュー・プロセス条項は国家か 28 工藤達朗「憲法における婚姻と家族」赤坂正浩ほか『ファーストステップ憲法』 145頁、1 53頁~154頁(有斐閣、2005年)は、「婚姻の自由の根拠条文は
論文（雑誌掲載）,,憲法のほうを条約に適合するように解釈していくことが必要,であると説かれてきた(芦部信喜「人権の普遍性と憲法」法学セミナー437号29頁,1,1,I0000087,赤ちゃん取り違え被害者に「出自を知る権利を」訴訟【アーカイブ】,原告第１準備書面,も保障する人権の範囲が広いとか、保障の仕方がより具体的で詳しいとかいう場合」は、「憲法のほうを条約に適合するように解釈していくことが必要」であると説かれてきた(芦部信喜「人権の普遍性と憲法」法学セミナー437号29頁)。条約の誠実遵守義務を定める憲法98条2
論文（雑誌掲載）,,憲法の文言だけでなく、その趣旨、内容を敷術して憲法適合性の判断をしなければ、合憲か違憲かの判断に至らない,こと (62頁,1,1,I0000031,結婚の自由をすべての人に訴訟（同性婚訴訟）,【東京・第４回】証拠説明書３（甲A150から185）,"は同じであり」(61頁), 「法律の憲法適合性が問題となる事案に おいては、更に「憲法の文言だけでな く、その趣旨、内容を敷術して憲法適 合性の判断をしなければ、合憲か違憲 かの判断に至らない」こと (62頁) 等。 甲A174 札幌地裁平成21年1月16日 中間判決・判例時報2095 号100頁"
論文（雑誌掲載）,栗島智明,憲法の解釈とその変動,論究ジュリスト38 号(2022年),1,1,I0000031,結婚の自由をすべての人に訴訟（同性婚訴訟）,【札幌】上告受理申立て理由書,立ち位置」(甲A501)207頁、同『同 性婚と司法』140~142頁、栗島智明「憲法の解釈とその変動」論究ジュリスト38 号(2022年)70~71頁等参照。 113 「衆議院議員逢坂誠二君提出日本国憲法下での同性婚に関す
論文（雑誌掲載）,小島慎司,憲法上の自由に対する事実上の制約について,上 智法學論集 59巻4号(2016年),1,1,I0000132,「わたしの体は母体じゃない」訴訟,甲176：山本意見書,時報 91巻5号(2019年)32-33頁。 25 横大道・同上。また、小島慎司「憲法上の自由に対する事実上の制約について」上 智法學論集 59巻4号(2016年)75頁以下を参照。 も、憲法上の権利への制約を肯定し、正当化審査へと進んでいる
論文（雑誌掲載）,大林啓吾,憲法判例変更のパラドックス,法時88巻4号(2016年),1,1,I0000131,夫婦別姓も選べる社会へ！訴訟,甲A014_辻村先生意見書（令和2年3月26日）,説 Watch・ 研究 No.165(2020年2月14日掲載) 54 大林啓吾「憲法判例変更のパラドックス」法時88巻4号(2016年)98-99頁。 55 浜口晶子「判批」法学セミナー781号 (2020年2月)118頁参照。
論文（雑誌掲載）,長谷部恭男,憲法学から見た生命倫理,同『憲法の理性〔増補新装版〕』(東京大学出版会、2016年),1,1,I0000132,「わたしの体は母体じゃない」訴訟,甲176：山本意見書,年)108頁〔土井真一執筆 部分〕。「死ぬ権利」を認めるものとしては、長谷部恭男「憲法学から見た生命倫理」 同『憲法の理性〔増補新装版〕』(東京大学出版会、2016年) 153頁などがある。 23 小山・前揭注2)18頁。 2
論文（雑誌掲載）,佐々木弘通,憲法学説は政教分離判例とどう対話するか,法律時報82巻8号(2010年),1,1,I0000123,県知事の公務での護国神社参拝取りやめをー政教分離原則の違反を問うー,甲18（稲正樹意見書）,「直接的支援」と、②-b「付随的・間接的支援」が再区分される。 47 佐々木弘通「憲法学説は政教分離判例とどう対話するか」法律時報82巻8号(2010年)78-85 頁、79頁。のちに、辻村みよ子・長谷部恭男(編)『憲法理論の再創造』(日本評
論文（雑誌掲載）,保障されるとする大石眞,憲法概論Ⅱ基本権保障,(有斐閣、2021),1,1,I0000132,「わたしの体は母体じゃない」訴訟,甲143：小川意見書,押なつを強制されない権利」(指紋 押捺強制事件)を含む)が保障されるとする大石眞『憲法概論Ⅱ 基本権保障』(有斐閣、2021)77-78頁。 なお、 18 齋藤正彰「人格的利益説の終焉?」北大法学論集73巻2号(2022)29
論文（雑誌掲載）,篠原光史,憲法第24条の制定過程について,白鷗法学第8号(1997年),1,1,I0000031,結婚の自由をすべての人に訴訟（同性婚訴訟）,駒村圭吾先生 意見書 憲法24条2項についての意見書,律ヲ制定スヘシ」 【22条(憲法改正草案要綱(3月6日))】 11 篠原光史「憲法第24条の制定過程について」白鷗法学第8号(1997年)80-81頁。 12 篠原・前注8)の文献を参照のこと。 13 高柳賢三ほか編『日本国憲法制
論文（雑誌掲載）,中村博,懲戒処分と比例原則,『比較法制研究』12号〔1989年〕33頁,1,1,I0000090,司法の独立を脅かす岡口裁判官の罷免訴追に反対します！【アーカイブ】,意見書（山元一）,な判断切に願う」 『週刊金曜日』1343号〔2021年〕32 頁。 57 中村博「懲戒処分と比例原則」『比較法制研究』12号〔1989年〕33頁。 58 本意見書の拠って立つ弾劾と懲戒の機能的同質化論からすれば、柳瀬・前掲
論文（雑誌掲載）,竹中勲,成年被後見人の選挙権の制限の合憲性,同志社法学61巻2号(2009),1,1,I0000123,県知事の公務での護国神社参拝取りやめをー政教分離原則の違反を問うー,甲39 安西文雄「国家と宗教」,328-329頁は選挙権とその行使を同一に論じられないとする。 (9) 竹中勲「成年被後見人の選挙権の制限の合憲性」同志社法学61巻2号(2009) 年)135頁など。辻村みよ子『選挙権と国民主権』(日本評論社、2015年)161 頁以
論文（雑誌掲載）,戸波江二,成年被後見人の選挙権制限の違憲性,早稲田法学88巻4号(2013 年),1,1,I0000123,県知事の公務での護国神社参拝取りやめをー政教分離原則の違反を問うー,甲39 安西文雄「国家と宗教」,"権と国民主権』(日本評論社、2015年)161 頁以下も参照。 (10)戸波江二「成年被後見人の選挙権制限の違憲性」 早稲田法学88巻4号(2013 年)14頁,22頁。 (11) とはいえそれは不可能ではない。フランスの事例につき、拙"
論文（雑誌掲載）,,我国従来ノ慣習ヲ考フルニ一夫一婦ノ制未ダ十分二確定スルニ至ラズ,(熊野敏三・岸本辰雄『民法正義人事 編巻之壱』〔甲A186〕156頁,1,1,I0000031,結婚の自由をすべての人に訴訟（同性婚訴訟）,【札幌】上告受理申立て理由書,認め〔る〕」(前 掲梅謙次郎『民法要義巻ノ四』〔甲A188〕90頁)とする点は、「我国従来ノ慣習ヲ考 フルニ一夫一婦ノ制未ダ十分二確定スルニ至ラズ」(熊野敏三・岸本辰雄『民法正義人事 編巻之壱』〔甲A186〕156頁)とする旧民法人事編の起草者の認識にも反しており、
論文（雑誌掲載）,,我邦に於ては既に千有餘年前より此主義を認め〔る〕,(前 掲梅謙次郎『民法要義巻ノ四』〔甲A188〕90頁,1,1,I0000031,結婚の自由をすべての人に訴訟（同性婚訴訟）,【札幌】上告受理申立て理由書,〔甲A176〕96~103頁参照)。一夫一婦の原則に ついて、明治民法の起草者が「我邦に於ては既に千有餘年前より此主義を認め〔る〕」(前 掲梅謙次郎『民法要義巻ノ四』〔甲A188〕90頁)とする点は、「我国従来ノ慣習ヲ考 フルニ一夫一婦ノ制未ダ十分二確
論文（雑誌掲載）,本多龍雄,戦前戦後の夫婦出生産力における出生抑制効果の分析―とくに中絶と避妊の抑制効果について―,"『人 口問題研究』78号,1959.12, pp.8-9. 第1編-76 隊が進駐してパ",1,1,I0000132,「わたしの体は母体じゃない」訴訟,甲19：旧優生保護法に基づく優生手術等を受けた者に対する一時金の支給等に関する法律第21条に基づく調査報告書（抜粋）,"〉」『日本医事新報』1466号, 1952.5.31, p.4. 26 本多龍雄「戦前戦後の夫婦出生産力における出生抑制効果の分析―とくに中絶と避妊の抑制効果について―」『人 口問題研究』78号,1959.12, pp.8-9. 第1編-76 隊が進駐してパンパンが増え、彼女らは心ならず"
論文（雑誌掲載）,渡辺洋三,戦後の家族制度論争,法学セ ミナー17号(1957),1,1,I0000031,結婚の自由をすべての人に訴訟（同性婚訴訟）,【東京・第５回】証拠説明書８（甲A211－1から211-68）,211の 45 渡辺洋三「戦後の家 族制度論争」法学セ ミナー17号(1957) 67頁 写 1957年(昭和32 年)
論文（雑誌掲載）,,戦後日本人の憲法意識―世論調査集積法による分析,年報政治学71巻1号34-57 頁,1,1,I0000117,立候補年齢引き下げ訴訟,甲B76：齋藤宙治「被選挙権年齢引下げに関する人々の意識ーサーベイ実験による法定立候補年齢の研究ー」,19・21) から」政策と調査21号1-16頁. 三輪洋文・境家史郎(2020)「戦後日本人の憲法意識―世論調査集積法による分析」年報政治学71巻1号34-57 頁. Youth Thinktank(2023)「被選挙権年齢に関する調査―諸外国との比
論文（雑誌掲載）,水野紀子,戸籍制度,ジュリスト1000号 (1992年),1,1,I0000031,結婚の自由をすべての人に訴訟（同性婚訴訟）,清末愛砂先生・立石直子先生「憲法24条が要請する同性婚の法制化に関する意見書」,現行では、住民基本台帳法(1967(昭和 42)年)にもとづく。 20 水野紀子「戸籍制度」 ジュリスト1000号 (1992年)163頁。 ### 4.3 日本人にとっての戸籍の精神性 古くは、軍事や課税の
論文（雑誌掲載）,講演録,戸籍行政をめぐる「現下の諸問題について,戸 籍時報739号特別増刊号 (日本加除出版),1,1,I0000031,結婚の自由をすべての人に訴訟（同性婚訴訟）,【東京 二次提訴】証拠説明書１(甲A1から144),甲A13 【講演録「戸籍行政をめぐる 「現下の諸問題について」戸 籍時報739号特別増刊号 (日本加除出版) 抄本 42-45頁 写し 2016年6月
論文（雑誌掲載）,酒井克彦,所得税法の論点研究,"(財経詳報社,2011年)",1,1,I0000152,保育料を経費に！訴訟,甲50：意見書（藤間大順　神奈川大学准教授）,"所得を…………生ずべき業務の遂行上必要』で 5 以下の記述については,酒井克彦『所得税法の論点研究』(財経詳報社,2011年) 326~336 頁参照。 6 たとえば,碓井光明「必要経費の意義と範囲」日稅研論集 31 号"
論文（雑誌掲載）,山村恒年,抗告訴訟の対象となる行政処分(三),(民商法雑誌59巻1号),1,1,I0000080,地方議会に横行する「少数派議員潰し」に立ち向かう訴訟【アーカイブ】,土屋訴訟・甲第40〜53号証,"己「議員懲罰処分と司法審査」(『行政法の争点』) 136頁~137頁, 山村恒年「抗告訴訟の対象となる行政処分(三)」(民商法雑誌59巻1号) 43頁以下,斎藤・前掲論文(「地方公共団体の議会の議員に対する出席停 564(280) 「地"
論文（雑誌掲載）,論文,挙児・子育て希望者の多様化がもたらす課題一同性愛カップルの事例から,(生 命倫理2007年17巻1号 p. 223-232),1,1,I0000031,結婚の自由をすべての人に訴訟（同性婚訴訟）,【九州・第４回】証拠説明書８(甲A203から224）,219 論文「挙児・子育て希望者の 多様化がもたらす課題一同性 愛カップルの事例から」 (生 命倫理2007年17巻1号 p. 223-232) 写し 2007年
論文（雑誌掲載）,拙稿,捜査員による情報収集活動における国内法・日本国憲法上の問題,国際人権31号 (2020年),1,1,I0000104,公安警察による市民運動の監視を許さない。市民の「もの言う」自由を守るための訴訟【アーカイブ】,實原教授意見書(甲33),の警察への情報提供にルールを」時の法令2071号(2019年)57頁以下、拙稿 「捜査員による情報収集活動における国内法・日本国憲法上の問題」国際人権31号 (2020年)29頁以下、など参照。 15 住基ネット判決や、その後継システムであるマイナンバー違憲訴訟
論文（雑誌掲載）,,改正国籍法の特徴と問題点(下),戸籍時報323号4頁,1,1,I0000135,難民帰化訴訟〜真に社会の一員へ〜,20241007 原告準備書面⑸,なり、適当でないと考えられた」結果、法定化されるに至らなかったのである(木棚照―「改正国籍法の特徴と問題点(下)」戸籍時報323号4頁参照)。このように、40年前の昭和59(1984)年改正国籍法の審議の過程で検討がなされつつも敢えて
論文（雑誌掲載）,竹花豊,改正風営法の施行に当たって,警察学論集59巻4号(2006年),1,1,I0000064,「セックスワークにも給付金を」訴訟 【アーカイブ】,甲102：意見書（岩切大地教授）,律の一部を改正する法律」 ジュリスト1306号 (2006年)。その 他、竹花豊「改正風営法の施行に当たって」 警察学論集59巻4号(2006年)3頁は性風俗営業を「本来 好ましくないという前提に立ちつつ」と述べ、また田村正博『全
論文（雑誌掲載）,横田耕一,政教分離をめぐる若干の問題,(宗教法17号171頁,1,1,I0000123,県知事の公務での護国神社参拝取りやめをー政教分離原則の違反を問うー,甲39 安西文雄「国家と宗教」,トを採用したものということもないのではなかろうか」 とする。 ちなみに、横田耕一「政教分離をめぐる若干の問題」(宗教法17号171頁 (1998))は、愛媛玉ぐし料判決について、「実質的には『目的・効果基準』を使っ ていないのでは
論文（雑誌掲載）,高柳信一,政教分離判例理論の思想,下山 高柳和田編 『アメリカ憲法の現代 的展開II』p.222),1,1,I0000123,県知事の公務での護国神社参拝取りやめをー政教分離原則の違反を問うー,甲43 浦部法穂『憲法学教室　全訂第２版』,まり、政教分離規定は、それじたい人権保障条項である、という ことである(高柳信一「政教分離判例理論の思想」下山 高柳和田編 『アメリカ憲法の現代 的展開II』p.222)。いいかえれば、政教分離条項によって、国民は、信仰に関
論文（雑誌掲載）,林知更,政教分離原則の構造,高見勝利ほか編『日本国憲法解釈の再検討』(有斐閣、 2004年),1,1,I0000123,県知事の公務での護国神社参拝取りやめをー政教分離原則の違反を問うー,甲45 佐々木弘通「信教の自由・政教分離」,"暦記念・現代立憲主義と司法権』 (青林書院,1998年)401頁以下 - 林知更「政教分離原則の構造」高見勝利ほか編『日本国憲法解釈の再検討』(有斐閣、 2004年)114頁以下 - 山口智「宗教条項理論の有用性」宗教法第"
論文（雑誌掲載）,渡辺康行,政教分離規定適合性に関する審査手法-判例法理の整理と分析,早稲田大学/企業と 法創造9巻3号(通算35号),1,1,I0000123,県知事の公務での護国神社参拝取りやめをー政教分離原則の違反を問うー,甲18（稲正樹意見書）,ることは否定できない」とする。しかし、発会式は神社外の一般施設 12 渡辺康行「政教分離規定適合性に関する審査手法-判例法理の整理と分析」早稲田大学/企業と 法創造9巻3号(通算35号) (2013年)54-78頁。のちに、渡辺康行『「内心の自由」の法理』(
論文（雑誌掲載）,土屋清,政教分離訴訟における目的効果基準の廃棄に向けて,『憲法学の新たなパラダイムを 求めて』(成文堂・2010年),1,1,I0000123,県知事の公務での護国神社参拝取りやめをー政教分離原則の違反を問うー,甲18（稲正樹意見書）,基軸とする『総合判断アプローチ』を採る点に変わ りはない」という。 49 土屋清「政教分離訴訟における目的効果基準の廃棄に向けて」『憲法学の新たなパラダイムを 求めて』(成文堂・2010年)81-100頁。 50 後藤光男『政教分離の基礎理論-人権と
論文（雑誌掲載）,藤賞,政治構造と政教分離,"大西直樹=千葉真編 『歴史のなかの政教分離」(彩流 社,2006年)",1,1,I0000123,県知事の公務での護国神社参拝取りやめをー政教分離原則の違反を問うー,甲45 佐々木弘通「信教の自由・政教分離」,"、「アメリカと宗教」 東洋学術研究35巻2号(1996年)194頁以下 - 藤賞「政治構造と政教分離」 大西直樹=千葉真編 『歴史のなかの政教分離」(彩流 社,2006年)149頁以下 - 佐々木弘通「学界展望・憲法」国家"
論文（雑誌掲載）,甲A,救済を視野に入れた憲法上の実体的な権利の構成-同性婚訴訟を手掛かりとして,(法律時報94 巻2号117~122頁,1,1,I0000031,結婚の自由をすべての人に訴訟（同性婚訴訟）,【東京二次・第７回】証拠説明書１４,提出の書面です。 甲A 「救済を視野に入れた憲 法上の実体的な権利の構 成-同性婚訴訟を手掛か りとして」(法律時報94 巻2号117~122頁) 写し 2022年 1月 巻美矢
論文（雑誌掲載）,,救済を視野に入れた憲法上の実体的な権利の構成一同性婚訴訟を手掛かりとして,(法律時報 94巻2号11 7頁,1,1,I0000031,結婚の自由をすべての人に訴訟（同性婚訴訟）,【東京・第１０回】証拠説明書１４（甲Ａ441から443）,ること。 甲A 442 「救済を視野に 入れた憲法上の 実体的な権利の 構成一同性婚訴 訟を手掛かりと して」(法律時報 94巻2号11 7頁) 写 2022・1 巻美矢 紀
論文（雑誌掲載）,,救済を視野に入れた憲法上の実態的な権利の構成,法律時報94巻 2号117頁,1,1,I0000031,結婚の自由をすべての人に訴訟（同性婚訴訟）,【九州・第１１回】証拠説明書２２(甲A542から551),略している。) 543 「救済を視野に入れた 憲法上の実態的な権利 の構成」 法律時報94巻 2号117頁 写し 2022年1月 巻美矢紀
論文（雑誌掲載）,,教科書では、同性婚の記述がそもそも存在しないものが多い,との指摘がある,1,1,I0000031,結婚の自由をすべての人に訴訟（同性婚訴訟）,【札幌】上告受理申立て理由書,之『立憲主義と日本国憲法〔第4版〕』(有斐閣、2017年)153頁。もっと も、「教科書では、同性婚の記述がそもそも存在しないものが多い」との指摘がある。西 村枝美「同性婚の未規定性の憲法適合性」関西大学法学論集69巻3号(2019年) (甲A303)158
論文（雑誌掲載）,高橋哲,教職員の『多忙化,をめぐる法的問題」法学セミナー773 号(2019年),1,1,I0000070,「人間を育てる教員に、人間らしい働き方を」訴訟【アーカイブ】,第10回裁判資料_鑑定意見書（高橋哲先生）実印差し替え,所論については、萬井隆令「教員の労働と給特法」労働法律旬報 3年)12頁、高橋哲「教職員の『多忙化』をめぐる法的問題」法学セミナー773 号(2019年)23頁、同・前掲註19、65-66頁。 21
論文（雑誌掲載）,青木宗也,教職特別措置法―――労働法学の立場から,日本教育法学会年報2号(1973年),1,1,I0000070,「人間を育てる教員に、人間らしい働き方を」訴訟【アーカイブ】,堀口悟郎先生意見書,4項目等の要件を満たさない時間外勤務命令も許容されると解する学説として、青木宗也「教職特別措置法―――労働法学の立場から」 日本教育法学会年報2号(1973年)77頁、萬井隆令「公立学校教員の超勤手当不払いと給特法――埼玉県(超過勤務手当)事
論文（雑誌掲載）,青木宗也,教職特別措置法と教員の労働条件,季刊教育法1号(1971年),1,1,I0000070,「人間を育てる教員に、人間らしい働き方を」訴訟【アーカイブ】,第10回裁判資料_鑑定意見書（高橋哲先生）実印差し替え,しない」(給特法3条2項)という特殊ルールが定められる。 1たとえば、青木宗也「教職特別措置法と教員の労働条件」季刊教育法1号(1971年)51 頁、萬井隆令「公立学校教師と時間外労働」龍谷法学38巻1号(2005年)86頁、斎藤周
論文（雑誌掲載）,田原睦夫,文書提出義務の範囲と不提出の効果,ジュリ1098号(1996年),1,1,I0000160,刑務所での強制ひげ剃りと懲罰 ～医師の所見を無視した処遇の違法性を問う手書き裁判～【アーカイブ】,文書提出命令申立てに対する意見書,"特定 に必要な情報を聞き出す等の努力をする必要があるとする。 (21) 田原睦夫「文書提出義務の範囲と不提出の効果」 ジュリ1098号(1996年)61、 頁,65頁。この説は、「事案によっては、なお文書の特定性を欠くとして、申 立てを"
論文（雑誌掲載）,小峰茂之,断種に就ての所感,"『脳』12巻9号,1938.9,pp.23-27、松原洋子「戦 時下の断種法論争—精神科",1,1,I0000132,「わたしの体は母体じゃない」訴訟,甲47：国民優生法の制定過程,"p.2-13、 同13巻9号(153) 1939.9, pp.2-20、小峰茂之「断種に就ての所感」『脳』12巻9号,1938.9,pp.23-27、松原洋子「戦 時下の断種法論争—精神科医の国民優生法批判—」『現代思想"
論文（雑誌掲載）,,断種問題座談会,"『脳』158号, 1940.2, pp.25, 27. 57 岡田靖雄『日本精神科医療史",1,1,I0000132,「わたしの体は母体じゃない」訴訟,甲47：国民優生法の制定過程,"堂, 2020, pp.239- 240, 246-247. 56 金子準二ほか「断種問題座談会」『脳』158号, 1940.2, pp.25, 27. 57 岡田靖雄『日本精神科医療史』医学書院,2002, p.19"
論文（雑誌掲載）,永井潜,断種法に対する反対の反対,"『民族衛生』3巻 4-5号, 1934.6.27, pp.290, 293, 297-2",1,1,I0000132,「わたしの体は母体じゃない」訴訟,甲47：国民優生法の制定過程,"衛生』3巻4-5号, 1934.6.27, pp.318-319. 41 永井潜「断種法に対する反対の反対」『民族衛生』3巻 4-5号, 1934.6.27, pp.290, 293, 297-298. 第1編-6 第1章"
論文（雑誌掲載）,内藤八郎,断種法に就いて,"『民族衛生』3巻4-5号, 1934.6.27, pp.318-319. 41 永井潜「",1,1,I0000132,「わたしの体は母体じゃない」訴訟,甲47：国民優生法の制定過程,"衛生』3巻4-5号,1934.6.27, pp.315-316. 40 内藤八郎「断種法に就いて」『民族衛生』3巻4-5号, 1934.6.27, pp.318-319. 41 永井潜「断種法に対する反対の反対」『民族"
論文（雑誌掲載）,安田徳太郎,断種法への批判,"『社会診察録』サイレン社, 1936, pp.356-358、日戸修一「断種法をめぐる諸学者(二)",1,1,I0000132,「わたしの体は母体じゃない」訴訟,甲47：国民優生法の制定過程,"『遺伝学叢話』甲鳥書林, 1944, pp.350-352. 43 安田徳太郎「断種法への批判」『社会診察録』サイレン社, 1936, pp.356-358、日戸修一「断種法をめぐる諸学者(二)」 『東京医事新誌』3"
論文（雑誌掲載）,日戸修一,断種法をめぐる諸学者(二),"『東京医事新誌』3091号,1938.7, p.38、鈴木善次『日本の優生学―その思想",1,1,I0000132,「わたしの体は母体じゃない」訴訟,甲47：国民優生法の制定過程,"への批判」『社会診察録』サイレン社, 1936, pp.356-358、日戸修一「断種法をめぐる諸学者(二)」 『東京医事新誌』3091号,1938.7, p.38、鈴木善次『日本の優生学―その思想と運動の軌跡―』三共出版,198"
論文（雑誌掲載）,,断種雑考,"『法律春秋』71号, 1932.1, pp.264-269、金子準二ほか「断種問題 座談",1,1,I0000132,「わたしの体は母体じゃない」訴訟,甲47：国民優生法の制定過程,"人権問題資料集成 第18 巻』不二出版,2001, pp.296-301.)、同「断種雑考」『法律春秋』71号, 1932.1, pp.264-269、金子準二ほか「断種問題 座談会」『脳』158号, 1940."
論文（雑誌掲載）,毛塚,新しい労働時間法を一生活時間アプローチの基本コンセプト,労働法律旬報1884号(2017),1,1,I0000070,「人間を育てる教員に、人間らしい働き方を」訴訟【アーカイブ】,毛塚勝利先生_意見書,上の損害賠償請 求に焦点をあて鑑定人としての見解を述べることとする。 2 毛塚「新しい労働時間法を一生活時間アプローチの基本コンセプト」労働法律旬報1884号(2017)6 頁以下、同「労基法労働時間法制からの脱却を」日本労働研究雑誌690号(2018)7
論文（雑誌掲載）,石川稔,新しい家族現象と家族の機能,判例タイ ムズ540号(1985年),1,1,I0000031,結婚の自由をすべての人に訴訟（同性婚訴訟）,【札幌】上告受理申立て理由書,関係について法制度上の対応も必要とな り得るとする方向に議論を進めている。石川稔「新しい家族現象と家族の機能」判例タイ ムズ540号(1985年)10頁参照。 れたところを見ると、以下のとおりである。 (ア)同性愛を精神疾患とする
論文（雑誌掲載）,石川稔,新・家族法事情④同性愛者の婚姻〔その2〕,法学セミナー356 号(1984年),1,1,I0000031,結婚の自由をすべての人に訴訟（同性婚訴訟）,【札幌】上告受理申立て理由書,同性愛と民法(下)」ジュリスト1081号(1995年)64~ 65頁参照。石川稔「新・家族法事情④同性愛者の婚姻〔その2〕」法学セミナー356 号(1984年)(甲A222)60頁も、「一つのカテゴリーを婚姻として設定すれば、 そのなかに多少の
論文（雑誌掲載）,局参事官,新刑事訴訟法の運用状況について(二),法曹時報3巻6号62頁,1,1,I0000155,人質司法に終止符を！訴訟,甲A111 勾留保釈制度意見書,の保釈率は25.6%であったと報告されている(武安将光法務府法制意見第4局参事官「新刑事訴訟法の運用状況について(二)」、法曹時報3巻6号62頁)。 武安報告は、このような戦前の状況を報告した上で、「新刑訴の施行によって従 - 9 -
論文（雑誌掲載）,,新司法試験短答式問題の心と技:憲法,法学セミナー637 号 2009年~2020年:「インタレストグループ報告・『外国人の出,1,1,I0000151,「18歳未満にも選挙で応援する自由を」訴訟,甲４２：門田孝教授の意見書,ための7つのステップ」法学セミナー614号 2008年:「新司法試験短答式問題の心と技:憲法」法学セミナー637 号 2009年~2020年:「インタレストグループ報告・『外国人の出入国と在
論文（雑誌掲載）,宍戸常寿,新型コロナウイルス感染症と立憲主義,法律時報 1161号(2021年),1,1,I0000071,コロナ禍、日本社会の理不尽を問う（コロナ特措法違憲訴訟）【アーカイブ】,甲第５７号証：横大道聡先生　意見書,点については、 憲法第21条第1項の表現の自由の制約が問題となる。 5 宍戸常寿「新型コロナウイルス感染症と立憲主義」法律時報 1161号(2021年)82-83 頁。 6座談会「感染症のリスク評価と法規制」Law & Technolog
論文（雑誌掲載）,三宅宗悦,新居雑録,"『考古学論叢』 15, 1940. (20)",1,1,I0000076,「琉球人のご先祖の遺骨返還を」訴訟【アーカイブ】,甲15,"三宅宗悦「総長時代の思ひ出」 『考古学論叢』8,1938. (19) 三宅宗悦「新居雑録」『考古学論叢』 15, 1940. (20) 清野・前掲『古代人骨･･･』 p.109. (21) Rudolf Mar"
論文（雑誌掲載）,芦田均,新時代の厚生行政,"『日本医事新報』1175号, 1946.1.1, p.2. 80 芦田均『芦田均日記第1",1,1,I0000132,「わたしの体は母体じゃない」訴訟,甲19：旧優生保護法に基づく優生手術等を受けた者に対する一時金の支給等に関する法律第21条に基づく調査報告書（抜粋）,"議議事速記録第12号,昭20.12.15, pp.102-105. 79 芦田均「新時代の厚生行政」『日本医事新報』1175号, 1946.1.1, p.2. 80 芦田均『芦田均日記第1巻』岩波書店,1986, p.2"
論文（雑誌掲載）,,新民法と家事調停,『川島武 宜著作集第11 巻家族および 家族法2 家族 と法』(岩波書 店、1986年),1,1,I0000031,結婚の自由をすべての人に訴訟（同性婚訴訟）,【東京二次】証拠説明書（甲A943～947）,上の公序と して想定することについて一般的な一致が見 944 「新民法と家事 調停」『川島武 宜著作集第11 巻家族および 家族法2 家族 と法』(岩波書 店、1986年) 6-7頁 192-193頁
論文（雑誌掲載）,青柳文雄,新訂刑事訴訟法通論上巻,(1962年),1,1,I0000130,日本の「黙秘権」を問う訴訟 〜56時間にわたる侮辱的な取調べは違法〜 ,上告理由補充書（２）2025年9月1日,野龍一「刑事訴訟法」(1958年)106~109頁 9 青柳文雄「新訂刑事訴訟法通論上巻」(1962年)236~247頁 10 「青柳文雄先生 略歴」(法学研究61巻2号〔1988年〕) 275
論文（雑誌掲載）,宍戸常寿,日本(シンポジウム憲法適合的解釈についての比較法的検討),比較法研究7 8号(2016年),1,1,I0000071,コロナ禍、日本社会の理不尽を問う（コロナ特措法違憲訴訟）【アーカイブ】,甲第５７号証：横大道聡先生　意見書,から」法学セミナー789号(2020年)46 頁以下なども参照。 35 宍戸常寿「日本(シンポジウム 憲法適合的解釈についての比較法的検討)」比較法研究7 8号(2016年)6頁は、「憲法適合的解釈」とは、「①法令の規定に違憲的適用部分が含ま れておらず、従って
論文（雑誌掲載）,マシャド・ダニエル,日本における同性カップルの法的処遇,ジュリスト1578号 (2022年),1,1,I0000031,結婚の自由をすべての人に訴訟（同性婚訴訟）,【札幌】上告受理申立て理由書,セクシュアリティ2号(2007 年)86~87頁参照。 13 マシャド・ダニエル「日本における同性カップルの法的処遇」ジュリスト1578号 (2022年)102頁。 た意思も婚姻意思とはいえない」14というのは、同性間の婚姻は認められな
論文（雑誌掲載）,清水雄大,日本における同性婚の法解釈,法とセクシュアリティ2号(2007 年),1,1,I0000031,結婚の自由をすべての人に訴訟（同性婚訴訟）,【札幌】上告受理申立て理由書,婚姻の成立 を妨げる直接的な効力を有すると解するのは困難である。 12 清水雄大「日本における同性婚の法解釈 」法とセクシュアリティ2号(2007 年)86~87頁参照。 13 マシャド・ダニエル「日本における同性カップルの法的処遇
論文（雑誌掲載）,,日本の民衆宗教-日本宗教の統合的理解のために,エリアーデ原案、『世界宗教史IV』、筑摩書房、1998年、437頁,1,1,I0000076,「琉球人のご先祖の遺骨返還を」訴訟【アーカイブ】,甲35,響を与えてきたであろう。 そのものでもあるということができる。 7荒木美智雄、「日本の民衆宗教-日本宗教の統合的理解のために」、エリアーデ原案、『世界宗教史IV』、筑摩書房、1998年、437頁。 40 しかしながら、そのような比較的新しい伝
論文（雑誌掲載）,坂元茂樹,日本の裁判所における国際人権規約の解釈適用——一般的意見と見解の法的地位をめぐって,芹田健太郎『【講座 国際人権法3】国際人権法の国内的実施』(信山社、2011),1,1,I0000096,「日本の入管収容は国際人権法違反」訴訟,甲A54　意見書「自由権規約の解釈方法について」（大阪大学大学院国際公共政策研究科准教授　髙田陽奈子）,4項は、「委員会は、この規約の締約国の提出す 56 類似の見解として、坂元茂樹「日本の裁判所における国際人権規約の解釈適用——一般的意見と見解の法的地位をめぐって」芹田健太郎『【講座 国際人権法3】国際人権法の国内的実施』(信山社、2011)50頁。 る報告を検討する。委員会は、委
論文（雑誌掲載）,,日本国憲法と宗教法人税制,宗教法22号(平成15年),1,1,I0000064,「セックスワークにも給付金を」訴訟 【アーカイブ】,甲59：意見書（曽我部真裕教授）,につき、大石眞『憲法概論Ⅱ』(有斐閣、令和3年)254 頁以下(より詳細には、同「日本国憲法と宗教法人税制」宗教法22号(平成15年) 19頁(同 『権利保障の諸相』(三省堂、平成26年)所収))、市川正人 『ケースメソッド憲法
論文（雑誌掲載）,田近肇,日本型政教分離とその課題,宍戸常寿=林知更(編),1,1,I0000123,県知事の公務での護国神社参拝取りやめをー政教分離原則の違反を問うー,甲18（稲正樹意見書）,媛玉串料訴訟判決は、このことを示すものであるともいえよう74」。 73 田近肇「日本型政教分離とその課題」宍戸常寿=林知更(編)『総点検 日本国憲法の70年』 (岩波書店・2018年)117-125頁、123-124頁。 74
論文（雑誌掲載）,,日本学術会議会員候補者の推薦について(進達),(府日学第1243号・令和2年8月31日),1,1,I0000146,「学術会議の独立性」を市民で守ろう ～会員任命拒否理由の情報公開訴訟～,甲A87 意見書（早川和宏）,氏名が示されている。また、6頁では、日本学術会議会長から内閣総理大臣に宛てられた「日本学術会議会員候補者の推薦について(進達)」(府日学第1243号・令和2年8月31日)が添付されており、7頁~13頁にその別添として、「日本学術会議会員候補者推薦書
論文（雑誌掲載）,,日本母性保護産婦人科医会提言女性の権利を配慮した母体保護法改正の問題点―多胎減数手術を含む―,"『日 母産婦人科医報』52巻 5号, 2000.5, 付録 pp.2-4、『読売新聞』2",1,1,I0000132,「わたしの体は母体じゃない」訴訟,甲25：優生保護法から母体保護法へー平成８年改正以降,"147回国会参議院本会議録第3号,平12.2.1, pp.3-4, 9. 57 「日本母性保護産婦人科医会提言 女性の権利を配慮した母体保護法改正の問題点―多胎減数手術を含む―」『日 母産婦人科医報』52巻 5号, 2000.5, 付録 pp.2-4、『読売新聞』2000.3.27、『朝日新聞』2"
論文（雑誌掲載）,二宮周平,日本民法の展開(3)判例の法形成〜内縁,広中俊雄・星 野英一編『民法典の百年I』(有斐閣、1998),1,1,I0000031,結婚の自由をすべての人に訴訟（同性婚訴訟）,二宮周平先生 意見書　※民法学者による本件についての意見,、 学説は、準婚理論を形成し、こうした保護の展開を支えてきた(詳細 は、二宮周平「日本民法の展開 (3) 判例の法形成〜内縁」広中俊雄・星 野英一編『民法典の百年I』(有斐閣、1998)341 頁以下)。このよう に、現実の家族共同生活の存在を根
論文（雑誌掲載）,,日本産児調節連盟宣言及規約,(昭和6年),1,1,I0000132,「わたしの体は母体じゃない」訴訟,甲19：旧優生保護法に基づく優生手術等を受けた者に対する一時金の支給等に関する法律第21条に基づく調査報告書（抜粋）,"、強度かつ 悪質なものに限定していたのと対照的である(付表2参照)。 111 「日本産児調節連盟宣言及規約」(昭和6年)(『編集復刻版性と生殖の人権問題資料集成 第6巻』不二出版, 2001, p.183.) 第1編-97 つ"
論文（雑誌掲載）,,日本行政法における比例原則の機能に関する覚え書き――裁量統制との関係を中心に,政策科学21巻4号(2014年),1,1,I0000071,コロナ禍、日本社会の理不尽を問う（コロナ特措法違憲訴訟）【アーカイブ】,甲第５７号証：横大道聡先生　意見書,例原則の現代的意義と機能』(法律文化社、2010年)256-257頁、角松生 史「日本行政法における比例原則の機能に関する覚え書き――裁量統制との関係を中心に」 政策科学21巻4号(2014年) 191頁、高橋・前掲注(13) 17頁などを参照。 16 原田大樹「平等原則と比例原
論文（雑誌掲載）,,日母二十周年記念座談会,"日本母性保護医協会『二十周年記念誌』南山 堂, 1970, p.154, pp.189",1,1,I0000132,「わたしの体は母体じゃない」訴訟,甲19：旧優生保護法に基づく優生手術等を受けた者に対する一時金の支給等に関する法律第21条に基づく調査報告書（抜粋）,"した。この事件では、産院主夫婦が、 15 杉森司「あの頃の思い出」、森山豊ほか「日母二十周年記念座談会」日本母性保護医協会『二十周年記念誌』南山 堂, 1970, p.154, pp.189-191. 16 丸山直友「優生保"
論文（雑誌掲載）,,明文根拠を欠く基本的人権の保障,戸松秀典・野坂 泰司編『憲法訴訟の現状分析』(2012),1,1,I0000031,結婚の自由をすべての人に訴訟（同性婚訴訟）,【札幌】上告受理申立て理由書,IN CONTEXT 憲法』(有斐閣、201 0年)(甲A299)5~6頁、同「明文根拠を欠く基本的人権の保障」戸松秀典・野坂 泰司編『憲法訴訟の現状分析』(2012)年(甲A300)157頁、福嶋敏明「同性 婚と憲法」時の法令19
論文（雑誌掲載）,高柳眞三,明治前期における婚姻法の成立,(法律時報14巻 1号),1,1,I0000031,結婚の自由をすべての人に訴訟（同性婚訴訟）,【東京・第５回】証拠説明書１０（甲Ａ243から351-4）,いと感じるであろう」等と述べ ていた事実。 甲A34 9 高柳眞三「明治前期 における婚姻法の成 立」(法律時報14巻 1号) 写 1942(昭和17) 年1月 高柳眞三 -旧民法制定前の明治前期における婚姻の要件
論文（雑誌掲載）,藤井貞文,明治維新と神道精神,25頁,1,1,I0000123,県知事の公務での護国神社参拝取りやめをー政教分離原則の違反を問うー,甲51 招魂社の発生 津田勉,井貞文著『近世に於ける神祇思想』(春秋社松柏館、昭和十九年)。 (7) 藤井貞文「明治維新と神道精神」25頁(『神道百年史』第一巻 神道文化会 昭和四十三年)。 (8) 拙論『幕末長州藩に於ける招魂社の発生」一三三頁(「神
論文（雑誌掲載）,,昨今の流れ,等に言及の上(甲A第939号 証20ページ,1,1,I0000031,結婚の自由をすべての人に訴訟（同性婚訴訟）,【九州・第２回】被控訴人（被告）ら第１準備書面,の整備を立 法府に要請するものであることが明らかである。 また、札幌高裁判決は、「昨今の流れ」等に言及の上(甲A第939号 証20ページ)、「総合的に考慮」して、上記結論に至っているものの、 前記3(4)イで述べた
論文（雑誌掲載）,,時の法令,2010 号4頁,1,1,I0000131,夫婦別姓も選べる社会へ！訴訟,甲A014_辻村先生意見書（令和2年3月26日）,われ た。戸籍事務の取扱 (民法733条2項に該当する旨の証明書等)については、「時の法令」2010 号4頁以下参照。 続けられている7。 地方議会でも、三重県議会が「選択的夫婦別姓の法制化」を求める意見書を
論文（雑誌掲載）,,本堂毅「コロナ禍での財産制限にかかわる科学的知見の不定性,判例時報2464号(2021 年),1,1,I0000071,コロナ禍、日本社会の理不尽を問う（コロナ特措法違憲訴訟）【アーカイブ】,甲第５７号証：横大道聡先生　意見書,生産数を構成するため実効再生産数を低くする方策は無限にある」。そのため、「仮 「本堂毅「コロナ禍での財産制限にかかわる科学的知見の不定性」判例時報2464号(2021 年)118頁。なお、新型コロナウイルス感染症とは、感染症の予防及び感染症の患者に対す 2
論文（雑誌掲載）,,本条には、先の後者の観点、すなわち家族関係における自由と平等の実現が濃厚に現れている,(前掲木下智史ほか『新・コンメンタール憲法(第2版),1,1,I0000031,結婚の自由をすべての人に訴訟（同性婚訴訟）,【札幌】上告受理申立て理由書,う社会保障的な観点と、家族関係における自由と平等の実現という 観点がみられる」、「本条には、先の後者の観点、すなわち家族関係における自由と平等の 実現が濃厚に現れている」(前掲木下智史ほか『新・コンメンタール憲法(第2版)』〔甲 A148〕301~302頁)などとしており、上記見解を裏付け
論文（雑誌掲載）,,東京・赤ちゃん遺棄容疑の女性『事前相談受けた,院長『保護せず逮捕は遺憾』慈恵病 院」毎日新聞(地方版/熊本),1,1,I0000083,ベトナム人技能実習生リンさんの死体遺棄罪刑事事件【アーカイブ】,上告趣意書,状況の者に、死体の取り扱いにつき死体遺棄罪成立の余地が全くないほどの 40 「東京・赤ちゃん遺棄容疑の女性 『事前相談受けた』 院長『保護せず逮捕は遺憾』慈恵病 院」毎日新聞(地方版/熊本)2020年12月11日21頁。 52 完璧を求めるこ
論文（雑誌掲載）,,東北学院大学論集法律学,第42号(1993年3月),1,1,I0000046,在外選挙権確認訴訟【アーカイブケース】,甲４：外国の立法／特集在外投票制度,でに、中村英「[資 料〕 スイスの連邦事項選挙・国民投票・国民 発識」(その二)「東北学院大学論集 法律学」 第42号(1993年3月) 175頁以下がある。 政治的権利を有する在外スイス人とは、18 歳以上でスイスに住所を持た
論文（雑誌掲載）,小瀬保郎,権利保釈の制限,『捜査法大系 II 』217、22頁,1,1,I0000155,人質司法に終止符を！訴訟,訴状_20250324,について逃亡のおそれが強度であるかを実 証的に論じたものは何処にもない(小瀬保郎「権利保釈の制限」『捜査法大系 II 』217、22頁)。実証的研究は、むしろ犯罪の常習性や刑罰の厳しさなどと被告人 の逃亡のおそれとの間
論文（雑誌掲載）,,欧州人権裁判所に現れた家族,三木妙子ほか『家族・ジェンダーと法』(成文堂),1,1,I0000111,日米同性カップル在留資格訴訟  〜家族そろって日本で暮らすために〜【アーカイブ】,甲１０４　谷口洋幸先生意見書,相続分が不利に扱われたことについて争われた事件。 18 See.三木妙子2003「欧州人権裁判所に現れた家族」三木妙子ほか『家族・ジェンダーと法』(成文堂)。 19 申2016:157頁。 20 申2016:159頁。 8 #
論文（雑誌掲載）,,欧州統合に対する憲法的統制---リスボン条約判決,"自治研究91巻1号 *『ドイツの憲法判例 IV』(ドイツ憲法判例研究会編,信山社,2018年)",1,1,I0000151,「18歳未満にも選挙で応援する自由を」訴訟,甲４２：門田孝教授の意見書,"可」法学セミナー増刊・速報判例解説 12巻 2015年:「欧州統合に対する憲法的統制--- リスボン条約判決」自治研究91巻1号 *『ドイツの憲法判例 IV』(ドイツ憲法判例研究会編,信山社,2018年)に"
論文（雑誌掲載）,,欧州銀行同盟の設立に対する協力の憲法適合性(欧州銀行同盟判決),自治研究98巻2号 2023年:「拷問禁止に違反して得られた情報の証拠,1,1,I0000151,「18歳未満にも選挙で応援する自由を」訴訟,甲４２：門田孝教授の意見書,地における狩猟の受忍:シャサヌー判決」同上 2022年:「欧州銀行同盟の設立に対する協力の憲法適合性(欧州銀行同盟判決)」 自治研究98巻2号 2023年:「拷問禁止に違反して得られた情報の証拠
論文（雑誌掲載）,大西直樹=千葉真編,歴史のなかの政教分離,"(彩流 社,2006年)",1,1,I0000123,県知事の公務での護国神社参拝取りやめをー政教分離原則の違反を問うー,甲45 佐々木弘通「信教の自由・政教分離」,"(1996年)194頁以下 - 藤賞「政治構造と政教分離」 大西直樹=千葉真編 『歴史のなかの政教分離」(彩流 社,2006年)149頁以下 - 佐々木弘通「学界展望・憲法」国家学会雑誌111巻5・6号(1998年)153頁"
論文（雑誌掲載）,齋藤有紀子,母体保護法・人工妊娠中絶の現代的意味―問題を共有していくために―,齋藤有紀子編著『母体保 護法とわたしたち―中絶・多胎減数・不妊手術をめぐる制度と社会―』,1,1,I0000132,「わたしの体は母体じゃない」訴訟,甲146：旧優生保護法の歴史と問題,"声明 市民団体が発表」『朝日新聞』1996.6.21. - (84) 齋藤有紀子「母体保護法・人工妊娠中絶の現代的意味―問題を共有していくために―」齋藤有紀子編著『母体保 護法とわたしたち―中絶・多胎減数・不妊手術をめぐる制度と社会―』明石書店,2002, p.21."
論文（雑誌掲載）,今村定臣,母体保護法改正について,"『日本産婦人科医会報』63巻7号,2011.7, pp.1-2. 第1編-258",1,1,I0000132,「わたしの体は母体じゃない」訴訟,甲25：優生保護法から母体保護法へー平成８年改正以降,"med/teireikaiken/20101222_3.pdf> 61 今村定臣「母体保護法改正について」『日本産婦人科医会報』63巻7号,2011.7, pp.1-2. 第1編-258"
論文（雑誌掲載）,江島晶子,比例原則のグローバル化――人権の対話,比較法研究75号(2 013年),1,1,I0000071,コロナ禍、日本社会の理不尽を問う（コロナ特措法違憲訴訟）【アーカイブ】,甲第５７号証：横大道聡先生　意見書,が正当化されるのか(上)」法学教室462号(2019 年)78-81頁、江島晶子「比例原則のグローバル化――人権の対話」比較法研究75号(2 013年)214頁以下などを参照。 8 石川健冶「法制度の本質と比例原則の適用」棟居快行・工藤達朗
論文（雑誌掲載）,高橋明男,比例原則審査の可能性,法律時報1056号(2013年),1,1,I0000071,コロナ禍、日本社会の理不尽を問う（コロナ特措法違憲訴訟）【アーカイブ】,甲第５７号証：横大道聡先生　意見書,注(11)63、65頁、櫻井ほか・前掲注(11)25頁等も参照。 13 高橋明男「比例原則審査の可能性」法律時報1056号(2013年)19頁。 14 高橋・前掲注(13)19頁は、比例原則につき、「明文の法律上の規定がある
論文（雑誌掲載）,岡茂十郎,氏の性格,(同『親族法の特殊研究』(1950),1,1,I0000131,夫婦別姓も選べる社会へ！訴訟,甲A004_二宮先生意見書（平成23年12月5日）,する保育的共同体から成るとし、この両者の共通の呼称が氏であるとする(外 岡茂十郎「氏の性格」(同『親族法の特殊研究』(1950) 56 頁、於保不二雄「氏 と戸籍」法曹時報2巻5号(1950)215頁)。 - ②
論文（雑誌掲載）,川井健,氏名権の侵害,『現 代損害賠償法講座2』(日本評論社、1972),1,1,I0000131,夫婦別姓も選べる社会へ！訴訟,甲A004_二宮先生意見書（平成23年12月5日）,して、法律上の保護が与え られる」として、冒用を中心に氏名権の保護を論じ(川井健「氏名権の侵害」『現 代損害賠償法講座2』(日本評論社、1972) 223頁)、五十嵐教授は、「氏名権と は、自己の氏名の使用が他人を妨
論文（雑誌掲載）,,民事訴訟法の一部を改正する法律の概要(下),ジュリスト12 10号174ページ,1,1,I0000084,大川原化工機事件 〜無実で約１年勾留「人質司法」問題をただす〜【アーカイブ】,国：文書提出命令申立てに対する意見書,を得ること が困難になることなどの様々な弊害が生ずるおそれがある(深山卓也 ほか「民事訴訟法の一部を改正する法律の概要(下)」ジュリスト12 10号174ページ、武智克典「民事訴訟法の一部を改正する法律の 概要」・民事月報56巻10号34ページ)
論文（雑誌掲載）,石井友幸,民族生物学に就いて,"『唯物論研究』48号,1936.10, pp.647, 649. 46 石井友幸「優生学",1,1,I0000132,「わたしの体は母体じゃない」訴訟,甲47：国民優生法の制定過程,"生学について」『唯物論研究』20号,1934.6, p.863. 45 石井友幸「民族生物学に就いて」『唯物論研究』48号,1936.10, pp.647, 649. 46 石井友幸「優生学批判」『生物学と唯物弁証法』彰考"
論文（雑誌掲載）,日本民族衛生協会,民族衛生振興の建議,"『民族衛生』5巻, 1936.7.5, pp.401-411. 33 厚生省予防局「民族",1,1,I0000132,「わたしの体は母体じゃない」訴訟,甲47：国民優生法の制定過程,"のである。今日の科学や医学の知識或は其経験丈けで不能を 32 日本民族衛生協会「民族衛生振興の建議」『民族衛生』5巻, 1936.7.5, pp.401-411. 33 厚生省予防局「民族優生制度案要綱に就て」内務大臣官"
論文（雑誌掲載）,,民法733条1項‧750条の憲法適合性判断,(判例時報 2284号53頁,1,1,I0000131,夫婦別姓も選べる社会へ！訴訟,【札幌】20250120_証拠説明書（Ａ７）学説書面_甲A162-194,ること等。 甲A193 「民法733条1項‧ 750条の憲法適合 性判断」(判例時報 2284号53頁) (写し) 建石真公子 2016年 建石真公子教授は、「婚
論文（雑誌掲載）,内田貴,民法V親族・相続〔補訂版〕,(東京大学出版会、2004年),1,1,I0000031,結婚の自由をすべての人に訴訟（同性婚訴訟）,【札幌】上告受理申立て理由書,頁、大村敦志『家族法〔第3版〕』(有斐閣、2010年)133~ 134頁、内田貴『民法V 親族・相続〔補訂版〕』(東京大学出版会、2004年)75 頁、本山敦「結婚の条件と婚姻の要件」法学セミナー605号(2005年)106頁、 松
論文（雑誌掲載）,,民法と行政法における違法性と救済手段の違いと統一の必要性一建築紛争を中心として一,都市住宅学38号 (2002年夏号),1,1,I0000071,コロナ禍、日本社会の理不尽を問う（コロナ特措法違憲訴訟）【アーカイブ】,甲第６０号証の１：阿部泰隆先生　意見書,家法』(信山社、2000年)による。 - 都市住宅学会賞・著作賞(2004年) 「民法と行政法における違法性と救済手段の違いと統一の 必要性一建築紛争を中心として一」都市住宅学38号 (2002年夏号) 41-47頁による。 - 公共政策学会賞作品賞(2004年) 『政策法学講座』(第
論文（雑誌掲載）,,民法典の注意深き予見にも拘はらず、(中略)無効婚の列挙から漏れたものが出て来た,(甲A第218号証214ページ,1,1,I0000031,結婚の自由をすべての人に訴訟（同性婚訴訟）,【東京・第１０回】被告第６準備書面,ージ)、これらの文献は、いずれも明治民法制定後に出版されたものであって、同性婚を「民法典の注意深き予見にも拘はらず、(中略)無効婚の列挙から漏れたものが出て来た」(甲A第218号証214ページ)と捉えて、明治民法制定後に同性婚を当然無効と解することにしたとの見解を示すものにすぎず、
論文（雑誌掲載）,,民法改正に関する問題点(下),ジュリスト 98号(1956),1,1,I0000131,夫婦別姓も選べる社会へ！訴訟,甲A004_二宮先生意見書（平成23年12月5日）,うような意識がある、夫婦異姓は、父権主義の本陣をつくことだと思うと述べ ている(「民法改正に関する問題点(下)」ジュリスト 98号(1956)17頁〔中 川善之助〕)。 中川が夫婦同氏を父権主義の視点から批判したのに対して、加藤一郎
論文（雑誌掲載）,,民法改正論余話,ジュリスト936号95頁,1,1,I0000131,夫婦別姓も選べる社会へ！訴訟,【札幌】20240308_訴状,川善之助「『民法改正案意見書』異見」法律タイムズ7号13頁1947年、甲A2・同「民法改正論余話」ジュリスト936号95頁1989年)。 その後、選択的夫婦別氏制度を求める声の高まりを受けて1996(平成8)年には選択
論文（雑誌掲載）,赤嶺政信,沖縄における祖先祭祀の成立,『宗教研究』第71巻312、1997年、55頁,1,1,I0000076,「琉球人のご先祖の遺骨返還を」訴訟【アーカイブ】,甲35,"t Britain; Guernsey, 1989, p.34. 25 赤嶺政信「沖縄における祖先祭祀の成立」『宗教研究』第71巻312、1997年、55頁-70頁参照。赤嶺は、沖縄の「祖先崇拝」は古琉球社会から近世的身分制度の確"
論文（雑誌掲載）,,沖縄の仏教受容とシャーマン的職能者,『宗教研究』、第71巻312、1997年、158-159頁,1,1,I0000076,「琉球人のご先祖の遺骨返還を」訴訟【アーカイブ】,甲35,"容されたわけではなく、在来の祖霊観や死霊観、神観念と結んで受容された」とされる(「沖縄の仏教受容とシャーマン的職能者」、『宗教研究』、第71巻312、1997年、158-159頁)。 10 See, Joseph M. Kitagawa,"
論文（雑誌掲載）,川平昌晄,沖縄の家族計画運動をかえりみる,(『健康社会を創る一財団法人沖縄県予防医学 協会15周年記念誌』財団法人沖縄県予防医学協会、1978年),1,1,I0000076,「琉球人のご先祖の遺骨返還を」訴訟【アーカイブ】,甲31,沖縄 の家族計画」 沖縄家族計画協会、1969年)、16頁。 (16) 川平昌晄「沖縄の家族計画運動をかえりみる」 (『健康社会を創る一財団法人沖縄県予防医学 協会15周年記念誌』財団法人沖縄県予防医学協会、1978年)、77頁。 3
論文（雑誌掲載）,,沖縄学の展開のために,『沖縄学の課題』、木耳社、1972年、3頁,1,1,I0000076,「琉球人のご先祖の遺骨返還を」訴訟【アーカイブ】,甲35,。この石や木の象徴については次章でまた考察することになるだろ 15 谷川健一、「沖縄学の展開のために」、『沖縄学の課題』、木耳社、1972年、3頁。 16 たとえば、芸能と宗教的要素との関係に関しては、大城学「長者の大主考
論文（雑誌掲載）,金関丈夫,沖縄県那覇市外城嶽貝塚より発見せる人類大腿骨に就いて,『人類学雑誌』44(6),1,1,I0000076,「琉球人のご先祖の遺骨返還を」訴訟【アーカイブ】,甲15,"(https://honetori.exblog.jp/)。 (39) 金関丈夫「沖縄県那覇市外城嶽貝塚より発見せる人類大腿骨に就いて」『人類学雑誌』44(6), 1929. (40) 金関・前掲「琉球人の人類学的研究」p.14. (41) 金関丈夫博士古"
論文（雑誌掲載）,安達義弘,沖縄社会における祖先崇拝と自己アイデンティティの構築,『宗教研究』第71巻312、1997年、81頁,1,1,I0000076,「琉球人のご先祖の遺骨返還を」訴訟【アーカイブ】,甲35,成立以前からの諸共同体の宗教的伝統を背景にして成立するのである。 27 安達義弘「沖縄社会における祖先崇拝と自己アイデンティティの構築」『宗教研究』第71巻312、1997年、81頁。 28 この歴史的現在の神話化ということは、先に述べた聖俗が二元的に明確
論文（雑誌掲載）,木村草太,法の下の平等,南野森編『 憲法学の 世界』 １ ７７ 頁,1,1,I0000031,結婚の自由をすべての人に訴訟（同性婚訴訟）,【東京・二次】上告理由書第二分冊,地、 移動、 結婚が 制限さ れた 身分制の 廃止を 原点と し （ 木村草太「 法の 下の 平等」 南野森編『 憲法学の 世界』 １ ７７ 頁（ ２ ０ １ ３ 年））、 憲法も １ ４条２ 項で 身分制を 廃し て
論文（雑誌掲載）,,法の欠缺,と捉え(広中俊雄『民法解釈方法に関 する十二講』(有斐閣、1997),1,1,I0000067,「同性パートナーにも犯罪被害の遺族給付金を」訴訟,第10準備書面,勢を正確に認識すれば、こうした解釈こそ求められている。 同性婚規定がない現状を「法の欠缺」と捉え(広中俊雄『民法解釈方法に関 する十二講』(有斐閣、1997)31頁)、内縁=事実婚としての法的保護 を導き出す解
論文（雑誌掲載）,,法の表現理論,をめぐる議論状況-」早稲田法学会誌 54巻 215 頁,1,1,I0000031,結婚の自由をすべての人に訴訟（同性婚訴訟）,【東京二次・第8回】原告第17準備書面（憲法24条2項）,「法・ 政府行為の表現的次元とその問題性に関する一考察-アメリカ合衆国における 「法の表現理論」をめぐる議論状況-」早稲田法学会誌 54巻 215 頁(2004) ・2 18頁~221頁)。 アメリカのカリフォルニア
論文（雑誌掲載）,,法を創る力としての国民的基盤:震災報道と原子力賠償を例として,大村敦志編『岩波講 座・現代法の動態5:法の変動の担い手』岩波書店 65-99頁,1,1,I0000117,立候補年齢引き下げ訴訟,甲B76：齋藤宙治「被選挙権年齢引下げに関する人々の意識ーサーベイ実験による法定立候補年齢の研究ー」,) 『社会科学の理論とモデル7: 法律』東京大学出版会. 太田勝造(2015) 「法を創る力としての国民的基盤:震災報道と原子力賠償を例として」大村敦志編『岩波講 座・現代法の動態5:法の変動の担い手』岩波書店 65-99頁. Call4(2024)「立候補年齢引
論文（雑誌掲載）,福嶋敏明,法・政府行為の表現的次元とその問題性に関する一考察-アメリカ合衆国における「法の表現理論,をめぐる議論状況-」 早稲田法学会誌54巻 215 頁,1,1,I0000031,結婚の自由をすべての人に訴訟（同性婚訴訟）,【東京二次・第8回】証拠説明書17,395 福嶋敏明「法・政府行 為の表現的次元とその 問題性に関する一考察 -アメリカ合衆国にお ける「法の表現理論」 をめぐる議論状況-」 早稲田法学会誌54巻 215 頁~264 頁(2004) 2004年 写
論文（雑誌掲載）,,法制度の不備を補うために社会的に広がってきた慣習を、制度化することで法制度の不備を補うというのは、議論としては筋が悪い,(甲A29・「夫婦の氏とデモクラシー」法律時報94巻6号48頁,1,1,I0000131,夫婦別姓も選べる社会へ！訴訟,【札幌】20240308_訴状,定できない」と認めているところである。江藤祥平准教授も、旧姓の通称使用について、「法制度の不備を補うために社会的に広がってきた慣習を、制度化することで法制度の不備を補うというのは、議論としては筋が悪い」(甲A29・「夫婦の氏とデモクラシー」法律時報94巻6号48頁2022年)と指摘している。 (5)夫婦間の自由かつ平等
論文（雑誌掲載）,安福達也,法律上の争訟性をめぐる裁判例と問題点(上),(判 例タイムズ1334号),1,1,I0000080,地方議会に横行する「少数派議員潰し」に立ち向かう訴訟【アーカイブ】,土屋訴訟・甲第40〜53号証,"694 号,最新判例演習室一憲法)128頁などを参照。 (7) その他、安福達也「法律上の争訟性をめぐる裁判例と問題点(上)」(判 例タイムズ1334号)33頁~34頁も参照。 中京法学54巻3・4号(2020年) (271)555 た懲罰決議"
論文（雑誌掲載）,,法律上の利益,概念との関係を踏まえて」(自治研究84巻10号3頁,1,1,I0000121,神戸石炭訴訟｜気候変動と大気汚染を防ぐため、石炭火力発電所新設は取り消しを！【アーカイブ】,控訴理由書｜2021年5月17日,律上の利益」に関係のない違法の主張制限(下) 一二○○四年改正法による原告適格の「法律上の利益」概念との関係を踏まえて」(自治研究84巻10号3頁、4頁。宇賀克也『行政法概説(第6版)』(有斐閣・2018年)254頁
論文（雑誌掲載）,古屋芳雄,法律制定は慎重に一熱意を起こすのが先決,(当間重剛編『昭和44年度版 沖縄 の家族計画」 沖縄家族計画協会、1969年),1,1,I0000076,「琉球人のご先祖の遺骨返還を」訴訟【アーカイブ】,甲31,がつづいている。日米両政府とも同協定を改正しようと しない。 (15) 古屋芳雄「法律制定は慎重に一熱意を起こすのが先決」(当間重剛編『昭和44年度版 沖縄 の家族計画」 沖縄家族計画協会、1969年)、16頁。 (16) 川平昌晄「沖縄の家
論文（雑誌掲載）,金澤文雄,法的に空虚な領域の理論―ヒルシュ・山中批判に答えて,『法の理論3』(成文堂・1983),1,1,I0000132,「わたしの体は母体じゃない」訴訟,甲175：小西意見書,る姦通罪廃止 の系譜を参照している。 37 奥平、同上、10頁。 38 金澤文雄「法的に空虚な領域の理論―ヒルシュ・山中批判に答えて」『法の理論3』(成文堂・1983)1頁以下、同、前掲注13、98 頁。 39 アルトゥール・カウフマン (著) 上田健二
論文（雑誌掲載）,,法社会学が目指すところは?,法学教室491号62-66頁,1,1,I0000117,立候補年齢引き下げ訴訟,甲B76：齋藤宙治「被選挙権年齢引下げに関する人々の意識ーサーベイ実験による法定立候補年齢の研究ー」,をめぐる一般人の法意識」法社会学84号203-240頁. 齋藤宙治(2021) 「法社会学が目指すところは?」法学教室491号62-66頁. 齋藤宙治(2022) 『子どもと法―子どもと大人の境界線をめぐる法社会学』東京大学出版会
論文（雑誌掲載）,,深甚な害悪を及ぼす,(安西文雄ほか『憲法学読本 第3版』(有斐閣、2018年),1,1,I0000064,「セックスワークにも給付金を」訴訟 【アーカイブ】,控訴理由書,定め方』(有斐閣、2017年)100 頁)とする疑いが強く、対象のマイノリティに「深甚な害悪を及ぼす」(安西文雄ほか『憲法学読本 第3版』(有斐閣、2018年)107 頁〔安西文雄〕)から、その合理性を慎重に審査する必要が
論文（雑誌掲載）,,渡辺洋三「戦後の家族制度論争,法学セミナー17号 (1957),1,1,I0000031,結婚の自由をすべての人に訴訟（同性婚訴訟）,【大阪・第５回】証拠説明書５（甲A227から307）,く存在 「していたこと。 【意見書19頁】 甲A 239- 45 「渡辺洋三「戦後の家族制度 論争」法学セミナー17号 (1957)67頁 写し 1957年 (昭和 32年) 渡辺洋三 「渡辺洋三教授が、「
論文（雑誌掲載）,,無視しえないほど深刻なものである,と指摘 している(乙A第26号証65、77ページ,1,1,I0000128,人種差別的な職務質問をやめさせよう！訴訟｜#STOPレイシャルプロファイリング,準備書面（４）_被告国,ころ、「吉村2020」は、かかる自己選択を規定する要因 がもたらす影響について、「無視しえないほど深刻なものである」と指摘 している(乙A第26号証65、77ページ)。 さらに、ウェブ調査は回答率が低く、これが偏りをもたらしている可 能
論文（雑誌掲載）,,父兄宛書簡,(『日本思想大系』書簡二四二 岩波書店 一九七八年),1,1,I0000123,県知事の公務での護国神社参拝取りやめをー政教分離原則の違反を問うー,甲51 招魂社の発生 津田勉,作あて」書簡(『久坂玄瑞遭暴』、一坂太郎著、東行庵発行、一九九四年)。 (30)「父兄宛書簡」(『日本思想大系』書簡二四二 岩波書店 一九七八年)。 (33) 田中助一著『吉田松陰の墓と松陰神社】22頁・17頁(松
論文（雑誌掲載）,近藤敦,特別永住者のNationalOriginに基づく差別,『国際人権』17号(2006年),1,1,I0000135,難民帰化訴訟〜真に社会の一員へ〜,甲36・意見書,"員会・総括所見(2001), CERD/C/304/Add.79. 15 近藤敦「特別永住者の National Origin に基づく差別」『国際人権』17号(2006年) 76-83頁。 16 Afroyim v. Rusk, 387 U.S. 253 (1"
論文（雑誌掲載）,,珍しくない、弁護士によるSOGIハラ,季刊刑事弁護89号 34頁,1,1,I0000031,結婚の自由をすべての人に訴訟（同性婚訴訟）,【東京・第５回】証拠説明書１０（甲Ａ243から351-4）,法案が検討・議論されて 「いないことを証明する)。 甲A24 7 「珍しくない、弁護 士によるSOGIハラ」 季刊刑事弁護89号 34頁 写 2017年(h29) 現代人文 社 法律家においても、同性愛に対する誤った偏
論文（雑誌掲載）,廣嶋清志,現代日本人口政策史小論(2)—国民優生法における人口の質政策と量政策―,"『人口問題研究』160 号,1981.10, pp.62-63. 第1編-26 第1章",1,1,I0000132,「わたしの体は母体じゃない」訴訟,甲47：国民優生法の制定過程,"務厚生時報』3巻12号, 1938.12, pp.48-49. 126 廣嶋清志「現代日本人口政策史小論(2)—国民優生法における人口の質政策と量政策―」『人口問題研究』160 号,1981.10, pp.62-63. 第1編-26 第1章 国民優生法の制定過程 断種"
論文（雑誌掲載）,,現行の婚姻制度類似の法制度,(東京2次地裁判 決・甲A第691号証41ページ,1,1,I0000031,結婚の自由をすべての人に訴訟（同性婚訴訟）,【大阪・第６回】被控訴人第２準備書面,同性間の人的結合に関する制度」(福岡地裁判決・甲A第652号 証37ページ)又は「現行の婚姻制度類似の法制度」(東京2次地裁判 決・甲A第691号証41ページ)も選択肢に含めた法制度の構築が憲 法24条2項により要請されている旨判
論文（雑誌掲載）,大浜啓吉,理由の提示(2)一旅券発給拒否,(『同1・第5版』),1,1,I0000080,地方議会に横行する「少数派議員潰し」に立ち向かう訴訟【アーカイブ】,土屋訴訟・甲第40〜53号証,"原昌三郎「理由付記」(『行政判例百選Ⅱ・第2版』)266頁~267頁, 大浜啓吉「理由の提示 (2) 一旅券発給拒否」(『同1・第5版』)252頁~ 253頁,折橋洋介 「理由の提示(3)一旅券発給拒否」(『(同1・第7版』) 244頁~"
論文（雑誌掲載）,折橋洋介,理由の提示(3)一旅券発給拒否,(『(同1・第7版』),1,1,I0000080,地方議会に横行する「少数派議員潰し」に立ち向かう訴訟【アーカイブ】,土屋訴訟・甲第40〜53号証,"示 (2) 一旅券発給拒否」(『同1・第5版』)252頁~ 253頁,折橋洋介 「理由の提示(3)一旅券発給拒否」(『(同1・第7版』) 244頁~245頁などを参照。 (33) 熊本信夫「個人タクシー事業の免許申請の審査と公正手続一"
論文（雑誌掲載）,市原昌三郎,理由付記,(『行政判例百選Ⅱ・第2版』),1,1,I0000080,地方議会に横行する「少数派議員潰し」に立ち向かう訴訟【アーカイブ】,土屋訴訟・甲第40〜53号証,"た場合には、 その司法審査を積極的に行うべきものと言える。 (32) 市原昌三郎「理由付記」(『行政判例百選Ⅱ・第2版』)266頁~267頁, 大浜啓吉「理由の提示 (2) 一旅券発給拒否」(『同1・第5版』)2"
論文（雑誌掲載）,金関丈夫,琉球の旅,『歴史と地理』 24 (6),1,1,I0000076,「琉球人のご先祖の遺骨返還を」訴訟【アーカイブ】,甲15,"東亜諸民族の人類学」『形質人類誌』法政大学出版局,1978. (31) 金関丈夫「琉球の旅」『歴史と地理』 24 (6), 1929, p.99. (32) 寺田・前掲『日本の人類学』p.214. (33) 三宅"
論文（雑誌掲載）,金関,琉球人の人類学的研究,p.14. (37),1,1,I0000076,「琉球人のご先祖の遺骨返還を」訴訟【アーカイブ】,甲15,"3] のように示す。 「はしがき」は [琉球0] とする。 (36) 金関・前掲「琉球人の人類学的研究」p.14. (37) 『京都大学百年史部局史編1』1997, p.760. (38) 詳細は「人骨問題を考える連続学習会"
論文（雑誌掲載）,許鴻梁,琉球人頭骨/人類學的研究,(『国立臺灣大學解剖學研究室論文集第二冊』1948年),1,1,I0000076,「琉球人のご先祖の遺骨返還を」訴訟【アーカイブ】,甲31,"上論文、37頁。 (19) 同上論文、37~39頁。 (22) (20) 許鴻梁「琉球人頭骨/人類學的研究」(『国立臺灣大學解剖學研究室論文集第二冊』1948年)、 227頁。 (21) 同上論文、228頁。 422 94, 1"
論文（雑誌掲載）,小野直子,生殖をめぐる「知,"を誰が担うのか」『生物学史研究』95号,2017.6, p.69. 詳細につき同「アメリ",1,1,I0000132,「わたしの体は母体じゃない」訴訟,甲146：旧優生保護法の歴史と問題,"はど こへ向かうのか―』講談社, 2000, p.34. - (22) 小野直子「生殖をめぐる「知」を誰が担うのか」『生物学史研究』95号,2017.6, p.69. 詳細につき同「アメリカ 合衆国における優生断種の開始"
論文（雑誌掲載）,,生殖関係なき異性婚と同性婚の区別の合憲性一大阪地裁令和4年6月20日判決,法律 時報94巻10号4頁,1,1,I0000031,結婚の自由をすべての人に訴訟（同性婚訴訟）,【九州・第１１回】証拠説明書２２(甲A542から551),れていること。 550 「生殖関係なき異性婚 と同性婚の区別の合憲 性一大阪地裁令和4年 6月20日判決」法律 時報94巻10号4頁 写し 2022年8月 木村草太
論文（雑誌掲載）,三宅雄彦,生活パートナーシップ法の合憲性,ドイツ憲法判例研究会編『ドイツの憲法判例Ⅲ』(信山社、2008 年),1,1,I0000031,結婚の自由をすべての人に訴訟（同性婚訴訟）,【札幌】上告受理申立て理由書,。前掲アンドレア ス・フォスクーレ「講演憲法の変遷とその限界」8~9頁、三宅雄彦「生活パートナー シップ法の合憲性」ドイツ憲法判例研究会編『ドイツの憲法判例Ⅲ』(信山社、2008 年)191頁参照。 97 「一夫一婦ノ原則ハ、私個人ノ考
論文（雑誌掲載）,渡邉泰彦,生活パートナーシップ法条文仮訳,東北学院大学法学政治学研究所紀要13号(2005),1,1,I0000031,結婚の自由をすべての人に訴訟（同性婚訴訟）,渡邉泰彦先生 意見書,"枠組みは維持されている。2004年改正法、2001年法の規定については、渡邉泰彦「生活パートナーシップ法条文仮訳」東北学院大学法学政治学研究所紀要13号(2005) 113頁を参照。 (14) BVerfGE 105, 313ff."
論文（雑誌掲載）,,田中通裕「注釈・フランス家族法(1),法 と政治61巻3号(2010),1,1,I0000031,結婚の自由をすべての人に訴訟（同性婚訴訟）,【大阪・第５回】証拠説明書５（甲A227から307）,「きものとされたこと。 【意見書14頁】 甲A 239- 32 「田中通裕「 注 釈・フランス家族法(1)」法 と政治61巻3号(2010) 267頁参照 写し 2010年 田中通裕 甲A211-31でいう診断 「
論文（雑誌掲載）,,町村総会を否定的にとらえるものはほとんど存在,しない (甲B68:林紀行「二元代表制における地方議会の役割と町村総会」法政論叢 55巻1号(2019年),1,1,I0000117,立候補年齢引き下げ訴訟,第8準備書面,うに町村総会は、住民自治理念を実現する手段として憲法上の保障を 受ける。学説上も「町村総会を否定的にとらえるものはほとんど存在」しない (甲B68:林紀行「二元代表制における地方議会の役割と町村総会」法政論叢 55巻1号(2019年)・208頁)。
論文（雑誌掲載）,,異性又は同性の二人の者は、婚姻をすることができる,との規定の新設を提案した(甲A51・日本家族〈社会と法〉学会『家族〈社会と法〉』(日本加除出版、2017),1,1,I0000031,結婚の自由をすべての人に訴訟（同性婚訴訟）,【九州・第１１回】原告ら第２７準備書面　（社会事実の変化等について９　総まとめ）,ポジウム「家族法改正―その課題と立法提案」において、「同性婚制度の導入」として、「異性又は同性の二人の者は、婚姻をすることができる」との規定の新設を提案した(甲A51・日本家族〈社会と法〉学会『家族〈社会と法〉』(日本加除出版、2017)98~99頁)
論文（雑誌掲載）,西村枝美,白山ひめ神社訴訟上告審判決,平成22年度重要判例解説・ジュリスト1420号(2011 年),1,1,I0000123,県知事の公務での護国神社参拝取りやめをー政教分離原則の違反を問うー,甲18（稲正樹意見書）,、最一小判2010(平成22)年7月22日判時2087号26頁。 16 西村枝美「白山ひめ神社訴訟上告審判決」平成22年度重要判例解説・ジュリスト1420号(2011 年)17-18頁。 17 大林文敏「 神社の大祭奉賛会発会式へ
論文（雑誌掲載）,鈴木康之,相互保証,村重慶一編『裁判実務大系 18巻(国家賠償訴訟),1,1,I0000054,ネパール人取調べ中死亡国賠訴訟事件【アーカイブ】,一審原告第５準備書面,釈できたとしても、今日の時点では 違憲状態になっているのである。 49 鈴木康之「相互保証」村重慶一編『裁判実務大系 18巻(国家賠償訴訟)』(青林書院、 1987年)76頁。 50 裁判例の態度に対する批判とし
論文（雑誌掲載）,,着衣等が汚れていたり、血痕等が付着している者,等の指導内容 も示している(乙A12号証の1・1・3・4ページ,1,1,I0000128,人種差別的な職務質問をやめさせよう！訴訟｜#STOPレイシャルプロファイリング,準備書面（３）_被告国,官の姿を見て、不自然な動作、言動等を示す者」「周囲の状況に合わない挙 動不審者」「着衣等が汚れていたり、血痕等が付着している者」等の指導内容 も示している(乙A12号証の1・1・3・4ページ)。 ### (3) 小括 このように、警察庁長官は、警察
論文（雑誌掲載）,,研究会・新民事訴訟法をめぐって(17),ジュリ1125号 (1997年),1,1,I0000160,刑務所での強制ひげ剃りと懲罰 ～医師の所見を無視した処遇の違法性を問う手書き裁判～【アーカイブ】,文書提出命令申立てに対する意見書,2) 京都シミュレーション新民事訴訟研究会・前掲注(15)11頁。竹下守夫ほか 「研究会・新民事訴訟法をめぐって(17)」 ジュリ1125号 (1997年)(以下「研究会 (17)」という。) 126頁〔伊藤眞発言〕。 (23) 三木・前掲注
論文（雑誌掲載）,松本和彦,社会保障立法の平等をめぐる事例分析,法学セミナー772号68頁,1,1,I0000129,「共働き妻を亡くした夫にも遺族年金を」訴訟,甲33　大阪大学　松本和彦先生　意見書（憲法）,別はいつ悪質になるのか』 54頁(法政大学出版局、2018年)。 18 松本和彦「社会保障立法の平等をめぐる事例分析」法学セミナー772号68頁(2019 年)参照。 13 (3)立法と司法の相違 労災保険法16条の2は、遺族のうち妻だ
論文（雑誌掲載）,佐々木弘通,神社大祭の奉賛会発会式への市長の出席・祝辞と政教分離,平成20年度重要判例 解説・ジュリスト1376号(2009年),1,1,I0000123,県知事の公務での護国神社参拝取りやめをー政教分離原則の違反を問うー,甲18（稲正樹意見書）,自由」の法理』(岩波書店・2019年)の第3部第6章に収録。 19 佐々木弘通 「神社大祭の奉賛会発会式への市長の出席・祝辞と政教分離」平成20年度重要判例 解説・ジュリスト1376号(2009年) 16-17頁。 20 稲正樹「岩手靖国違憲訴訟の概要」岩
論文（雑誌掲載）,滝沢武久,福祉法制度改正とソーシャルアクション―優生保護法改正のプロセス分析―,"『日本社会事業大学社会 事業研究所年報』35号, 1999, p.137. 36 『毎日",1,1,I0000132,「わたしの体は母体じゃない」訴訟,甲25：優生保護法から母体保護法へー平成８年改正以降,"1996.5.29 34 『朝日新聞』夕刊,1996.5.29 35 滝沢武久「福祉法制度改正とソーシャルアクション―優生保護法改正のプロセス分析―」『日本社会事業大学社会 事業研究所年報』35号, 1999, p.137. 36 『毎日新聞』1996.6.5 37 清"
論文（雑誌掲載）,宇賀克也,立法と国家賠償,『条解国家賠償法』203頁,1,1,I0000030,「海外でも国民審査を」訴訟【アーカイブ】,上告受理申立理由書,国家賠償請求が認容される場合を狭く解しすぎていることを 批判している」(宇賀克也「立法と国家賠償」『条解国家賠償法』203頁)と評さ れている。たとえば、西埜章教授は、「立法裁量の範囲が広いことは否めないに しても、立
論文（雑誌掲載）,戸波江二,立法の不作為の違憲確認,芦部信喜編『講座憲法訴訟・第1巻』(有斐閣1987 年),1,1,I0000046,在外選挙権確認訴訟【アーカイブケース】,甲２１：「在外日本人の選挙権行使と立法の不作為」と題する意見書,井・前掲(14)166頁。 (18)野中・前揭(15)83頁。 (19)戸波江二「立法の不作為の違憲確認」芦部信喜編『講座憲法訴訟・第1巻』(有斐閣1987 年)376頁。 (20)佐藤幸治『憲法(第3版)』(青林書院1995
論文（雑誌掲載）,興津征雄,立法不作為の救済手段としての確認訴訟一最高裁令和4年5月25日大法廷判決(国民審査権訴訟)をめぐって,ジュリスト 1576号112~117頁,1,1,I0000117,立候補年齢引き下げ訴訟,証拠説明書6（甲B72~甲B75）,等。 甲B73 興津征雄「立法不作 為の救済手段とし ての確認訴訟一最 高裁令和4年5月 25日大法廷判決(国 民審査権訴訟)をめ ぐって」ジュリスト 1576号112~117頁 写 し 2022年10 月 興津
論文（雑誌掲載）,,立法府は、同性間の婚姻及び家族に関する事項を定めるについて、広範な立法裁量を有していると解するのが相当である。,(甲A第401号証19ページ,1,1,I0000031,結婚の自由をすべての人に訴訟（同性婚訴訟）,【東京・第９回】被告第５準備書面,象とする婚姻を定める制度を想定していないと解すべきことが何ら考慮されていないし、「立法府は、同性間の婚姻及び家族に関する事項を定めるについて、広範な立法裁量を有していると解するのが相当である。」(甲A第401号証19ページ)と判示しながら、憲法14条1項の適合性判断においては、当該立法裁量との関係についての具体的
論文（雑誌掲載）,渡辺康行,立法者による制度形成とその限界,法政研究 76巻3号 249頁,1,1,I0000106,本人の意思を無視して日本国籍を一方的にはく奪する「国籍法11条1項は違憲」訴訟,【訴訟１】甲１２１髙佐智美教授意見書「国籍法 11条 1項の憲法及び国際法規適合性について」,・前掲注39）174頁以下。 41 小山・前掲注39）178頁以下、渡辺康行「立法者による制度形成とその限界」法政研究 76巻3号 249頁（2009年）。 12 決が挙げられる 42 。周知の通り、 2008年大法廷判決は、
論文（雑誌掲載）,藤井樹也,立法者の努力を評価する司法判断,戸松秀典=野坂泰司編『憲法 訴訟の現状分析』(有斐閣、2012年),1,1,I0000123,県知事の公務での護国神社参拝取りやめをー政教分離原則の違反を問うー,甲39 安西文雄「国家と宗教」,樋口陽 一編『危機の憲法学』(弘文堂、2013年)229頁。 (23) 藤井樹也「立法者の努力を評価する司法判断」戸松秀典=野坂泰司編『憲法 訴訟の現状分析』(有斐閣、2012年)406頁。 (24) 佐々木・前揭注(16)98頁。
論文（雑誌掲載）,西野章,立法行為と国家責任——再婚禁止期間違憲国賠訴訟一・二審判決を中心に,判タ780号26頁,1,1,I0000030,「海外でも国民審査を」訴訟【アーカイブ】,上告受理申立理由書,に想定し難いような例外的な 場合』ほどには広くはないのである」と指摘する(西野章「立法行為と国家責任 ——再婚禁止期間違憲国賠訴訟一・二審判決を中心に」判タ780号26頁)。また毛 利透教授も、「立法者は権利制約を受ける具体的な人々との関係で、その憲法上 の権利を害さない
論文（雑誌掲載）,,端的に過失の問題として処理するのが素直な見方,であるとする(塩野宏『行政法Ⅱ 第6版』341頁,1,1,I0000128,人種差別的な職務質問をやめさせよう！訴訟｜#STOPレイシャルプロファイリング,準備書面８（運用・国賠法上の違法についての主張立証責任等）,規範の違反」のみを検討すれば足り、「当該公務員の過失として評価されるべきもの」は「端的に過失の問題として処理するのが素直な見方」であるとする(塩野宏『行政法Ⅱ 第6版』341頁(有斐閣、2019年))。 また、宇賀克也は、公権力発動要件欠如説が「
論文（雑誌掲載）,駒村圭吾,第27条,長谷部恭男編『注釈日本国憲法(3),1,1,I0000070,「人間を育てる教員に、人間らしい働き方を」訴訟【アーカイブ】,堀口悟郎先生意見書,会衆議院文教委員会会議録14号(1971年4月23日)5-6頁。 30 駒村圭吾「第27条」長谷部恭男編『注釈日本国憲法(3) 国民の権利及び義務 (2)・国会』(有斐閣、2020年)58頁。 この憲法27条2
論文（雑誌掲載）,安西文雄,第2節法の下の平等,杉原康雄編 集代表『新版体系憲法事典』(青林書院、2008),1,1,I0000067,「同性パートナーにも犯罪被害の遺族給付金を」訴訟,第10準備書面,烙印)の押しつけという差別の根源を重視し、審査 基準の厳格化を主張する(安西文雄「第2節 法の下の平等」 杉原康雄編 集代表『新版体系憲法事典』(青林書院、2008)450~454 頁)。 安西教授によれば、例えば、人種差別
論文（雑誌掲載）,土井真一,第31条,長谷 部恭男編『注釈日本国憲法(3),1,1,I0000135,難民帰化訴訟〜真に社会の一員へ〜,甲36・意見書,1頁。 37 佐藤幸司、前掲注23、217頁。学説の分布状況については、土井真一「第31条」長谷 部恭男編『注釈日本国憲法(3)』(有斐閣、2020年) 277-281頁参照。 38 近藤、前掲注17、239頁。
論文（雑誌掲載）,小坂井久,第38条第1項,憲法的刑事手続研究会編『憲法的刑事手続』 (日本評論社、1997年),1,1,I0000130,日本の「黙秘権」を問う訴訟 〜56時間にわたる侮辱的な取調べは違法〜 ,甲４号証（安部祥太氏意見書）,ート」を GHQ 民政局に提示して作成させた改正草案で ある。 126 小坂井久「第38条第1項」憲法的刑事手続研究会編『憲法的刑事手続』 (日本評論社、1997年)412~416頁も参照。 127 Governmen
論文（雑誌掲載）,,第4適用違憲,のうち大深度法16条1号及び用途地域(同【28~31頁,1,1,I0000143,リニアトンネル工事で街を壊さないで 〜平穏生活権を侵害する大深度法の違憲性を問う〜,準備書面⑷（個人情報マスキング）,9~22頁】)、「第3法令違憲」のうち憲法29条2項違反(同【24~26頁】)、「第4適用違憲」のうち大深度法16条1号及び用途地域(同【28~31頁】)については、一切の反論をしていない。これらの項目については、す
論文（雑誌掲載）,,第一選択,である旨記載されており、ま た、乙B1号証464ページ,1,1,I0000148,おかゆ強制はおかしい！刑事施設における不要な食事制限の撤廃を求める裁判 ,原告第１準備書面,とは過剰投与になるため(乙B3号証476ページ には、薬物療法の部分に PPIが「第一選択」である旨記載されており、ま た、乙B1号証464ページの維持療法の部分にも「現在、逆流性食道炎の 治療は PPI が中心
論文（雑誌掲載）,碓井光明,米国連邦所得税における必要経費控除の研究(1),法学協会雑誌93巻4号(1976年),1,1,I0000152,保育料を経費に！訴訟,甲50：意見書（藤間大順　神奈川大学准教授）,"40 B.Τ.Α. 1038 (1940))参照。 この判決については,碓井光明「米国連邦所得税における必要経費控除の研究(1)」 法学協会雑誌93巻4号(1976年)116~117 頁参照),近時の学説では,「保育費 のうち,追加的支出として事業と"
論文（雑誌掲載）,成田勝郎,精神病学の再建を目指して二、『断種論,葬送譜(一),1,1,I0000132,「わたしの体は母体じゃない」訴訟,甲47：国民優生法の制定過程,"座談会」『脳』158号, 1940.2, pp.27-28.等 55 成田勝郎「精神病学の再建を目指して二、『断種論』葬送譜(一)~(五)」『脳』13巻4号(148) 1939.4, pp.2- 13、同13巻5号(149) 1939.5"
論文（雑誌掲載）,座談会,精神的自由と政教分離,(『法学セミナー』一九七一年八月号),1,1,I0000123,県知事の公務での護国神社参拝取りやめをー政教分離原則の違反を問うー,甲40 高柳信一「政教分離判例理論の思想」,"ledge, J., dissenting)(1947)参照。 (6a) 座談会「精神的自由と政教分離」(『法学セミナー』一九七一年八月号) 三四頁における宮田光雄教授発言参照。 (8) Giannella, op. cit"
論文（雑誌掲載）,石川健治,精神的観念的基礎のない国家・公共は可能か?-津地鎮祭事件判決,駒村圭吾(編),1,1,I0000123,県知事の公務での護国神社参拝取りやめをー政教分離原則の違反を問うー,甲18（稲正樹意見書）,み直す」判例 時報2287号(2016年)14-21頁、15頁。 72 石川健治「精神的観念的基礎のない国家・公共は可能か?-津地鎮祭事件判決」駒村圭吾(編) 『テクストとしての判決 「近代」と「憲法」を読み解く』(有斐閣・2016年)157-229頁、226-
論文（雑誌掲載）,本山敦,結婚の条件と婚姻の要件,法学セミナー605号(2005年),1,1,I0000031,結婚の自由をすべての人に訴訟（同性婚訴訟）,【札幌】上告受理申立て理由書,貴『民法V 親族・相続〔補訂版〕』(東京大学出版会、2004年)75 頁、本山敦「結婚の条件と婚姻の要件」法学セミナー605号(2005年)106頁、 松川正毅「民法 親族・相続〔第7版〕」(有斐閣、2020年)28、70頁等
論文（雑誌掲載）,,結婚の自由をすべての人に,訴訟 控訴審判決の検討 ジュリスト 1622号 写 し 2026/ 05,1,1,I0000031,結婚の自由をすべての人に訴訟（同性婚訴訟）,【東京・二次】証拠説明書（甲A956・957）,甲A 956 「結婚の自由をす べての人に」訴訟 控訴審判決の検討 ジュリスト 1622号 写 し 2026/ 05
論文（雑誌掲載）,,給付規則,(宇賀克也『行政法概説I 行政法総論〔第7版〕』 (有斐閣、2020年),1,1,I0000064,「セックスワークにも給付金を」訴訟 【アーカイブ】,第4準備書面,(持続化給付金給付規程・家賃支援給付金給付規程)の法的性質は、 行政法学における「給付規則」(宇賀克也『行政法概説I 行政法総論〔第7版〕』 (有斐閣、2020年)326頁、塩野宏『行政法Ⅰ[第6版] 行政法総論
論文（雑誌掲載）,斎藤周,給特法と教員の超過勤務手当請求権,季刊教育法 147 号(2005年),1,1,I0000070,「人間を育てる教員に、人間らしい働き方を」訴訟【アーカイブ】,第10回裁判資料_鑑定意見書（高橋哲先生）実印差し替え,隆令「公立学校教師と時間外労働」龍谷法学38巻1号(2005年)86頁、斎藤周 「給特法と教員の超過勤務手当請求権」季刊教育法 147 号(2005年)94-95 頁、早津裕貴 「公立学校教員の労働時間規制に関する検討」季刊労働法266
論文（雑誌掲載）,岡田希世子,美容医療契約の特質,経営学論集26巻3号(2016),1,1,I0000132,「わたしの体は母体じゃない」訴訟,甲143：小川意見書,健師助産師看護師法〕」(医政発1201第4号)(2022)。 44 岡田希世子「美容医療契約の特質」経営学論集26巻3号(2016)52頁は、特に「美容医療サービスの特殊性 は、美容医療が通常の医療の場合と同様に身体への
論文（雑誌掲載）,吉野孝義,美容整形,判例タイムズ686号(1989),1,1,I0000132,「わたしの体は母体じゃない」訴訟,甲143：小川意見書,) 114-117頁。 49 参照、谷本・前掲注(48)第二部。 50 吉野孝義「美容整形」判例タイムズ686号(1989)126頁。 51 美容医療クリニックの医師等を主なメンバーとする「厚生労働省の美容医療の
論文（雑誌掲載）,上田元和,美容整形医療をめぐる諸問題,福田剛久ほか編『医療訴訟』(青林書院、 4頁,1,1,I0000132,「わたしの体は母体じゃない」訴訟,甲143：小川意見書,医療行為と法[新版補正第二版]』(弘文堂、2004)1 98-199頁、上田元和「美容整形医療をめぐる諸問題」福田剛久ほか編『医療訴訟』(青林書院、 4頁、山中敬一『医事刑法概論Ⅱ』(成文堂、2021) 115-116頁、 ても
論文（雑誌掲載）,,職務質問の要領と着眼点第1回職務質問のポイント,(乙A2 0号証・52ないし57ページ,1,1,I0000128,人種差別的な職務質問をやめさせよう！訴訟｜#STOPレイシャルプロファイリング,準備書面（３）_被告国,連判例を付して単行本化したもの」であるとの記載がある。同連載について 見ると、「職務質問の要領と着眼点 第1回 職務質問のポイント」(乙A2 0号証・52ないし57ページ。以下「第1回連載」という。)には、「職質 自体の法的根拠とその限界は」との小見出
論文（雑誌掲載）,,職場にける処遇,),1,1,I0000031,結婚の自由をすべての人に訴訟（同性婚訴訟）,二宮周平先生 意見書　※民法学者による本件についての意見,て生きる権利がある」と指摘する(永野靖「事例紹介 経産省事件(性 同一性障害者の「職場にける処遇」)」ジェンダーと法15号(2018) 133~134 頁)。 性自認、性的指向はすべての個人に共通の属性である。その性の
論文（雑誌掲載）,小山剛,職業と資格――彫師に医師免許は必要か,判例時報2360号(2018年),1,1,I0000071,コロナ禍、日本社会の理不尽を問う（コロナ特措法違憲訴訟）【アーカイブ】,甲第５７号証：横大道聡先生　意見書,御のために」 Voice2021年6月号68頁以下も参照。 39 例えば、小山剛「職業と資格――彫師に医師免許は必要か」判例時報2360号(2018年) 141頁、曽我部真裕「医師法17条による医業独占規制と憲法」初宿正典先生古稀祝賀『比
論文（雑誌掲載）,,自分の人権も守れない法曹が他人の人権を守れるはずがない,(岡口基一『最 高裁に告ぐ』40頁,1,1,I0000090,司法の独立を脅かす岡口裁判官の罷免訴追に反対します！【アーカイブ】,意見書（鈴木賢）,はますます狭まることは必至である。しかし、まさに岡口裁判官が述べて いるように、「自分の人権も守れない法曹が他人の人権を守れるはずがない」(岡口基一『最 高裁に告ぐ』40頁)のである。私はこの弾劾裁判の結果によっては、日本の司法はますま すマイノリティの権利
論文（雑誌掲載）,藤本晃嗣,自由権規約の恣意性概念の展開(1),国際公共政策研究 9巻 2号17頁,1,1,I0000106,本人の意思を無視して日本国籍を一方的にはく奪する「国籍法11条1項は違憲」訴訟,【訴訟１】甲１２１髙佐智美教授意見書「国籍法 11条 1項の憲法及び国際法規適合性について」,"948. 25 E/CN.4/SR.59, 1948, p.10. 藤本晃嗣「自由権規約の恣意性概念の展開	(1)」国際公共政策研究 9巻 2号17頁（2005年）22頁。 26 HCR/GS/20/05, 2020, para85"
論文（雑誌掲載）,,自由権規約委員会の一般的意見とその正当性,『国連人権条約機 関、法と正当性』(ケンブリッジ大学出版局、2012年5月5日),1,1,I0000155,人質司法に終止符を！訴訟,甲A59：調査報告書【国連人権条約機関が採択した一般的意見及び勧告の法的権威と条約解釈上の意義について】,ザンクトガレン大学国際公法教授である。 13 ヘレン・ケラー、リーナ・グローバー「自由権規約委員会の一般的意見とその正当性」、『国連人権条約機 関、法と正当性』(ケンブリッジ大学出版局、2012年5月5日) 14 ケラーとグローバー、128頁。
論文（雑誌掲載）,初川彬,自由権規約委員会の解釈と『事実上の拘束力,に関する一考察」『一橋法学』 22巻2号(2023年),1,1,I0000031,結婚の自由をすべての人に訴訟（同性婚訴訟）,谷口洋幸先生意見書（自由権規約委員会勧告）,寺谷広司東京大学教 授が、2023年から現在まで委員を務めている。 ⁴³ 初川彬「自由権規約委員会の解釈と『事実上の拘束力』に関する一考察」『一橋法学』 22巻2号(2023年) 659-664頁。 ⁴⁴ 現在は定期報告書の作成前に、前回総括所
論文（雑誌掲載）,小山剛,自粛・補償・公表――インフォーマルな規制手法,判例時報2460号(2020年),1,1,I0000071,コロナ禍、日本社会の理不尽を問う（コロナ特措法違憲訴訟）【アーカイブ】,甲第５７号証：横大道聡先生　意見書,題――特集にあたって」 論究ジュリスト35号 (2020年)8頁。 29 小山剛「自粛・補償・公表――インフォーマルな規制手法」判例時報2460号(2020年) 146頁。 30 江藤祥平「匿名の権力――感染症と憲法」法律時報1154号(2020年
論文（雑誌掲載）,,英国人にさせられた日本人,アス テイオン89号82頁,1,1,I0000106,本人の意思を無視して日本国籍を一方的にはく奪する「国籍法11条1項は違憲」訴訟,【訴訟２】証拠説明書（１）,24 「英国人にさせられた日本人」アス テイオン89号82頁以下 未成年の間に日本国籍を喪失し、成人後にそのことを知ったときの喪失感を 吐
論文（雑誌掲載）,芝池義一,行政事件訴訟法における「法律上の利益,」法学論叢142巻3号(1997年),1,1,I0000121,神戸石炭訴訟｜気候変動と大気汚染を防ぐため、石炭火力発電所新設は取り消しを！【アーカイブ】,控訴理由書｜2021年5月17日,てこない(阿部泰隆『行政訴訟要件論』(弘文堂・2003年)115頁以下、芝池義一「行政事件訴訟法における「法律上の利益」」法学論叢142巻3号(1997年)1頁以下参照)。 仮に行政訴訟の権利救済機能を強調したとしても、後述するように、公益
論文（雑誌掲載）,大沼洋一,行政判例研究,自治研究91巻5号121頁,1,1,I0000030,「海外でも国民審査を」訴訟【アーカイブ】,第3準備書面,きないだけであり、裁判所による終局的解決になじまないことには ならない(大沼洋一「行政判例研究」自治研究91巻5号121頁参照)。裁判所 は、被告の主張に従うことが憲法に適合するかどうかを審理し、現行法の憲法 適合的
論文（雑誌掲載）,江藤祥平,行政判例研究653,(甲A20),1,1,I0000131,夫婦別姓も選べる社会へ！訴訟,【東京】20241220_第７準備書面（学説の状況）,状態が表れているという理解になるのである。」(146頁) 江藤祥平 「行政判例研究653」(甲A20) 自治研究94巻5号127頁 (2018年) 「この判決[原告ら代理人注:平成27年大法廷判決]の見
論文（雑誌掲載）,,行政判例研究653(1046),自治研究94巻5号(第一法規),1,1,I0000131,夫婦別姓も選べる社会へ！訴訟,【札幌】20240308_訴状,差別を助長する意図があるとみる余地は十分あるように思われる。」とする(甲A20・「行政判例研究653(1046)」自治研究94巻5号(第一法規)135~136頁2018年)。 才 小括 以上より、夫婦同氏制度は、憲法13条の理念にも
論文（雑誌掲載）,塩野宏,行政法II[第6版],(有斐閣、2023),1,1,I0000111,日米同性カップル在留資格訴訟  〜家族そろって日本で暮らすために〜【アーカイブ】,笹田栄司教授意見書（添付資料）,/930005082.pdf. (16)興津意見書4頁。 (17)(18)塩野宏『行政法II[第6版]』(有斐閣、2023) 229頁。 (19)村上裕章「『申請権』概念の展開」法政研究84巻1号(2017)65頁。 第3
論文（雑誌掲載）,,行政法の争点,),1,1,I0000080,地方議会に横行する「少数派議員潰し」に立ち向かう訴訟【アーカイブ】,土屋訴訟・甲第40〜53号証,"いる。換言すれば、除名 (22) (22) 川上勝己「議員懲罰処分と司法審査」(『行政法の争点』) 136頁~137頁, 山村恒年「抗告訴訟の対象となる行政処分(三)」(民商法雑誌59巻1号) 43頁以下,斎藤・前掲"
論文（雑誌掲載）,福永実,行政法解釈と立法者意思,広島法学38巻1 号(2014年),1,1,I0000141,要件を満たす島民の請求を市長が拒否！石垣島住民投票の権利を問う裁判【アーカイブ】,原告準備書面１｜2021年10月12日,な言明原則 (clear statement rule)と呼ぶこととする(福永実「行政法解釈と立法者意思」広島法学38巻1 号(2014年)126頁に同旨)。なお、アメリカにおける clear statement rule は
論文（雑誌掲載）,中二郎,行政處分の執行停止と内閣總理大臣の異議,(『行政争訟の法理』 所収・昭和29年・有斐閣),1,1,I0000080,地方議会に横行する「少数派議員潰し」に立ち向かう訴訟【アーカイブ】,土屋訴訟・甲第40〜53号証,"員除名處分とその取消の訴」(法學論叢59巻3号) 110頁~114頁,田 中二郎「行政處分の執行停止と内閣總理大臣の異議」(『行政争訟の法理』 所収・昭和29年・有斐閣) 185頁~204頁,山田準次郎「行政処分の執行停 止に対する内閣総理大"
論文（雑誌掲載）,山本隆司,行政裁量の判断過程審査――その意義、可能性と課題,行政法研究14号(2016年),1,1,I0000071,コロナ禍、日本社会の理不尽を問う（コロナ特措法違憲訴訟）【アーカイブ】,甲第６７号証：「特集　統治と専門家　新型コロナ対策から見る日本の憲政」「総括コメント」と題する記事（法律時報2120年93巻12号からの抜粋）,のような視野の限定を「必ずしも不当であるとは解されない」とする。また、 山本隆司「行政裁量の判断過程審査――その意義、可能性と課題」行政法研究14号(2016年) 17頁は、「健康で文化的な最低限度 の生活」に必要な費用を個々に積み上げて計算する「絶対
論文（雑誌掲載）,,行政訴訟としての「確認訴訟,の可能性一改正行政事件訴訟法の理論的インパクトー」(民商法雑誌130巻6号1),1,1,I0000121,神戸石炭訴訟｜気候変動と大気汚染を防ぐため、石炭火力発電所新設は取り消しを！【アーカイブ】,証拠説明書３｜2019年9月6日,印 刷して いる。 8 「行政訴訟としての「確認訴訟」の可能性一改正行政事件訴訟法の理論的インパクトー」(民商法雑誌130巻6号1) 中川丈久 実質的当事者訴
論文（雑誌掲載）,中川丈久,行政訴訟としての『確認訴訟,の可能性」 民商法雑誌130巻6号〔2004年〕24頁,1,1,I0000182,デジタル時代の「知る権利」を守る。情報開示を阻む手数料を問う訴訟,【中林訴訟】甲第６号証20260612,)③④、小林・行訴法204頁参照。改正後の確認の訴えの対象については、中川丈久 「行政訴訟としての『確認訴訟」の可能性」 民商法雑誌130巻6号〔2004年〕24頁以下が 詳しい)。そのような行政の行為とは、法規命令、行政計画、通
論文（雑誌掲載）,松戸浩,行訴法10条1項による主張制限,(『同 II・第7版』),1,1,I0000080,地方議会に横行する「少数派議員潰し」に立ち向かう訴訟【アーカイブ】,土屋訴訟・甲第40〜53号証,"送事業免許と第三者の原告適格」(『行政判例百選II. 352頁~353頁,松戸浩「行訴法10条1項による主張制限」(『同 II・第7版』)396頁~397頁などを参照。 (40) 大西有二「原子炉設置許可処分無効確認訴訟の原告適格」("
論文（雑誌掲載）,石田倫識,被疑者の黙秘権に関する一考察――イギリス黙秘権制限立法を手がかりに,九大法学86号(2003年),1,1,I0000155,人質司法に終止符を！訴訟,甲A117 資料入手報告書,"2巻10号(2020年)73頁。 10 黙秘からの不利益推認については、石田倫識「被疑者の黙秘権に関する一考察――イギリス黙秘権制限立法を手がかりに」 九大法学86号(2003年)107頁。 11 A.Sanders et al., Criminal Justice,"
論文（雑誌掲載）,後藤昭,被疑者・被告人の法的地位,井上正仁=酒巻匡編『刑事訴訟法の 争点』(有斐閣、2015年),1,1,I0000130,日本の「黙秘権」を問う訴訟 〜56時間にわたる侮辱的な取調べは違法〜 ,甲４号証（安部祥太氏意見書）,筆〕を参照。 139 松尾・前掲注2) 119頁も同趣旨である。 140 後藤昭「被疑者・被告人の法的地位」井上正仁=酒巻匡編『刑事訴訟法の 争点』(有斐閣、2015年)42頁。 32 ! 障の中のあるものは、合衆国で数年後に
論文（雑誌掲載）,湯淺墾道,被選挙権の法的性質をめぐる近時の議論,選挙研究24巻2号58~59頁,1,1,I0000117,立候補年齢引き下げ訴訟,訴状,ベルの選挙に関する原則は地方レベルの選挙においても適用される(甲B15:湯淺墾道「被選挙権の法的性質をめぐる近時の議論」選挙研究24巻2号58~59頁参照(2009年))。そのため、憲法43条1項の「全国民の代表」は「全住民を代表する」と読
論文（雑誌掲載）,田中宗孝,被選挙権年齢も見直しを,"『都市問題』98巻7号,2007.7, pp.24- 27. 同様の指摘は約半世紀前にも",1,1,I0000117,立候補年齢引き下げ訴訟,甲B26　国立国会図書館調査及び立法考査局政治議会課編「主要国における被選挙権年齢 (資料)」レファレンス833号,"016 参院選 若者の声 を政治に」『日本経済新聞』2016.6.19;田中宗孝「被選挙権年齢も見直しを」『都市問題』98巻7号,2007.7, pp.24- 27. 同様の指摘は約半世紀前にもなされており、被選挙権年齢を引き"
論文（雑誌掲載）,佐藤博史・松澤伸,裁判員制度の人数構成-裁判官2人制の提言-,現代刑事法57号44頁,1,1,I0000155,人質司法に終止符を！訴訟,甲A110 裁判員制度・刑事裁判の充実迅速化に関する意見書,"見に与した場 合,議論がそこで終わってしまうことも懸念される(佐藤博史・松澤伸 「裁判員制度の人数構成-裁判官2人制の提言-」現代刑事法57号44頁 (2004年1月)参照)。 ii 裁判官3人を維持する考えは,現在,各裁判部ごとに相部屋で執務し"
論文（雑誌掲載）,,裁判員裁判と保釈の運用について,(ジュリスト1312号、甲A5),1,1,I0000155,人質司法に終止符を！訴訟,訴状_20250324,る 2006年に公表された松本芳希裁判官(当時:大阪地裁令状部部総括判事)の 「裁判員裁判と保釈の運用について」(ジュリスト1312号、甲A5)は、保釈請 求却下が原則とされる現状を評して次のように指摘している(149頁)。 この
論文（雑誌掲載）,市川正人,裁判官の表現の自由,『判 例時報』2500号132頁,1,1,I0000090,司法の独立を脅かす岡口裁判官の罷免訴追に反対します！【アーカイブ】,意見書（山元一）,であるとい うニュアンスや洗脳した者に対する非難のニュアンスが強い」 (市川正人「裁判官の表現の自由」 『判 例時報』2500号132頁)のであって、また、岡口裁判官の使用した文脈に照らしていえば、「真に悪い のは『洗脳』
論文（雑誌掲載）,飯考行,裁判官制度における訴追と弾劾の位置づけーメリットシステムの視点から,『弾劾裁判所報』 2009年号40頁,1,1,I0000090,司法の独立を脅かす岡口裁判官の罷免訴追に反対します！【アーカイブ】,意見書（山元一）,"ms_lf/806067.pdf [2021年12月9日最終確認] 53 飯考行「裁判官制度における訴追と弾劾の位置づけーメリットシステムの視点から」 『弾劾裁判所報』 2009年号40頁。 54 参照,高木光「比例原則の実定化―『警察法』と憲法の関係についての覚書」『"
論文（雑誌掲載）,渡辺康行,裁判官弹劾制度少考一岡口基一裁判官の訴追を契機として,『判例時報』2500号〔2022 年〕137頁,1,1,I0000090,司法の独立を脅かす岡口裁判官の罷免訴追に反対します！【アーカイブ】,意見書（山元一）,"それを実際的に 担う機関として事務総局がおかれている(13条)。 13 渡辺康行「裁判官弹劾制度少考一岡口基一裁判官の訴追を契機として」 『判例時報』2500号〔2022 年〕137頁。 14 法学協会・前掲注(11)1163頁。 15 参照,佐藤幸治 「"
論文（雑誌掲載）,日野田浩行,裁判官弾劾,"長谷部他編『憲法判例百選Ⅱ〔第7版〕』(有斐閣,2019年)",1,1,I0000090,司法の独立を脅かす岡口裁判官の罷免訴追に反対します！【アーカイブ】,意見書（山元一）,"いてこれを免ずることができない。」、と規定していることが 42 参照,日野田浩行「裁判官弾劾」長谷部他編『憲法判例百選Ⅱ〔第7版〕』(有斐閣,2019年)391 頁。 43 桜田誉「公務員の責任」 『田中二郎先生古"
論文（雑誌掲載）,土屋孝次,裁判官弾劾制度に関する国会権限の現代的意義,『弾劾裁判所法』2000年号7頁,1,1,I0000090,司法の独立を脅かす岡口裁判官の罷免訴追に反対します！【アーカイブ】,意見書（山元一）,"度をめぐる憲法上の論点」『弾劾裁判所報』2011 年号4頁。 9 参照,土屋孝次「裁判官弾劾制度に関する国会権限の現代的意義」『弾劾裁判所法』2000年号7頁。 10 例えば、樋口陽一『憲法Ⅰ』(青林書院,1998年)275頁,佐藤幸治『日本国憲"
論文（雑誌掲載）,柳瀬昇,裁判官弾劾制度をめぐる憲法上の論点,『弾劾裁判所報』2011 年号4頁,1,1,I0000090,司法の独立を脅かす岡口裁判官の罷免訴追に反対します！【アーカイブ】,意見書（山元一）,"、相互に排斥するのではなく、両立するもので あると解される」、としている。柳瀬昇「裁判官弾劾制度をめぐる憲法上の論点」『弾劾裁判所報』2011 年号4頁。 9 参照,土屋孝次「裁判官弾劾制度に関する国会権限の現代的意義」『弾劾裁判所法』2"
論文（雑誌掲載）,鈴木忠一,"裁判官弾劾法の諸問題(上)一比較法上,解釈上,立法上の一",『法曹時報』33巻7号 〔1981年〕24-25頁,1,1,I0000090,司法の独立を脅かす岡口裁判官の罷免訴追に反対します！【アーカイブ】,意見書（山元一）,"法曹会,1969年)132頁。 29 上村・前掲注(3)61頁。 30 鈴木忠一「裁判官弾劾法の諸問題(上)一比較法上,解釈上,立法上の一」『法曹時報』33巻7号 〔1981年〕24-25頁。鈴木は、憲法64条,78条後段及び国会法 125条~129条,裁判所"
論文（雑誌掲載）,,裁判官弾劾法上の諸問題,『法学新報』59巻12号〔1952年〕104頁,1,1,I0000090,司法の独立を脅かす岡口裁判官の罷免訴追に反対します！【アーカイブ】,意見書（山元一）,得させ、国民の法に対する権威をつなぐ所以でもある。」、とする見解がある(野間 繁「裁判官弾劾法上の諸問題」 『法学新報』59巻12号〔1952年〕104頁)。問題裁判官のその地位か らの放逐自体ではなく「裁判官の責任感」を引き
論文（雑誌掲載）,永田一元,裁判官弾劾法第2条についての一考察,『弾劾裁判所年報』1号31頁,1,1,I0000090,司法の独立を脅かす岡口裁判官の罷免訴追に反対します！【アーカイブ】,意見書（山元一）,"取扱及び行状について注意を与えることができる。」、とする。 24 参照,永田一元「裁判官弾劾法第2条についての一考察」『弾劾裁判所年報』1号31頁。 25 永田・前掲注(24)31頁。 (同条3項),と規定していた。本項を受けて、判事懲戒"
論文（雑誌掲載）,,裁判官等弹劾罷免の法的性格,『民事研修』268号(1979年),1,1,I0000090,司法の独立を脅かす岡口裁判官の罷免訴追に反対します！【アーカイブ】,意見書（山元一）,"生古稀記念・公法の理論(上)』(有斐閣,1976年)550頁。 桜田は別の論文(「裁判官等弹劾罷免の法的性格」『民事研修』268号(1979年) 17-18頁で、「弾劾 裁判による罷免は、その性質上これを行政処分と解さなければなら"
論文（雑誌掲載）,,裁判所は、訴訟が裁判をするのに熟したときは、終局判決をする。,33 太田勝造『裁判における証明論の基礎』(弘文堂、1982),1,1,I0000132,「わたしの体は母体じゃない」訴訟,甲143：小川意見書,、 同「違憲審査における「論証度」」人文社会科学論叢16号(2024)。 32 「裁判所は、訴訟が裁判をするのに熟したときは、終局判決をする。」 33 太田勝造『裁判における証明論の基礎』(弘文堂、1982)109頁。この概念は当初、事実の証明に用いる概念と して
論文（雑誌掲載）,弾劾裁判所事務局訟務課,裁判所弾劾法についての学識経験者の意見,『弾劾裁判所年報』 3号[1986年]88頁,1,1,I0000090,司法の独立を脅かす岡口裁判官の罷免訴追に反対します！【アーカイブ】,意見書（山元一）,」 『弾劾裁判所年報』3号〔1986年〕33頁。 さらに、弾劾裁判所事務局訟務課「裁判所弾劾法についての学識経験者の意見」『弾劾裁判所年報』 3号[1986年]88頁。1997年のある座談会で、勝見嘉美元名古屋高裁長官は、「弾劾と懲戒」と「
論文（雑誌掲載）,,裁量権,に属するとしている(乙B第26号証537 ページ,1,1,I0000106,本人の意思を無視して日本国籍を一方的にはく奪する「国籍法11条1項は違憲」訴訟,【訴訟３】答弁書（別紙）,家は全 面的な行動の自由を有する」として、外交保護権は、政治的考慮を 含む国家の「裁量権」に属するとしている(乙B第26号証537 ページ)。外交保護権の行使が国家の裁量である以上、各国籍国が、 自国の方が実質
論文（雑誌掲載）,,要件事実論,の役割は決して 小さなものではないだろう,1,1,I0000052,警察庁が保有する秘密個人情報ファイル簿の情報公開訴訟,甲21添付資料1-10,緩和に伴いその検討の場がようやく整い つつある今、この解決のヒントを与えてくれる「要件事実論」の役割は決して 小さなものではないだろう。 42 「研究会/現代型行政訴訟の検討課題」 ジュリスト925号 (1989
論文（雑誌掲載）,山田八千子,要件事実論と法哲学,法学セミナー639号(2008年),1,1,I0000052,警察庁が保有する秘密個人情報ファイル簿の情報公開訴訟,甲21添付資料1-10,的思考においては実践的な平衡感覚に裏打ち された整合性が要請される旨、山田八千子「要件事実論と法哲学」法学セミナー639号(2008年) 29頁。 31 これは、「最大の明細性の要件」を充足しているかどうかの審査に関わる
論文（雑誌掲載）,松本博之,要件事実論と法学教育(2),自由と正義55巻 1号(2004年),1,1,I0000052,警察庁が保有する秘密個人情報ファイル簿の情報公開訴訟,甲21添付資料1-10,割によって、恣意的な要件事実= 主要事実の細分化が行われる危険性につき、松本博之「要件事実論と法学教育(2)」 自由と正義55巻 1号(2004年)68頁以下。さらに関連して、これらの事実はしばしば法規からは事前に明らかとな らな
論文（雑誌掲載）,,親族法の特殊研究,(1950),1,1,I0000131,夫婦別姓も選べる社会へ！訴訟,甲A004_二宮先生意見書（平成23年12月5日）,から成るとし、この両者の共通の呼称が氏であるとする(外 岡茂十郎「氏の性格」(同『親族法の特殊研究』(1950) 56 頁、於保不二雄「氏 と戸籍」法曹時報2巻5号(1950)215頁)。 - ②氏を「血縁集団」ないしは
論文（雑誌掲載）,,解雇権濫用法理,の類推適用と同様の結果をもたらしうる と指摘する,1,1,I0000116,「会計年度任用職員にも労働基本権を！」訴訟,書証（甲２９） ※期日において甲３０と訂正,て撤回処分の取消訴訟を 認め、その中で任命権者の裁量権の濫用を問題にすることで 「解雇権濫用法理」の類推適用と同様の結果をもたらしうる と指摘する。下井・前掲・ジュリスト1354号239頁。一つ の見解であり、処分と構
論文（雑誌掲載）,野中俊彦,訴訟要件論,法セミ増刊『憲法訴訟』(1983),1,1,I0000111,日米同性カップル在留資格訴訟  〜家族そろって日本で暮らすために〜【アーカイブ】,笹田栄司教授意見書（添付資料）,文堂、1968)140頁。 (9)笹田・前掲注(1)199頁。 (10)野中俊彦「訴訟要件論」法セミ増刊『憲法訴訟』(1983) 169頁。 (11)笹田・前掲注(1)200頁以下。 (12)神橋一彦『行政救済法〔
論文（雑誌掲載）,,訴訟進行を表出できる証明責任論,と位置づけるものとして、王天華「行政裁量 の観念と取消訴訟の構造(五・完),1,1,I0000052,警察庁が保有する秘密個人情報ファイル簿の情報公開訴訟,甲21添付資料1-10,考える 〔補訂版〕』(有斐閣、2005 年)187頁以下。 27 要件事実論を「訴訟進行を表出できる証明責任論」と位置づけるものとして、王天華「行政裁量 の観念と取消訴訟の構造(五・完)」国家学会雑誌120巻7=8号(2007年)5
論文（雑誌掲載）,,論文「同性婚と平等保護,法学論集43巻2号 写し 2009年 9月 大野友也 「度が憲法24条2項に適合し 「,1,1,I0000031,結婚の自由をすべての人に訴訟（同性婚訴訟）,【大阪・第５回】証拠説明書５（甲A227から307）,作成 年月 日 作成者 立証趣旨 甲A 229 「論文「同性婚と平等保護」 法学論集43巻2号 写し 2009年 9月 大野友也 「度が憲法24条2項に適合し 「ないことは明らかで
論文（雑誌掲載）,,論文「同性婚の未規定性の憲法適合性:婚姻の自由で「はなく人格権の問題とし「て,関西大学法学論集69 巻3号 写し 2019年 9月 西村枝美 「家族と過ごす時間、親し,1,1,I0000031,結婚の自由をすべての人に訴訟（同性婚訴訟）,【大阪・第５回】証拠説明書５（甲A227から307）,作成 年月 日 作成者 立証趣旨 甲A 235 「論文「同性婚の未規定性の 憲法適合性:婚姻の自由で 「はなく人格権の問題とし 「て」関西大学法学論集69 巻3号 写し 2019年 9月 西村枝美 「家族と過ごす時間、親しい人 「と過ごす時
論文（雑誌掲載）,,諸外国の選挙権年齢及び被選挙権年齢,レファレンス65巻12号145-153頁,1,1,I0000117,立候補年齢引き下げ訴訟,甲B76：齋藤宙治「被選挙権年齢引下げに関する人々の意識ーサーベイ実験による法定立候補年齢の研究ー」,/jinsui/ 2023np/index.html). 那須俊貴(2015) 「諸外国の選挙権年齢及び被選挙権年齢」レファレンス65巻12号145-153頁. 那須俊貴(2020) 「主要国における被選挙権年齢」レファレンス 70巻6号
論文（雑誌掲載）,俊貴,諸外国の選挙権年齢及び被選挙権年齢(資料),"「レファレンス』 779号, 2015.12, pp.145-153. go.jp/vi",1,1,I0000117,立候補年齢引き下げ訴訟,甲B26　国立国会図書館調査及び立法考査局政治議会課編「主要国における被選挙権年齢 (資料)」レファレンス833号,"1000896_po_200806.pdf?contentNo=1>;那須 俊貴「諸外国の選挙権年齢及び被選挙権年齢(資料)」「レファレンス』 779号, 2015.12, pp.145-153. go.jp/view/download/dig"
論文（雑誌掲載）,日本社会保障法学会,講座・現代社会保障法学の論点〔下〕,日本評論社(2024),1,1,I0000129,「共働き妻を亡くした夫にも遺族年金を」訴訟,甲11　東京大学　笠木映里先生　意見書（社会保障法）,02頁(渡邊絹子執筆箇所)、衣笠葉子「ジェンダーと社会保 障」日本社会保障法学会『講座・現代社会保障法学の論点 〔下〕』 日本評論社(2024) 151頁 注22。稲森公嘉「判批」論究ジュリスト22号(2017)187頁。加藤智章・菊池馨実
論文（雑誌掲載）,,講演憲法の変遷とその限界,司法研修所論集132号(2022年),1,1,I0000031,結婚の自由をすべての人に訴訟（同性婚訴訟）,【札幌】上告受理申立て理由書,104頁参 照。 83 アンドレアス・フォスクーレ(元ドイツ連邦憲法裁判所長官)「講演憲法の変遷とそ の限界」司法研修所論集132号(2022年)25~27頁参照。 84 前掲横田耕一・高見勝利編『ブリッジブック憲法』129頁参照
論文（雑誌掲載）,井力,警備公安警察,杉村敏正他編『警察法入門』有斐閣選書184頁,1,1,I0000104,公安警察による市民運動の監視を許さない。市民の「もの言う」自由を守るための訴訟【アーカイブ】,【第１回】答弁書,特徴を多くもっているところから、予防警察としての側面を強くもっている(室 井力「警備公安警察」・杉村敏正他編『警察法入門』有斐閣選書184頁)。「公 安警察は、集会・結社・集団行動などの政治的な表現活動を危険視して
論文（雑誌掲載）,拙稿,警察による個人情報の収集・保有・提供,新・判例解説 Watch 31号(2022年),1,1,I0000104,公安警察による市民運動の監視を許さない。市民の「もの言う」自由を守るための訴訟【アーカイブ】,實原教授意見書(甲33),「警察」とのみ表記することがあ る。 2 筆者による原審の判決の評釈として、拙稿「警察による個人情報の収集・保有・提供」 新・判例解説 Watch 31号(2022年)27頁以下。本稿ではそこで述べたことの詳細を論じ る。 4 される。
論文（雑誌掲載）,井上武史,議会代読拒否訴訟控訴審判決,(法学教室389号・判例セレクト Monthly- 憲法8),1,1,I0000080,地方議会に横行する「少数派議員潰し」に立ち向かう訴訟【アーカイブ】,土屋訴訟・甲第40〜53号証,"な 行為であるとされた事例」(自治研究91巻1号)125頁~141頁,井上武史 「議会代読拒否訴訟控訴審判決」(法学教室389号・判例セレクト Monthly- 憲法8)10頁,植木淳「発声障害のある地方議会議員の発言保障——中津"
論文（雑誌掲載）,佐藤繁,議員の任期満了と除名処分取消の訴えの利益,(『地方自治判例 百選』),1,1,I0000080,地方議会に横行する「少数派議員潰し」に立ち向かう訴訟【アーカイブ】,土屋訴訟・甲第40〜53号証,"4頁~95頁及 び(『同・第2版』)102頁~103頁を参照。 (15) 佐藤繁「議員の任期満了と除名処分取消の訴えの利益」(『地方自治判例 百選』)100頁~101頁,交吉尚史「議員の任期満了と除名処分取消の訴え 558(274) 「地方議"
論文（雑誌掲載）,室井力,議員の懲罰と裁判権,(『行政判例百選Ⅰ』),1,1,I0000080,地方議会に横行する「少数派議員潰し」に立ち向かう訴訟【アーカイブ】,土屋訴訟・甲第40〜53号証,"地方議会議員の懲罰と司法審査」(『同II・第7版』)394 頁~395頁,室井力「議員の懲罰と裁判権」(『行政判例百選Ⅰ』)」64頁~ 66頁,安念潤司「地方議会議員の懲罰と司法審査」(『同II・第6版』)316 頁~31"
論文（雑誌掲載）,川上勝己,議員懲罰処分と司法審査,(『行政法の争点』),1,1,I0000080,地方議会に横行する「少数派議員潰し」に立ち向かう訴訟【アーカイブ】,土屋訴訟・甲第40〜53号証,"の考え方には異論も提示されている。換言すれば、除名 (22) (22) 川上勝己「議員懲罰処分と司法審査」(『行政法の争点』) 136頁~137頁, 山村恒年「抗告訴訟の対象となる行政処分(三)」(民商法雑誌59巻1号) 43"
論文（雑誌掲載）,諸根貞夫,象徴天皇の制度と政教分離原則-最近の事例を中心に,全国憲法研究会 (編),1,1,I0000123,県知事の公務での護国神社参拝取りやめをー政教分離原則の違反を問うー,甲18（稲正樹意見書）,国家と宗教の象徴的結合の危険性に注意を払うことがきわめて重 要となる」(諸根貞夫「象徴天皇の制度と政教分離原則-最近の事例を中心に」全国憲法研究会 (編)憲法問題1号、三省堂、1990年、137-138頁)。 ## 2 政教分離の根拠 政教分離の根拠
論文（雑誌掲載）,松本克美,貞操義務の非法化,二宮周平(編集代表),1,1,I0000132,「わたしの体は母体じゃない」訴訟,甲175：小西意見書,員会(編)『家族法学の現在と未来』(信山社・ 2024)21頁。 35 松本克美「貞操義務の非法化」二宮周平(編集代表)『婚姻と離婚』(日本評論社・2020)135頁以下。 議会での審議の結果も、廃止論が両性適用論を1票
論文（雑誌掲載）,清野謙次,足立博士の人類学論文集を読む,"『日本石器時代人研究』岡書院,1928, p.379. (14)",1,1,I0000076,「琉球人のご先祖の遺骨返還を」訴訟【アーカイブ】,甲15,"宗 悅」面縄貝塚国史跡指定記念シンポジウム報告文,2017. (13) 清野謙次「足立博士の人類学論文集を読む」『日本石器時代人研究』岡書院,1928, p.379. (14) 清野謙次・金関丈夫『人類起源論』岡書院,1928. ("
論文（雑誌掲載）,大林啓吾,身体の自由,法學研究97巻10号(2024),1,1,I0000132,「わたしの体は母体じゃない」訴訟,甲175：小西意見書,『産む産まないは女の権利か』(勁草書房・2004)53頁以下参照。 4 大林啓吾「身体の自由」 法學研究97巻10号(2024)2頁以下参照。 殺人(刑法199条)よりも軽い法定刑によって処罰されることが、身体の自
論文（雑誌掲載）,川神裕,較量処分と司法審査(判例を中心として),判例時報1932号(2006年),1,1,I0000071,コロナ禍、日本社会の理不尽を問う（コロナ特措法違憲訴訟）【アーカイブ】,甲第６７号証：「特集　統治と専門家　新型コロナ対策から見る日本の憲政」「総括コメント」と題する記事（法律時報2120年93巻12号からの抜粋）,を受 けたものである。 (たしろ・こうき 岡山大学専任講師) 41) 川神裕「較量処分と司法審査(判例を中心として)」判例時報1932号(2006年) 12頁は、行政の判断過程ないし手続における過 誤・欠落が審査対象となる例として、「政策
論文（雑誌掲載）,吉田一哉,逐条解説風営適正化法,(東京法令出版、2019年),1,1,I0000064,「セックスワークにも給付金を」訴訟 【アーカイブ】,甲102：意見書（岩切大地教授）,関する規制の在り方」 警察学論集54巻11号(2001年)5頁。 23 吉田一哉『逐条解説風営適正化法』(東京法令出版、2019年)32頁。 24 吉田英法「平成17年改正風営法の意義と課題」警察学論集59巻5号(2006年
論文（雑誌掲載）,風俗問題研究会,逐条解説風営適正化法:風俗営業等の規制及び業務の適正化等に関する法律,(東 京法令出版、1986年),1,1,I0000064,「セックスワークにも給付金を」訴訟 【アーカイブ】,甲102：意見書（岩切大地教授）,営法においてもこれらの目的を見出すことができるとするものとし て、風俗問題研究会『逐条解説風営適正化法: 風俗営業等の規制及び業務の適正化等に関する法律』(東 京法令出版、1986年)15頁。 33 澤登俊夫「風俗営業法改正の経緯と新風営法の性格」法律時報57巻7号(198
論文（雑誌掲載）,,速やかに実施すべき対策,(甲A14号証7ページ,1,1,I0000061,野村ダム緊急放流による水害訴訟,国　第１準備書面｜2020年8月31日,"る減災のための治水対策のあり方について」と題する答申は,「洪水予 報文の改良」を「速やかに実施すべき対策」(甲A14号証7ページ④) に、「洪水警報等と洪水予報等の運用の改善」を「速やかに検討に着手 し、早期に実現を図るべき対"
論文（雑誌掲載）,酒巻匡,逮捕・勾留中の被疑者の取調べ受忍義務,松尾浩也=井上正仁編 『刑事訴訟法の争点〔新版〕』(有斐閣、1991年),1,1,I0000130,日本の「黙秘権」を問う訴訟 〜56時間にわたる侮辱的な取調べは違法〜 ,甲４号証（安部祥太氏意見書）,=田邨正義編『刑事手続(上)』(筑摩書房、1988年)181頁。 176 酒巻匡「逮捕・勾留中の被疑者の取調べ受忍義務」松尾浩也=井上正仁編 『刑事訴訟法の争点〔新版〕』(有斐閣、1991年)59頁。 177 このような視点に立つものとして
論文（雑誌掲載）,平野望,過失の競合,高橋譲 編著『医療訴訟の実務(第2版),1,1,I0000053,鬼怒川大水害訴訟,上告受理申立理由書　20251128,性のある不法行為を行った者に 責任を負わせることが許容できる」からである(平野望「過失の競合」高橋譲 編著『医療訴訟の実務(第2版)』(商事法務、2019年)562頁)。もち ろん、因果の流れが切断される場合(交通
論文（雑誌掲載）,,道教の神々の中でも、庶民の生活と結びついたものだけが信仰され、又そういう生活倫理だけが、民衆の心に深く根を下していった,とされる(島尻勝太郎、『近世沖縄の社会と宗教』、三一書房、1980年、125頁,1,1,I0000076,「琉球人のご先祖の遺骨返還を」訴訟【アーカイブ】,甲35,神符、紙銭、土地神信仰、星信仰(文昌帝君)、風水思想等はその一例である」とされ、「道教の神々の中でも、庶民の生活と結びついたものだけが信仰され、又そういう生活倫理だけが、民衆の心に深く根を下していった」とされる(島尻勝太郎、『近世沖縄の社会と宗教』、三一書房、1980年、125頁)。 9 この点は、日本の場合との著しい違
論文（雑誌掲載）,,違憲審査における「論証度,」人文社会科学論叢16号(2024),1,1,I0000132,「わたしの体は母体じゃない」訴訟,甲143：小川意見書,論証責任」(1)~(2・完)」人文社会科学論叢 14号、15号(2023)、 同「違憲審査における「論証度」」人文社会科学論叢16号(2024)。 32 「裁判所は、訴訟が裁判をするのに熟したときは、終局判決をする。」 33 太
論文（雑誌掲載）,伊藤健,違憲審査における「論証責任,(1),1,1,I0000132,「わたしの体は母体じゃない」訴訟,甲143：小川意見書,合理である 原告 60% 高い の整理として、伊藤健「違憲審査における「論証責任」(1)~(2・完)」人文社会科学論叢 14号、15号(2023)、 同「違憲審査における「論証度」」人文社会科学論叢16
論文（雑誌掲載）,横大道聡,違憲審査基準の適用の仕方,曽我部真裕ほか編『憲法論点教室〔第2 版〕』(日本評論社、2020年),1,1,I0000132,「わたしの体は母体じゃない」訴訟,甲176：山本意見書,大幅に低下している29。こうした事実が認められるとすれば、不妊 28 横大道聡「違憲審査基準の適用の仕方」曽我部真裕ほか編『憲法論点教室〔第2 版〕』(日本評論社、2020年)14頁など参照。 29 Frances E. Ca
論文（雑誌掲載）,高橋和之,違憲審査方法における学説・判例の動向,法曹時報61巻12号(2009),1,1,I0000132,「わたしの体は母体じゃない」訴訟,甲143：小川意見書,7。 27 参照、小川・前掲注(26) 363頁及びその注55。 28 高橋和之「違憲審査方法における学説・判例の動向」法曹時報61巻12号(2009)13頁。 29 参照、小川・前掲注(26) 356-359頁、小川・前掲注(1)147-
論文（雑誌掲載）,,適法な請願すなわち希望の陳述を受理するよう求める権利であ,る(長谷部恭男・編『注釈日本国憲法(2),1,1,I0000076,「琉球人のご先祖の遺骨返還を」訴訟【アーカイブ】,第2準備書面,願とは、「公の機関に対し、ある事項に関する希望を陳述する行為であり」、請願権とは「適法な請願すなわち希望の陳述を受理するよう求める権利であ」る(長谷部恭男・編『注釈日本国憲法(2)』(有斐閣、2017年)241頁)。そして、請願法5条は、「この法律に適合する請
論文（雑誌掲載）,曽我部真裕,適用審査と適用違憲,同ら編『憲法論点教室 第2版』42頁,1,1,I0000132,「わたしの体は母体じゃない」訴訟,準備書面(5)_20250514,用された違憲判断の手法であり(長谷部泰男『憲法第8版』440頁以下、 曽我部真裕「適用審査と適用違憲」同ら編『憲法論点教室 第2版』42頁以下)、法令 のうち具体的な適用事実類型を抽出し、当該類型に適用しうる法律を策定する
論文（雑誌掲載）,,適用違憲,等の方法について、曽我部真裕 「憲法判断の方法」法学教室479号(2020年),1,1,I0000104,公安警察による市民運動の監視を許さない。市民の「もの言う」自由を守るための訴訟【アーカイブ】,實原教授意見書(甲33),号(2017 年)559頁以下参照。 17 学説上で言及される「合憲限定解釈」や「適用違憲」等の方法について、曽我部真裕 「憲法判断の方法」法学教室479号(2020年)64頁以下参照。 8 そして、この点に
論文（雑誌掲載）,辻村みよ子,選挙権と国民主権,(日本評論社、2015年),1,1,I0000123,県知事の公務での護国神社参拝取りやめをー政教分離原則の違反を問うー,甲39 安西文雄「国家と宗教」,権の制限の合憲性」同志社法学61巻2号(2009) 年)135頁など。辻村みよ子『選挙権と国民主権』(日本評論社、2015年)161 頁以下も参照。 (10)戸波江二「成年被後見人の選挙権制限の違憲性」 早稲田法学88巻
論文（雑誌掲載）,杉原正純,選挙権年令の引下げ問題について,"『選挙時報』19巻11号,1970.11.12, p.8. 58 レファレンス 833号",1,1,I0000117,立候補年齢引き下げ訴訟,甲B26　国立国会図書館調査及び立法考査局政治議会課編「主要国における被選挙権年齢 (資料)」レファレンス833号,"議論する際には、被選挙権年齢との関係も検討する必要 があるとされていた。杉原正純「選挙権年令の引下げ問題について」『選挙時報』19巻11号,1970.11.12, p.8. 58 レファレンス 833号 2020.6 国立国会図書館"
論文（雑誌掲載）,中谷幸司,選挙権年齢の「一八歳以上,"への引下 げ」『時の法令』1988号,2015.10.30, pp.4-17等を参照",1,1,I0000117,立候補年齢引き下げ訴訟,甲B26　国立国会図書館調査及び立法考査局政治議会課編「主要国における被選挙権年齢 (資料)」レファレンス833号,"引下げ)について」『選挙時報』64巻8号,2015.8, pp.1-9;中谷幸司「選挙権年齢の「一八歳以上」への引下 げ」『時の法令』1988号,2015.10.30, pp.4-17等を参照。 (2) 例えば、平成30年11月"
論文（雑誌掲載）,,選挙権論の『原点,と『争点』・再論」杉原泰雄・樋口陽一編『論争 憲法学』246頁,1,1,I0000046,在外選挙権確認訴訟【アーカイブケース】,甲２１：「在外日本人の選挙権行使と立法の不作為」と題する意見書,辻村みよ子『憲法』345頁以下(日本評論社2000年)。 (4)この点につき、同「選挙権論の『原点』と『争点』・再論」杉原泰雄・樋口陽一編『論争 憲法学』246頁(日本評論社1994年)。 (5)この点に関し、野中俊彦「
論文（雑誌掲載）,,選挙運動,と「『政治活動』との区 別などはほとんど不可能に近い」(佐藤・前掲書 454 頁,1,1,I0000151,「18歳未満にも選挙で応援する自由を」訴訟,甲４２：門田孝教授の意見書,解を表明する言動は全て「選挙運 動」とされてしまう危険さえあり、そうだとすれば、「選挙運動」と「『政治活動』との区 別などはほとんど不可能に近い」(佐藤・前掲書 454 頁)ということになってしまうであ ろう。上
論文（雑誌掲載）,駒井卓,遺伝学上より見たる民族衛生,"『遺伝学叢話』甲鳥書林, 1944, pp.350-352. 43 安田徳太郎「断種法",1,1,I0000132,「わたしの体は母体じゃない」訴訟,甲47：国民優生法の制定過程,"する我日本帝国において、「全世界人類の最高位を占むる此の尊ぶべき 42 駒井卓「遺伝学上より見たる民族衛生」 『遺伝学叢話』甲鳥書林, 1944, pp.350-352. 43 安田徳太郎「断種法への批判」『社会診察録』サイレン"
論文（雑誌掲載）,,遺棄葬,に近い弔い方が多いとされている(弁1号証添付資料2「土葬の村」 258頁,1,1,I0000083,ベトナム人技能実習生リンさんの死体遺棄罪刑事事件【アーカイブ】,控訴趣意書,奈良に 土葬の村」発見!なぜ、今も、村人は土葬を選ぶのか)、また子供の埋葬には 「遺棄葬」に近い弔い方が多いとされている(弁1号証添付資料2「土葬の村」 258頁)。沖縄地方には、古来早産未熟児を自家の敷地、畑
論文（雑誌掲載）,大山尚,重国籍と国籍唯一の原則,立法と調査 295号103頁,1,1,I0000106,本人の意思を無視して日本国籍を一方的にはく奪する「国籍法11条1項は違憲」訴訟,【訴訟１】甲１２１髙佐智美教授意見書「国籍法 11条 1項の憲法及び国際法規適合性について」,永住者が過去最高の 55.7万人に」（2023年1月 23日） 85 大山尚「重国籍と国籍唯一の原則 」立法と調査 295号103頁（2009年）114頁。 86 奥田他・前掲注 50）114頁。 87 菅原真「『国
論文（雑誌掲載）,,重国籍の弊害の発生する具体的な危険性があるとしても国籍選択制度の運用で対処できよう。,# 「判例紹介 国籍法の日本国籍剥奪条項の合憲性——国籍法11条1項違憲訴訟」 高佐智,1,1,I0000106,本人の意思を無視して日本国籍を一方的にはく奪する「国籍法11条1項は違憲」訴訟,【訴訟１】第３回期日報告集会資料（第２弾）_20230313,を有している者の日本国籍を喪失させることを相当とするほどのものではない。」 - 「重国籍の弊害の発生する具体的な危険性があるとしても国籍選択制度の運用で対処できよう。」 # 「判例紹介 国籍法の日本国籍剥奪条項の合憲性——国籍法11条1項違憲訴訟」 高佐智美 - 「国際人権」33号(2
論文（雑誌掲載）,佐藤隆之,録音・録画制度の下における被疑者取調べ,『井上正仁先 生古稀祝賀論文集』(有斐閣、2019年),1,1,I0000130,日本の「黙秘権」を問う訴訟 〜56時間にわたる侮辱的な取調べは違法〜 ,甲４号証（安部祥太氏意見書）,か し、2009年刊行の第3版以降は、この記述が維持されている。 なお、佐藤隆之「録音・録画制度の下における被疑者取調べ」『井上正仁先 生古稀祝賀論文集』(有斐閣、2019年) 353頁、濱田・前掲注156) 38 なお、Miranda 判
論文（雑誌掲載）,大城学,長者の大主考,『沖縄文学全集第20巻』、国書刊行会、1991年、115-144頁,1,1,I0000076,「琉球人のご先祖の遺骨返還を」訴訟【アーカイブ】,甲35,、1972年、3頁。 16 たとえば、芸能と宗教的要素との関係に関しては、大城学「長者の大主考」『沖縄文学全集第20巻』、国書刊行会、1991年、115-144頁を参照。また、文学における宗教性は第五章と第六章で詳し
論文（雑誌掲載）,安西文雄,間接差別と憲法,明治大学法科大学院論集 20号 11-12 頁,1,1,I0000031,結婚の自由をすべての人に訴訟（同性婚訴訟）,大野友也先生 意見書 ※憲法14条1項（法の下の平等）についての意見書,ある。 以上から、間接差別だという主張は成り立たないと考える。 43 安西文雄「間接差別と憲法」明治大学法科大学院論集 20号 11-12 頁(2017 年)。 44 この思考実験は、九州訴訟の原告の一人である、こう
論文（雑誌掲載）,南敏文,難民条約と国際私法,民事月報36巻11号(1981年),1,1,I0000054,ネパール人取調べ中死亡国賠訴訟事件【アーカイブ】,一審原告第５準備書面,、後述(2)の2))など。 22 宇賀・前揭注(19) 362頁。 23 南敏文「難民条約と国際私法」民事月報36巻11号(1981年)20頁。後述(2)の 10)のミャンマー人難民の事案がその例だと考えられる。 24 東
論文（雑誌掲載）,,青柳文雄先生略歴,(法学研究61巻2号〔1988年〕),1,1,I0000130,日本の「黙秘権」を問う訴訟 〜56時間にわたる侮辱的な取調べは違法〜 ,上告理由補充書（２）2025年9月1日,「新訂刑事訴訟法通論上巻」(1962年)236~247頁 10 「青柳文雄先生 略歴」(法学研究61巻2号〔1988年〕) 275~276頁 11 柏木千秋「刑事訴訟法」(1970年)56~
論文（雑誌掲載）,,非主観的訴訟,のほうが適切とするものがある,1,1,I0000182,デジタル時代の「知る権利」を守る。情報開示を阻む手数料を問う訴訟,【中林訴訟】甲第６号証20260612,たは一般公共の利益の保護を目的とする特殊な訴訟は、 一般に、客観訴訟と呼ばれる(「非主観的訴訟」のほうが適切とするものがある。小 早川光郎「非主観的訴訟と司法権」法学教室158号〔1993年〕98頁)。抗告訴訟および
論文（雑誌掲載）,早川光郎,非主観的訴訟と司法権,法学教室158号〔1993年〕98頁,1,1,I0000182,デジタル時代の「知る権利」を守る。情報開示を阻む手数料を問う訴訟,【中林訴訟】甲第６号証20260612,、客観訴訟と呼ばれる(「非主観的訴訟」のほうが適切とするものがある。小 早川光郎「非主観的訴訟と司法権」法学教室158号〔1993年〕98頁)。抗告訴訟および 当事者訴訟が、「法律上の争訟」にかかる訴訟で、個人の権利利益の保
論文（雑誌掲載）,炭谷喜史,韓国における取調べの可視化(映像録画)制度,小坂井久編集代表『取調べの可視化―その理 論と実践』(現代人文社、2024年),1,1,I0000155,人質司法に終止符を！訴訟,甲A149_日弁連_取調べ立会いに関する海外調査報告_韓国_イギリス_,申告センター運営委員会、 K:警察官、高:高位公職者犯罪捜査処)。 5 炭谷喜史「韓国における取調べの可視化(映像録画)制度」小坂井久編集代表『取調べの可視化―その理 論と実践』(現代人文社、2024年) 208頁以下。 7 取調べ立会いに関す
論文（雑誌掲載）,安部祥太,韓国における国選弁護制度——被疑者の国選弁護を中心に,青 山社会科学紀要41巻1号(2012年),1,1,I0000130,日本の「黙秘権」を問う訴訟 〜56時間にわたる侮辱的な取調べは違法〜 ,甲４号証（安部祥太氏意見書）,"ippi, 498 U.S. 146, 153 (1990). 149 安部祥太「韓国における国選弁護制度——被疑者の国選弁護を中心に」青 山社会科学紀要41巻1号(2012年) 123~154頁も参照。 34 気から黙秘権を守るために、権利行使による取"
論文（雑誌掲載）,安部祥太,韓国における被疑者取調べとその適正化―日本の被疑者取調べ適正化への示唆―(1),青山ロー フォーラム1巻1号(2012年),1,1,I0000155,人質司法に終止符を！訴訟,甲A149_日弁連_取調べ立会いに関する海外調査報告_韓国_イギリス_,拘束システムと取調べ3 ア身体拘束の手続と期間 (ア) 逮捕及び拘束 1安部祥太「韓国における被疑者取調べとその適正化―日本の被疑者取調べ適正化への示唆― (1)」青山ロー フォーラム1巻1号(2012年)74~75頁、安部祥太『被疑者取調べの憲法的規制』(日本評論社、2019年)
論文（雑誌掲載）,韓相範,韓国法の発展と法思想,尹龍沢=姜京根編『現代の韓国法――その 理論と動態』(有信堂高文社、2004年),1,1,I0000130,日本の「黙秘権」を問う訴訟 〜56時間にわたる侮辱的な取調べは違法〜 ,甲４号証（安部祥太氏意見書）,"23-224쪽。 89 詳細は、安部・前掲注8)235~242頁。 90 韓相範「韓国法の発展と法思想」尹龍沢=姜京根編『現代の韓国法――その 理論と動態』(有信堂高文社、2004年)3~15頁も参照。 91 이완규, 피의"
論文（雑誌掲載）,澤登俊夫,風俗営業法改正の経緯と新風営法の性格,法律時報57巻7号(1985年),1,1,I0000064,「セックスワークにも給付金を」訴訟 【アーカイブ】,甲102：意見書（岩切大地教授）,務の適正化等に関する法律』(東 京法令出版、1986年)15頁。 33 澤登俊夫「風俗営業法改正の経緯と新風営法の性格」法律時報57巻7号(1985年)9頁。 34 飛田ほか・前掲注(32) 50-51頁。 35辻義之「風営適正化法の基本的
論文（雑誌掲載）,辻義之,風営適正化法の基本的性格,関根謙一ほか(編),1,1,I0000064,「セックスワークにも給付金を」訴訟 【アーカイブ】,甲102：意見書（岩切大地教授）,(1985年)9頁。 34 飛田ほか・前掲注(32) 50-51頁。 35辻義之「風営適正化法の基本的性格」関根謙一ほか(編) 『講座警察法第2巻』(立花書房、2014年) 329頁。 36 風俗営業等の規制及び業務の適正化に関
論文（雑誌掲載）,片桐裕,風適法改正と今後の風俗警察行政の諸問題,警察学論集52巻2号(1999年),1,1,I0000064,「セックスワークにも給付金を」訴訟 【アーカイブ】,甲102：意見書（岩切大地教授）,せて考えるべき時期に来ているのではないかと思われる」と述べている。 31 片桐裕「風適法改正と今後の風俗警察行政の諸問題」 警察学論集52巻2号(1999年)24頁。 15 ていた届出制も、公安委員会からの届出確認書の交付と確認書の提示義務
論文（雑誌掲載）,蔡錫圭,體質人類學研究室,(『臺大校友雙月刊/2012年9月號」),1,1,I0000076,「琉球人のご先祖の遺骨返還を」訴訟【アーカイブ】,甲31,は、金関は山城産科医院から「所蔵人骨数点を借用する」と記載され (17) 蔡錫圭「體質人類學研究室」(『臺大校友雙月刊/2012年9月號」)、39頁。 (18) 同上論文、37頁。 (19) 同上論文、37~39頁。 (
英語文献,,The Hokkaido Shimbun Press.,,17,1,I0000124,恵庭市「障害者虐待」隠ぺい事件　〜元市議への忖度による放置を許さない〜,【恵庭市「障害者虐待」隠ぺい事件】甲第３３号証｜２０２５年１月２３日,The Hokkaido Shimbun Press.
英語文献,,"Cambridge University Press, 2012) 116, at 127. 58 Ibid., at 127-128.",,3,3,I0000031/I0000096/I0000155,「日本の入管収容は国際人権法違反」訴訟,甲A54　意見書「自由権規約の解釈方法について」（大阪大学大学院国際公共政策研究科准教授　髙田陽奈子）,"Cambridge University Press, 2012) 116, at 127. 58 Ibid., at 127-128."
英語文献,,"Oxford University Press, 2014), p. 267.",,3,3,I0000096/I0000111/I0000135,「日本の入管収容は国際人権法違反」訴訟,甲A54　意見書「自由権規約の解釈方法について」（大阪大学大学院国際公共政策研究科准教授　髙田陽奈子）,"Oxford University Press, 2014), p. 267."
英語文献,,"P Newell, Implementation Handbook of the United Nations Convention on the Rights",,3,1,I0000087,赤ちゃん取り違え被害者に「出自を知る権利を」訴訟【アーカイブ】,甲59,"P Newell, Implementation Handbook of the United Nations Convention on the Rights of the Child, 3rd edn. 2007, p. 122. 18 J"
英語文献,,"Tumors of the Testis and Adjacent Structures, ARP Press, 2013, 221-226 - 3) Amin",,3,1,I0000114,受刑者にも適切な医療を！刑務所医療過誤事件,乙B31『精巣腫瘍病理アトラス』,"Tumors of the Testis and Adjacent Structures, ARP Press, 2013, 221-226 - 3) Amin MB, Tickoo SK (eds)"
英語文献,,Baby steps: How lesbian alternative insemination is changing the world. Wesleyan,,2,2,I0000031,結婚の自由をすべての人に訴訟（同性婚訴訟）,新ヶ江章友先生 意見書,"Baby steps: How lesbian alternative insemination is changing the world. Wesleyan University Press. Albelda, R., Badgett, M. L., Schneebaum, A. and Gates, G. J. 2009."
英語文献,,Cambridge University Press,,2,2,I0000106,本人の意思を無視して日本国籍を一方的にはく奪する「国籍法11条1項は違憲」訴訟,【訴訟１】上告受理申立て理由書（一部カラー）2024年12月21日,Cambridge University Press
英語文献,,"Columbia University Press, 1981), p. 249",,2,2,I0000111/I0000135,日米同性カップル在留資格訴訟  〜家族そろって日本で暮らすために〜【アーカイブ】,近藤敦教授意見書（添付資料）,"Columbia University Press, 1981), p. 249"
英語文献,,"Introduction: Racial inequity in special education, Cambridge, MA: Harvard Educa",,2,2,I0000128,人種差別的な職務質問をやめさせよう！訴訟｜#STOPレイシャルプロファイリング,甲40　2007年11月13日付 D.H. v. The Czech Republic事件判決（Grand Chamber）,"Introduction: Racial inequity in special education, Cambridge, MA: Harvard Education Press), disproportionately placing certain groups of students in special education resulted fro"
英語文献,,Iraq: Regime Cohesion Under Pressure' 303,,2,2,I0000092,イラク戦争検証報告書情報公開訴訟【アーカイブ】,甲第２３号証の４,Iraq: Regime Cohesion Under Pressure' 303
英語文献,,"Ministry of Land, Infrastructure, Transport and Tourism Press Release",,2,2,I0000170,再開発は誰のため？いわき市の「不公正な行政契約は違法」訴訟,乙９│令和５年３月から適用する設計業務委託等技術者単価について,"Ministry of Land, Infrastructure, Transport and Tourism Press Release"
英語文献,,Modern families: Parents and children in new family forms: Cambridge University ,,2,2,I0000031,結婚の自由をすべての人に訴訟（同性婚訴訟）,新ヶ江章友先生 意見書,"Modern families: Parents and children in new family forms: Cambridge University Press. Golombok, S., Blake, L., Slutsky, J., Raffanello, E., Roman, G. D. and Ehrhardt, A"
英語文献,,"New York: New Press, 2002) at pp. 69-71.",,2,2,I0000128,人種差別的な職務質問をやめさせよう！訴訟｜#STOPレイシャルプロファイリング,甲49　2003年4月16日付R v. Brown判決（オンタリオ控訴審判決）,"New York: New Press, 2002) at pp. 69-71."
英語文献,,Oxford University Press,,2,2,I0000031/I0000111,結婚の自由をすべての人に訴訟（同性婚訴訟）,谷口洋幸先生 意見書　※性的指向にもとづく差別の解消及び性的指向に関連する人権の保障は国家に課せられた国際人権法上の義務,Oxford University Press
英語文献,,"Oxford University Press, 1984), p.133. 10 Council of Europe, Explanatory Report ",,2,2,I0000111/I0000135,難民帰化訴訟〜真に社会の一員へ〜,甲36・意見書,"Oxford University Press, 1984), p.133. 10 Council of Europe, Explanatory Report to the European Convention on Nat"
英語文献,,"Oxford University Press, 2005)",,2,2,I0000096,「日本の入管収容は国際人権法違反」訴訟,甲A54　意見書「自由権規約の解釈方法について」（大阪大学大学院国際公共政策研究科准教授　髙田陽奈子）,"Oxford University Press, 2005)"
英語文献,,"Oxford University Press, 2010), pp. 98-99",,2,2,I0000111/I0000135,日米同性カップル在留資格訴訟  〜家族そろって日本で暮らすために〜【アーカイブ】,近藤敦教授意見書（添付資料）,"Oxford University Press, 2010), pp. 98-99"
英語文献,,"Oxford University Press, Online Edition), para. 8. 40 Ahmadou Sadio Diallo (R",,2,1,I0000096,「日本の入管収容は国際人権法違反」訴訟,甲A54　意見書「自由権規約の解釈方法について」（大阪大学大学院国際公共政策研究科准教授　髙田陽奈子）,"Oxford University Press, Online Edition), para. 8. 40 Ahmadou Sadio Diallo (R"
英語文献,,Queering reproduction: Achieving pregnancy in the age of technoscience: Duke Uni,,2,2,I0000031,結婚の自由をすべての人に訴訟（同性婚訴訟）,新ヶ江章友先生 意見書,"Queering reproduction: Achieving pregnancy in the age of technoscience: Duke University Press. Moore, M. R., 2008,"
英語文献,,"The family of woman: Lesbian mothers, their children, and the undoing of gender.",,2,2,I0000031,結婚の自由をすべての人に訴訟（同性婚訴訟）,新ヶ江章友先生 意見書,"The family of woman: Lesbian mothers, their children, and the undoing of gender. Univ of California Press. Telingator, C. J. and Patterson, C., 2008,"
英語文献,,"University of Minnesota Press, 2014, p.ix. 58 See, H- Dirksen L. Bauman and Jose",,2,1,I0000132,「わたしの体は母体じゃない」訴訟,甲143：小川意見書,"University of Minnesota Press, 2014, p.ix. 58 See, H- Dirksen L. Bauman and Joseph J. Murray,"
英語文献,,"A. F. Bayefsky, 'The Principle of Equality Ornon- Discrimination in Internationa",,1,1,I0000111,日米同性カップル在留資格訴訟  〜家族そろって日本で暮らすために〜【アーカイブ】,近藤敦教授意見書（添付資料）,"A. F. Bayefsky, 'The Principle of Equality Ornon- Discrimination in International Law' Human Rights Law Journal 11 (1990), p. 19"
英語文献,,"A. F. Bayefsky, The Principle of Equality Ornon-Discrimination in International ",,1,1,I0000135,難民帰化訴訟〜真に社会の一員へ〜,甲36・意見書,"A. F. Bayefsky, The Principle of Equality Ornon-Discrimination in International Law, Human Rights Law Journal 11 (1990), p. 19"
英語文献,,AI Now public symposium hosted by the White House and the Information Law Instit,,1,1,I0000085,「人種差別を許さない」訴訟　～警察官による母子の不当聴取と個人情報の漏洩～,甲２８の１　general recommendation No.36（CERD）,"AI Now public symposium hosted by the White House and the Information Law Institute of New York University on 7 July 2016, p. 7. 24 A"
英語文献,,"Again, Nebraska Press Assn. v. Stuart, supra, 427 U. S., at 559, noted that the ",,1,1,I0000049,レペタ訴訟【アーカイブ】,甲2：リッチモンド新聞社事件判決（原文）,"Again, Nebraska Press Assn. v. Stuart, supra, 427 U. S., at 559, noted that the traditional guarantee against p"
英語文献,,Al Now public symposium hosted by the White House and the Information Law Instit,,1,1,I0000128,人種差別的な職務質問をやめさせよう！訴訟｜#STOPレイシャルプロファイリング,甲１：法執行機関職員による人種プロファイリングの防止及び撲滅に関する一般的勧告第3 6号 （2020年）,"Al Now public symposium hosted by the White House and the Information Law Institute of New York University on 7 July 2016, p. 7. 24 A"
英語文献,,"Alan Gewirth, Reason and Morality, The University of Chicago Press, 1987, p.22(",,1,1,I0000132,「わたしの体は母体じゃない」訴訟,甲143：小川意見書,"Alan Gewirth, Reason and Morality, The University of Chicago Press, 1987, p.22("
英語文献,,Amendment makes this provision applicable to the abridgment of speech by the Sta,,1,1,I0000049,レペタ訴訟【アーカイブ】,甲4：プレス・エンタープライズ社事件判決（原文）,"Amendment makes this provision applicable to the abridgment of speech by the States, including state judges. See, e. g., Nebraska Press Assn. v. Stuart, 427 U. S. 539 (1976)."
英語文献,,"Amsterdam University Press, 2006), p. 43.",,1,1,I0000135,難民帰化訴訟〜真に社会の一員へ〜,甲36・意見書,"Amsterdam University Press, 2006), p. 43."
英語文献,,"Asian Folklore Studies xxxix-i, 1980, p. 8). - (45)",,1,1,I0000076,「琉球人のご先祖の遺骨返還を」訴訟【アーカイブ】,甲36,"Asian Folklore Studies xxxix-i, 1980, p. 8). - (45)"
英語文献,,Brosens IA: Benefits and Risks of Hormonal Contraception. Lancaster. MTP Press. ,,1,1,I0000132,「わたしの体は母体じゃない」訴訟,乙4：トリキュラー錠_使用説明書,Brosens IA: Benefits and Risks of Hormonal Contraception. Lancaster. MTP Press. 1982
英語文献,,Bundesministerium dar Justiz Bundesministerium der Justiz Suche Pressestelle Pre,,1,1,I0000125,婚外子国籍訴訟 —国籍法3条1項は違憲—【アーカイブ】,乙21号証,Bundesministerium dar Justiz Bundesministerium der Justiz Suche Pressestelle Pressemitteilungen 2006 2005 2004 2003 2002 Besucherdienst Aktuelles Wir
英語文献,,California Superior Court. Before the voir dire examina- tion of prospective jur,,1,1,I0000049,レペタ訴訟【アーカイブ】,甲4：プレス・エンタープライズ社事件判決（原文）,"California Superior Court. Before the voir dire examina- tion of prospective jurors began, petitioner, Press-Enter- prise Co., moved that the voir dire be open to the public and the press. Petitione"
英語文献,,"Cambridge University Press. UNEP (2019) Emission Gap report 2019, UN",,1,1,I0000121,神戸石炭訴訟｜気候変動と大気汚染を防ぐため、石炭火力発電所新設は取り消しを！【アーカイブ】,甲D第１０２号証【意見書】地球温暖化に関する基本認識について｜国立環境研究所　江守正多｜2020年8月10日,"Cambridge University Press. UNEP (2019) Emission Gap report 2019, UN"
英語文献,,"Carolina Academic Press, 2002)",,1,1,I0000116,「会計年度任用職員にも労働基本権を！」訴訟,書証（丙１５）,"Carolina Academic Press, 2002)"
英語文献,,Chicago Review Press.(,,1,1,I0000031,結婚の自由をすべての人に訴訟（同性婚訴訟）,河口和也先生 意見書　「欧米および国際社会における同性愛の権利主体形成の歴史」,Chicago Review Press.(
英語文献,,College of Law Published online by Cambridge University Press CAMBRIDGE UNIVERSI,,1,1,I0000155,人質司法に終止符を！訴訟,甲A82-1：市民的及び政治的権利に関する国際規約に関する注釈書,College of Law Published online by Cambridge University Press CAMBRIDGE UNIVERSITY PRESS
英語文献,,"Constitution, our jurisdiction ex- tends only to actual cases or controversies. ",,1,1,I0000049,レペタ訴訟【アーカイブ】,甲3：グローブ新聞社事件判決（原文）,"Constitution, our jurisdiction ex- tends only to actual cases or controversies. Nebraska Press Assn. v. Stuart, 427 U. S. 539, 546 (1976)."
英語文献,,"Contributions to International Human Rights Law, With Specific Reference to Extr",,1,1,I0000087,赤ちゃん取り違え被害者に「出自を知る権利を」訴訟【アーカイブ】,甲59,"Contributions to International Human Rights Law, With Specific Reference to Extraordinary Rendition, Melbourne Journal of International Law 13 (2012), p. 1, at 27 et seq. 165"
英語文献,,Convention. Back to Index About Us News Foreign Policy. Ministers Press Releases,,1,1,I0000128,人種差別的な職務質問をやめさせよう！訴訟｜#STOPレイシャルプロファイリング,甲68（人種差別撤廃条約）,Convention. Back to Index About Us News Foreign Policy. Ministers Press Releases Diplomatic Bluebook Officials Press Conferences Japan's Security
英語文献,,"Cornerstone Christian Schools v. University Interscholastic League, 563 F.3d 127",,1,1,I0000178,私として生きる権利を求めて。アイコさん難民不認定取消訴訟,乙B5,"Cornerstone Christian Schools v. University Interscholastic League, 563 F.3d 127, 243 Ed. Law Rep. 609 (5th Cir. 2009)"
英語文献,,Deviance and Medicalization: From Badness to Sickness. Temple University Press.(,,1,1,I0000031,結婚の自由をすべての人に訴訟（同性婚訴訟）,河口和也先生 意見書　「欧米および国際社会における同性愛の権利主体形成の歴史」,Deviance and Medicalization: From Badness to Sickness. Temple University Press.(
英語文献,,For the right of access is plainly not coextensive with the right of expression ,,1,1,I0000049,レペタ訴訟【アーカイブ】,甲3：グローブ新聞社事件判決（原文）,"For the right of access is plainly not coextensive with the right of expression that was vindicated in Nebraska Press Assn., supra."
英語文献,,"Furthermore, the following non-governmental organizations submitted amici curiae",,1,1,I0000049,レペタ訴訟【アーカイブ】,添付資料二：同英文,"Furthermore, the following non-governmental organizations submitted amici curiae briefs, the Inter-American Press Association, the Colegio de Periodistas of Costa Rica, the World Press Freedom Committee,"
英語文献,,"G. W. Stocking, Bones, Body, Behavior, The University of Wisconsin Press, 1988, ",,1,1,I0000076,「琉球人のご先祖の遺骨返還を」訴訟【アーカイブ】,甲15,"G. W. Stocking, Bones, Body, Behavior, The University of Wisconsin Press, 1988, p.9. (5)"
英語文献,,"Government, its request was formulated in fulfillment of a commit- ment it had m",,1,1,I0000049,レペタ訴訟【アーカイブ】,添付資料二：同英文,"Government, its request was formulated in fulfillment of a commit- ment it had made to the Inter-American Press"
英語文献,,"Grosjean v. American Press Co., 297 U. S. 233, 249-250 (1936)",,1,1,I0000049,レペタ訴訟【アーカイブ】,甲2：リッチモンド新聞社事件判決（原文）,"Grosjean v. American Press Co., 297 U. S. 233, 249-250 (1936)"
英語文献,,"H. D. Lasswell and L. Chen, 'The Protection of Respect and Human Rights: Freedom",,1,1,I0000111,日米同性カップル在留資格訴訟  〜家族そろって日本で暮らすために〜【アーカイブ】,近藤敦教授意見書（添付資料）,"H. D. Lasswell and L. Chen, 'The Protection of Respect and Human Rights: Freedom of Choice and World Public Order', American University Law Review 24 (1975), p. 1068. 15 Chetail, op. cit., p. 148. 16"
英語文献,,"H. Humphrey PA, Ulbright TM: WHO Classification of Tumours of the Urinary System",,1,1,I0000114,受刑者にも適切な医療を！刑務所医療過誤事件,乙B27『精巣腫瘍取扱い規約』,"H. Humphrey PA, Ulbright TM: WHO Classification of Tumours of the Urinary System and Male Genital Organs. Geneva, Switzerland: WHO Press"
英語文献,,"Hannum, The Status of the Universal Declaration of Human Rights in National and ",,1,1,I0000135,難民帰化訴訟〜真に社会の一員へ〜,甲36・意見書,"Hannum, The Status of the Universal Declaration of Human Rights in National and International Law, Georgia Journal of International and Comparative Law 25 (1996), pp. 341-43"
英語文献,,"Hate Crimes in Cyberspace, Harvard University Press. 3 https",,1,1,I0000085,「人種差別を許さない」訴訟　～警察官による母子の不当聴取と個人情報の漏洩～,甲３１　意見書（大阪公立大学大学院准教授明戸隆浩）,"Hate Crimes in Cyberspace, Harvard University Press. 3 https"
英語文献,,Homosexuality in Renaissance England. Gay Men's Press.(,,1,1,I0000031,結婚の自由をすべての人に訴訟（同性婚訴訟）,河口和也先生 意見書　「欧米および国際社会における同性愛の権利主体形成の歴史」,Homosexuality in Renaissance England. Gay Men's Press.(
英語文献,,"How the United States and Europe Struggle to Preserve Freedom and Combat Racism,",,1,1,I0000085,「人種差別を許さない」訴訟　～警察官による母子の不当聴取と個人情報の漏洩～,甲３１　意見書（大阪公立大学大学院准教授明戸隆浩）,"How the United States and Europe Struggle to Preserve Freedom and Combat Racism, Oxford University Press. 2"
英語文献,,"Human Rights Quarterly 12 (1990), p. 115, at 116. 44 R Hodgkin",,1,1,I0000087,赤ちゃん取り違え被害者に「出自を知る権利を」訴訟【アーカイブ】,甲59,"Human Rights Quarterly 12 (1990), p. 115, at 116. 44 R Hodgkin"
英語文献,,"Impacts, Adaptation and Vulnerability, Cambridge University Press. Lenton, T. M,",,1,1,I0000121,神戸石炭訴訟｜気候変動と大気汚染を防ぐため、石炭火力発電所新設は取り消しを！【アーカイブ】,甲D第１０２号証【意見書】地球温暖化に関する基本認識について｜国立環境研究所　江守正多｜2020年8月10日,"Impacts, Adaptation and Vulnerability, Cambridge University Press. Lenton, T. M, et al. (2019) Climate tipping points too risky to bet against. Natur"
英語文献,,"In All-Day Debate, Security Council Voices Alarm at Growing Threats to Journalis",,1,1,I0000060,ジャーナリストに渡航の自由を！訴訟【アーカイブ】,意見書（デイビッドケイ氏）,"In All-Day Debate, Security Council Voices Alarm at Growing Threats to Journalists, Unanimously Adopting Resolution 2222 (2015), UN Meetings Coverage and Press Releases"
英語文献,,"International Press Institute, the Newspaper Guild and the International Associa",,1,1,I0000049,レペタ訴訟【アーカイブ】,添付資料二：同英文,"International Press Institute, the Newspaper Guild and the International Association of Broadcasting, the Ame"
英語文献,,"J Chan, The Right to Nationality as a Human Right: The Current Trend towards Rec",,1,1,I0000087,赤ちゃん取り違え被害者に「出自を知る権利を」訴訟【アーカイブ】,甲59,"J Chan, The Right to Nationality as a Human Right: The Current Trend towards Recognition, Human Rights Journal 12 (1991), p. 1, at 11. 1 J Tobin"
英語文献,,Legal Adviser For the Inter-American Press Association. Germ,,1,1,I0000049,レペタ訴訟【アーカイブ】,添付資料二：同英文,Legal Adviser For the Inter-American Press Association. Germ
英語文献,,"Louis Massicotte et al., Establishing the Rules of the Game: Election Laws in De",,1,1,I0000117,立候補年齢引き下げ訴訟,甲B26　国立国会図書館調査及び立法考査局政治議会課編「主要国における被選挙権年齢 (資料)」レファレンス833号,"Louis Massicotte et al., Establishing the Rules of the Game: Election Laws in Democracies, Toronto: University of Toronto Press, 2004, p.53. (34)"
英語文献,,"Martinus Nijhoff Publishers, 2009), p. 427.",,1,1,I0000096,「日本の入管収容は国際人権法違反」訴訟,甲A54　意見書「自由権規約の解釈方法について」（大阪大学大学院国際公共政策研究科准教授　髙田陽奈子）,"Martinus Nijhoff Publishers, 2009), p. 427."
英語文献,,"Molly Ladd-Taylor, Fixing the poor: eugenic sterilization and child welfare in t",,1,1,I0000132,「わたしの体は母体じゃない」訴訟,甲146：旧優生保護法の歴史と問題,"Molly Ladd-Taylor, Fixing the poor: eugenic sterilization and child welfare in the twentieth century, Johns Hopkins University Press, 2017, p.228"
英語文献,,"New York: New Press, 2002) Report of the Commission on Systemic Racism in the On",,1,1,I0000128,人種差別的な職務質問をやめさせよう！訴訟｜#STOPレイシャルプロファイリング,甲49（和訳）2003年4月16日付R v. Brown判決（オンタリオ控訴審判決）,"New York: New Press, 2002) Report of the Commission on Systemic Racism in the Ontario Criminal Justice System"
英語文献,,"Newspaper Publishers Association, the American Society of Newspaper Editors and ",,1,1,I0000049,レペタ訴訟【アーカイブ】,添付資料二：同英文,"Newspaper Publishers Association, the American Society of Newspaper Editors and the Associated Press, the Federaci"
英語文献,,"Oxford University Press, 2009), ch. 11. 2 European Convention Art. 5 provides a ",,1,1,I0000155,人質司法に終止符を！訴訟,甲A82-1：市民的及び政治的権利に関する国際規約に関する注釈書,"Oxford University Press, 2009), ch. 11. 2 European Convention Art. 5 provides a detailed listing of permitted pur"
英語文献,,"Oxford University Press, 2011",,1,1,I0000135,難民帰化訴訟〜真に社会の一員へ〜,20240430 原告準備書面⑷,"Oxford University Press, 2011"
英語文献,,"Oxford University Press, 2016). 124 For discussion in wider legal and medical co",,1,1,I0000155,人質司法に終止符を！訴訟,甲A82-1：市民的及び政治的権利に関する国際規約に関する注釈書,"Oxford University Press, 2016). 124 For discussion in wider legal and medical context, see Bernadette McSherry an"
英語文献,,"Oxford University Press, 2024), p. 1593 (R. Marx and Y. Li). 33 Grahl-Madsen, su",,1,1,I0000135,難民帰化訴訟〜真に社会の一員へ〜,甲36・意見書,"Oxford University Press, 2024), p. 1593 (R. Marx and Y. Li). 33 Grahl-Madsen, supra note, 30, Art. 34. 9 2"
英語文献,,"Oxford University Press, 4th ed., 2010). 12",,1,1,I0000155,人質司法に終止符を！訴訟,甲A117 資料入手報告書,"Oxford University Press, 4th ed., 2010). 12"
英語文献,,"Oxford University Press,1997)",,1,1,I0000030,「海外でも国民審査を」訴訟【アーカイブ】,意見書（駒村圭吾先生）,"Oxford University Press,1997)"
英語文献,,"Quest: History and Meaning in Religion, Chicago: The University of Chicago Press",,1,1,I0000076,「琉球人のご先祖の遺骨返還を」訴訟【アーカイブ】,甲35,"Quest: History and Meaning in Religion, Chicago: The University of Chicago Press, 1969, pp.35-36. 2"
英語文献,,"Remenvering, Cambridge Univ. Press.",,1,1,I0000049,レペタ訴訟【アーカイブ】,甲40：意見書（慶應大学伊東裕司助手）,"Remenvering, Cambridge Univ. Press."
英語文献,,"Robert Blackburn, The Electoral System in Britain, Houndmills: Macmillan Press, ",,1,1,I0000117,立候補年齢引き下げ訴訟,甲B26　国立国会図書館調査及び立法考査局政治議会課編「主要国における被選挙権年齢 (資料)」レファレンス833号,"Robert Blackburn, The Electoral System in Britain, Houndmills: Macmillan Press, 1995, p.168. (47)"
英語文献,,"S. Besson, 'The Principle of Non-Discrimination in the Convention on the Rights ",,1,1,I0000111,日米同性カップル在留資格訴訟  〜家族そろって日本で暮らすために〜【アーカイブ】,近藤敦教授意見書（添付資料）,"S. Besson, 'The Principle of Non-Discrimination in the Convention on the Rights of the Child' International Journal of Children's Rights 13 (2005), p. 440"
英語文献,,"See, e. g., Nebraska Press Association v. Stuart, 427 U. S., at 563-565",,1,1,I0000049,レペタ訴訟【アーカイブ】,甲2：リッチモンド新聞社事件判決（原文）,"See, e. g., Nebraska Press Association v. Stuart, 427 U. S., at 563-565"
英語文献,,Share this Article PressRelease,,1,1,I0000176,不透明な契約・区長の教育行政介入を問う住民訴訟 〜文京区の教育は誰のもの？,乙014 カタリバホームページ,Share this Article PressRelease
英語文献,,Sie den aktuellen Adobe Acrobat Reader. Download der kostenfreien Version hier P,,1,1,I0000125,婚外子国籍訴訟 —国籍法3条1項は違憲—【アーカイブ】,乙21号証,Sie den aktuellen Adobe Acrobat Reader. Download der kostenfreien Version hier Pressemitteilungen als RSS Verwendung von RSS Druckansicht Seite weiterempfehlen zum Seitenanf
英語文献,,"Susan Sered, Women of the Sacred Groves: Divine Priestess of Okinawa, New York a",,1,1,I0000076,「琉球人のご先祖の遺骨返還を」訴訟【アーカイブ】,甲35,"Susan Sered, Women of the Sacred Groves: Divine Priestess of Okinawa, New York and Oxford, Oxford University Press, 1999, p.4.) 46"
英語文献,,"Sympo- sium on Naval Hydrodynamics, National Academy Press, 550-558. Vinje, T., ",,1,1,I0000082,隠される「国の事故調査」プロセスを明らかに！訴訟,甲１０（開示された文書２）,"Sympo- sium on Naval Hydrodynamics, National Academy Press, 550-558. Vinje, T., 1989"
英語文献,,"T. Emerson, 'Freedom of the Press under the Burger Court' in",,1,1,I0000049,レペタ訴訟【アーカイブ】,（準備書面（昭和60年10月3日付））,"T. Emerson, 'Freedom of the Press under the Burger Court' in"
英語文献,,The International Legal Protection of the Child's Right to a Legal Identity and ,,1,1,I0000087,赤ちゃん取り違え被害者に「出自を知る権利を」訴訟【アーカイブ】,甲59,"The International Legal Protection of the Child's Right to a Legal Identity and the Problem of Statelessness, International Journal of Law and the Family 7 (1993), p. 255, at 265. 12 J Doek, in"
英語文献,,The Path to Gay Rights: How Activism and Coming Out Changed Public Opinion. New ,,1,1,I0000031,結婚の自由をすべての人に訴訟（同性婚訴訟）,河口和也先生 意見書　「欧米および国際社会における同性愛の権利主体形成の歴史」,"The Path to Gay Rights: How Activism and Coming Out Changed Public Opinion. New York University Press. Landau, Joseph 2003"
英語文献,,"The Physical Science Basis, Cambridge University Press. Global Carbon Project (2",,1,1,I0000121,神戸石炭訴訟｜気候変動と大気汚染を防ぐため、石炭火力発電所新設は取り消しを！【アーカイブ】,甲D第１０２号証【意見書】地球温暖化に関する基本認識について｜国立環境研究所　江守正多｜2020年8月10日,"The Physical Science Basis, Cambridge University Press. Global Carbon Project (2019) Global Carbon Budget 2019, https"
英語文献,,The ideal reporting interval for an epidemic to objectively interpret the epidem,,1,1,I0000071,コロナ禍、日本社会の理不尽を問う（コロナ特措法違憲訴訟）【アーカイブ】,甲第５４号証：「2度目の緊急事態宣言がCOVID-19感染拡大速度に与えた影響に関する研究」と題する論文（「実験政策学第7巻1号）,"The ideal reporting interval for an epidemic to objectively interpret the epidemiological time course. Journal of The Royal Society Interface, 7(43), pp.297-307. Nussbaumer-Streit,"
英語文献,,The offences against the Press Law,,1,1,I0000155,人質司法に終止符を！訴訟,甲A61：Official gazette 1946-11-03,The offences against the Press Law
英語文献,,Themen Agenda Presse Service Pressemitteilungen Sitemap,,1,1,I0000125,婚外子国籍訴訟 —国籍法3条1項は違憲—【アーカイブ】,乙21号証,Themen Agenda Presse Service Pressemitteilungen Sitemap
英語文献,,"Visual information processing. Academic Press. Craik, F. I. M.",,1,1,I0000049,レペタ訴訟【アーカイブ】,甲40：意見書（慶應大学伊東裕司助手）,"Visual information processing. Academic Press. Craik, F. I. M."
英語文献,,WHO publications -whether for sale or for non-commercial distribu- tion- should ,,1,1,I0000132,「わたしの体は母体じゃない」訴訟,甲85の1：Ensuring Human rights in the provision of contraceptive information and services (WHO),WHO publications -whether for sale or for non-commercial distribu- tion- should be addressed to WHO Press through the WHO website (www.who.int
英語文献,,"When so employed against prior restraints, free speech protections are almost in",,1,1,I0000049,レペタ訴訟【アーカイブ】,甲2：リッチモンド新聞社事件判決（原文）,"When so employed against prior restraints, free speech protections are almost insurmountable. See Nebraska Press Assn. v. Stuart, supra, 427 U. S., at 558-559 (1976)"
執筆者の業績（引用ではない）,子・山元一編著,概説憲法コンメンタール,157頁,12,9,I0000031/I0000090/I0000135,結婚の自由をすべての人に訴訟（同性婚訴訟）,【東京・第９回】原告ら第２０準備書面（被告第５準備書面に対する反論）,きことを立法府の義務として定めるものであり(甲A425・辻村 みよ子・山元一編著『概説 憲法コンメンタール』157頁(信山社、20 18)〔糠塚康江〕)、立法府を厳格に規律統制する規定である。 すなわち、日本においては、戦前、個
執筆者の業績（引用ではない）,辻村みよ子,家族と憲法,"(日本加除出版,2016 年)",8,8,I0000031,結婚の自由をすべての人に訴訟（同性婚訴訟）,【札幌・東京・名古屋・大阪】訴状　東京地裁20190214提訴分,"憲法上の婚姻が異性間でしか認められないとも明記して いない(甲A35・辻村みよ子『家族と憲法』(日本加除出版,2016 年)128頁)。文言解釈上,同条項が法律上同性の者との婚姻を禁止して いると解する根拠は無い。"
執筆者の業績（引用ではない）,,国家補償法,(有斐閣、1988年),6,6,I0000031/I0000054/I0000071/I0000119/I0000121/I0000131,コロナ禍、日本社会の理不尽を問う（コロナ特措法違憲訴訟）【アーカイブ】,甲第６０号証の１：阿部泰隆先生　意見書,社、1987年) - 4 『行政裁量と行政救済』(三省堂、1987年) - 5 『国家補償法』(有斐閣、1988年) - 6 『国土開発と環境保全』(日本評論社、1989年) - 7 『行政法の解釈』(信山社、19
執筆者の業績（引用ではない）,日本学術振興会編,日本学術振興会年報,4号(自昭和11年4月至昭和12年3月),6,1,I0000132,「わたしの体は母体じゃない」訴訟,甲47：国民優生法の制定過程,神病院協会理事長は三宅鑛一氏、救治会理事長は内村祐之氏。 30 日本学術振興会編『日本学術振興会年報』4号(自昭和11年4月至昭和12年3月) p.15.なお、昭和12年に永井 潜氏が台湾に転出後は三宅鑛一委員長。岡田靖雄
執筆者の業績（引用ではない）,,性的マイノリティ判例解説,(信山社),5,5,I0000031/I0000067/I0000111,結婚の自由をすべての人に訴訟（同性婚訴訟）,谷口洋幸先生 意見書　※性的指向にもとづく差別の解消及び性的指向に関連する人権の保障は国家に課せられた国際人権法上の義務,9 『LGBTをめぐる法と社会』(日本加除出版) - 谷口洋幸ほか編 2011 『性的マイノリティ判例解説』(信山社) [論文] - 谷口洋幸 2018「性的マイノリティの権利は人権である:法律と裁判例から読み解く」ジェン ダー
執筆者の業績（引用ではない）,鈴木善次,日本の優生学―その思想と運動の軌跡―,"三共出版,1983, pp.46-47、米本昌平「第一章 イギリスからア メリカへ―優生",5,1,I0000132,「わたしの体は母体じゃない」訴訟,甲47：国民優生法の制定過程,"と人種改良論』クレス出版, 2010, pp.441-445.)等 3 鈴木善次『日本の優生学―その思想と運動の軌跡―』三共出版,1983, pp.46-47、米本昌平「第一章 イギリスからア メリカへ―優生学の起源―」 米本昌平・松原洋子"
執筆者の業績（引用ではない）,,事実婚の多様性と法的保護の根拠,家族〈社会と法〉27号(2011),4,4,I0000031/I0000131/I0000159,日本でもマリアージュしたいねん～海外で成立した同性婚の受理を求める裁判～,c241218二宮周平先生（民法）意見書（甲C1）,親による〔第2版〕』(信山社、 2023) 以下、本意見書に関する単著論文 - 「事実婚の多様性と法的保護の根拠」家族〈社会と法〉27号(2011)20頁 - 「家族法~同性婚への道のりと課題」三成美保編『同性愛をめぐる歴史と法~尊厳
執筆者の業績（引用ではない）,論文,事実婚・パートナーシップの死亡解消と『相続,財産承 継」家族<社会と法〉34 号(2018),4,4,I0000031/I0000159,結婚の自由をすべての人に訴訟（同性婚訴訟）,二宮周平先生 意見書　※民法学者による本件についての意見,の意義と展開~札幌市と台湾を例 に」戸籍時報759号(2017)14頁 - 論文「事実婚・パートナーシップの死亡解消と『相続』・財産承 継」家族<社会と法〉34 号(2018)75頁 - 論文「利他的行為としての生殖補助医療~提供者・代理懐胎者の
執筆者の業績（引用ではない）,編著,同性愛をめぐる歴史と法,"(明石書店,2015年)",4,3,I0000031,結婚の自由をすべての人に訴訟（同性婚訴訟）,【札幌・東京・名古屋・大阪】訴状　東京地裁20190214提訴分,"るとの判例 が確立した(甲A31・谷口洋幸「「同性愛」と国際人権」三成美保 編著『同性愛をめぐる歴史と法』(明石書店,2015年)148頁, 152頁)。1994年3月31日,国連自由権規約人権委員会は, 自由権規約第2条第1"
執筆者の業績（引用ではない）,,大震災の法と政策,(日本評論社、1995年),4,2,I0000071/I0000119,コロナ禍、日本社会の理不尽を問う（コロナ特措法違憲訴訟）【アーカイブ】,甲第６０号証の１：阿部泰隆先生　意見書,993年) - 9 『政策法務からの提言』(日本評論社、1993年) - 10 『大震災の法と政策』(日本評論社、1995年) - 11 『政策法学の基本指針』(弘文堂、1996年) - 12 『行政の法システム上[新版
執筆者の業績（引用ではない）,,政策法学講座,(第一法規、2003年),4,2,I0000071/I0000119,コロナ禍、日本社会の理不尽を問う（コロナ特措法違憲訴訟）【アーカイブ】,甲第６０号証の１：阿部泰隆先生　意見書,部告発(ホイッスルブロウワァー)の法的設計』 (信山社、2003年) - 21 『政策法学講座』(第一法規、2003年) - 22 『行政訴訟要件論』(弘文堂、2003年) - 23 『行政書士の未来像』(信山社、2
執筆者の業績（引用ではない）,小林真理編著,文化政策の現在3文化政策の展望,(東大出 版会、2018年),4,2,I0000095,『宮本から君へ』助成金不交付決定取消訴訟【アーカイブ】,意見書,1年)、若林朋子 「進化を迫られる芸術 文化助成一可能性と諸課題」 小林真理編著『文化政策の現在3文化政策の展望』(東大出 版会、2018年)、小島立「現代アートと法――知的財産法及び文化政策の観点から、 的財産法政策学研究36号(2
執筆者の業績（引用ではない）,,法学入門,北樹出版、201,4,4,I0000123/I0000134/I0000159,県知事の公務での護国神社参拝取りやめをー政教分離原則の違反を問うー,20240913意見書,海道大学出版会、2008年 - 『アジアの憲法入門』日本評論社、2010年 - 『法学入門』北樹出版、201 - 『北東アジアの歴史と記憶』勁草書房、2014年 - 『安倍改憲・壊憲総批判-憲法研究者は訴える』八
執筆者の業績（引用ではない）,,法律時報,74巻1号(2002年),4,4,I0000031/I0000095,『宮本から君へ』助成金不交付決定取消訴訟【アーカイブ】,意見書,年(新装版2017年))、阪口正二郎「芸術に対する国家の財政援助 と表現の自由」『法律時報』74巻1号(2002年)、中村美帆「文化政策と法」小林真理 編著『文化政策の現在3文化政策の展望』(東大出版会、2018
執筆者の業績（引用ではない）,ム編著,Q&A早わかり鳥獣被害防止特措法,(大成出 版社、2008年),3,1,I0000165,「ヒグマハンターの猟銃を取り戻す」訴訟【アーカイブ】,上告受理申立理由書 2024年12月19日,にして非常勤の公務員とされている(自由民主党農林漁業有害 鳥獣対策検討チーム編著『Q&A早わかり鳥獣被害防止特措法』(大成出 版社、2008年)32頁)。)が自治体や官公庁から有害な鳥獣駆除の 具体的な依頼や指示があったことに基づき有害
執筆者の業績（引用ではない）,内村祐之,わが歩みし精神医学の道,"みすず書房, 1968, pp.186-188. (87)",3,2,I0000076/I0000132,「琉球人のご先祖の遺骨返還を」訴訟【アーカイブ】,甲15,"端の石原から最南端の土浜までせいぜい15kmほど である。 (86) 内村祐之 『わが歩みし精神医学の道』 みすず書房, 1968, pp.186-188. (87) 三宅・前掲「南島の先史時代」p.41. (88) 三宅・前"
執筆者の業績（引用ではない）,松本哲治,一部違憲判決と救済,土井真一[編著] 『憲法適合的解釈の比較研究』(有斐閣、2018年),3,2,I0000159,日本でもマリアージュしたいねん～海外で成立した同性婚の受理を求める裁判～,c250909市長意見書2への反論書,憲法が民法の上位規範であることを忘却した主張であ ると言わざるを得ない。松本哲治「一部違憲判決と救済」土井真一[編著] 『憲法適合的解釈の比較研究』(有斐閣、2018年)179頁以下(甲A 1)208頁が正しく指摘するとお
執筆者の業績（引用ではない）,,事実婚の判例総合解説,(信山社、2006),3,3,I0000031/I0000131,夫婦別姓も選べる社会へ！訴訟,甲A004_二宮先生意見書（平成23年12月5日）,]』(有斐閣、2005) - 『新版 戸籍と人権』(解放出版社、2006) - 『事実婚の判例総合解説』(信山社、2006) - 『家族と法』(岩波新書、2007) - 『家族法〔第3版〕』(新世社、2009) (主要論文)
執筆者の業績（引用ではない）,曽我部真裕,反論権と表現の自由,"(有斐閣,平成25年)",3,3,I0000064/I0000071/I0000111,コロナ禍、日本社会の理不尽を問う（コロナ特措法違憲訴訟）【アーカイブ】,甲第５９号証：曽我部真裕先生　意見書,"研究科教授(現在に至る) - 主要業績 (単著) - 曽我部真裕『反論権と表現の自由』(有斐閣,平成25年) (共著・編著) - 曽我部真裕・赤坂幸一・櫻井智章・井上武史(編)『憲法秩序の新構想 大石真"
執筆者の業績（引用ではない）,,古典で読む憲法,"(有斐閣,平成28年)",3,3,I0000064/I0000071/I0000111,コロナ禍、日本社会の理不尽を問う（コロナ特措法違憲訴訟）【アーカイブ】,甲第５９号証：曽我部真裕先生　意見書,"で 切り拓く新たな地平』(日本評論社,平成28年) - 曽我部真裕・見平典(編)『古典で読む憲法』(有斐閣,平成28年) - 憲法判例研究会(淺野博宣・尾形健・小島慎司・宍戸常寿・曽我部真裕・中林 暁生・山本龍彦) 編"
執筆者の業績（引用ではない）,論文,同性婚導入の可能性と必然性,立命館法学393・394号(2021),3,3,I0000031/I0000159,結婚の自由をすべての人に訴訟（同性婚訴訟）,二宮周平先生 追加意見書,つの事例を素材 として」法学新報127巻3・4号(2021) 449頁 - 論文「同性婚導入の可能性と必然性」立命館法学393・394号(2021) 610頁 - 論文「LGBTQの諸相と民法上の『配偶者』の再定義~解釈論と立 法
執筆者の業績（引用ではない）,喜田村洋一,国際人権法の国内における実施,国際人権10号 参照),3,3,I0000046,在外選挙権確認訴訟【アーカイブケース】,上告理由書（国内当事者）,い(東澤靖「法曹実務家による国際人権法の実現」国際人権 11号49頁、喜田村洋一「国際人権法の国内における実施」国際人権10号 参照)。 しかし、この関係で原審裁判所は人権規約の条文を掲げただけで結論 を出したものであり、条約の解釈
執筆者の業績（引用ではない）,論文,家族法~同性婚への道のりと課題,三成美保編『同性愛をめ ぐる歴史と法~尊厳としてのセクシュアリティ』(明石書店、2015),3,3,I0000031/I0000159,結婚の自由をすべての人に訴訟（同性婚訴訟）,二宮周平先生 追加意見書,論文「事実婚の多様性と法的保護の根拠」家族 27号 (2011)20頁 - 論文「家族法~同性婚への道のりと課題」三成美保編『同性愛をめ ぐる歴史と法~尊厳としてのセクシュアリティ』(明石書店、2015) 122頁 - 論文「パートナ
執筆者の業績（引用ではない）,単著,家族法〔第5版〕,(新世社、2019),3,3,I0000031,結婚の自由をすべての人に訴訟（同性婚訴訟）,二宮周平先生 意見書　※民法学者による本件についての意見,論社、1990) - 単著『事実婚の判例総合解説』(信山社、2006) - 単著『家族法〔第5版〕』(新世社、2019) - 単著『多様化する家族と法 I~個人の尊重から考える』(朝陽会、 2019) - 編著『新注釈民
執筆者の業績（引用ではない）,,広辞苑第四版,(岩 波書店),3,3,I0000031,結婚の自由をすべての人に訴訟（同性婚訴訟）,【九州・第６回】証拠説明書１６(甲A358から409 ）,、同性愛を「異常 性欲の一種」と記述していたこと等 370-2 『広辞苑第四版』(岩 波書店)抄本(「同性」 の項) 写し 1991年11月15日発行 財団法人 新村出記 念財団 1991年に
執筆者の業績（引用ではない）,情報公開法研究会,情報公開制度のポイント,(1997年、ぎょうせい),3,1,I0000052,警察庁が保有する秘密個人情報ファイル簿の情報公開訴訟,甲21：鑑定意見書（弁護士三宅弘）,となる」との 判断基準が参考にされたと説明されている(資料4 情報公開法研究会 『情報公開制度のポイント』(1997年、ぎょうせい) 71頁)。 外国での取扱い例については、「アメリカでは、大統領命令による秘密 指定が正当にな
執筆者の業績（引用ではない）,曽我部真裕・林秀弥・栗田昌裕,情報法概説(第2版),"(弘文堂,令和元年)",3,3,I0000064/I0000071/I0000111,コロナ禍、日本社会の理不尽を問う（コロナ特措法違憲訴訟）【アーカイブ】,甲第５９号証：曽我部真裕先生　意見書,"論点教室(第2版)』(日 本評論社,令和3年) - 曽我部真裕・林秀弥・栗田昌裕『情報法概説(第2版)』(弘文堂,令和元年) - 新井誠・曽我部真裕・佐々木くみ・横大道聡『憲法I 総論・統治機構』(日本 評論社,平成28年)"
執筆者の業績（引用ではない）,新井誠・曽我部真裕・佐々木くみ・横大道聡,憲法II人権,"(日本評論社,平 成28年)",3,2,I0000071/I0000151,コロナ禍、日本社会の理不尽を問う（コロナ特措法違憲訴訟）【アーカイブ】,甲第５９号証：曽我部真裕先生　意見書,"機構』(日本 評論社,平成28年) - 新井誠・曽我部真裕・佐々木くみ・横大道聡『憲法II 人権』(日本評論社,平 成28年) - 宍戸常寿・曽我部真裕・山本龍彦(編著)『憲法学のゆくえ : 諸法との対話で 切り拓く新"
執筆者の業績（引用ではない）,新井誠・曽我部真裕・佐々木くみ・横大道聡,憲法II人権(第2版),(日本 評論社、令和3年),3,3,I0000064/I0000111/I0000129,「セックスワークにも給付金を」訴訟 【アーカイブ】,甲59：意見書（曽我部真裕教授）,2 版)』(日本評論社、令和3年) - 新井誠・曽我部真裕・佐々木くみ・横大道聡『憲法II 人権(第2版)』(日本 評論社、令和3年) - 曽我部真裕・尾形健・新井誠・赤坂幸一(編)『憲法論点教室(第2版)』(日 本評論社、令和
執筆者の業績（引用ではない）,,憲法論点教室(第2版),"(日 本評論社,令和3年)",3,3,I0000064/I0000071/I0000111,コロナ禍、日本社会の理不尽を問う（コロナ特措法違憲訴訟）【アーカイブ】,甲第５９号証：曽我部真裕先生　意見書,"記念論文集』(三省堂、令和3年) - 曽我部真裕・尾形健・新井誠・赤坂幸一(編)『憲法論点教室(第2版)』(日 本評論社,令和3年) - 曽我部真裕・林秀弥・栗田昌裕『情報法概説(第2版)』(弘文堂,令和元年) - 新井誠・曽"
執筆者の業績（引用ではない）,土井真一編著,憲法適合的解釈の比較研究,(有斐閣、2018 年),3,3,I0000134/I0000159,わたしたちはもう待てない〜同性婚仙台家事審判事件,第２準備書面2024年12月27日,のである」と述べている(甲B264=松本哲治「一部違憲判 決と救済」土井真一編著『憲法適合的解釈の比較研究』(有斐閣、2018 年)208頁)。 巻美矢紀教授は、「救済方法については、民法を憲法適合的に解釈すれば、 同性婚の成立
執筆者の業績（引用ではない）,中川善之助ら編著,新版注釈民法(24),甲Ａ１７・６０２頁,3,1,I0000159,日本でもマリアージュしたいねん～海外で成立した同性婚の受理を求める裁判～,c231009家事審判申立書（民法の全条文が同性婚と両立すること等）,子縁組の成立後に夫婦が離婚しても縁組の効力に影響 を及ぼさない（中川善之助ら編著『新版注釈民法(24)』甲Ａ１７・６０２頁 〔大森政輔〕）。 普通養子の場合に、未成年者の夫婦共同縁組がなされ、その後に養親たる 夫婦が離婚する
執筆者の業績（引用ではない）,高柳=大友=田中,日本国憲法制定の過程II解説,169頁,3,3,I0000031,結婚の自由をすべての人に訴訟（同性婚訴訟）,【東京・第９回】原告ら第２０準備書面（被告第５準備書面に対する反論）,「原理に反する法律は廃止され」ねばならな い旨定め(甲A427・高柳=大友=田中『日本国憲法制定の過程 II解説』 169頁(有斐閣、1972))、実際に、憲法の施行に際し、民法親族編・ 相続編の諸規定が違憲無効となる事態を回避するた
執筆者の業績（引用ではない）,,法とセクシュアリティ,第2号 1 21-132頁,3,3,I0000031,結婚の自由をすべての人に訴訟（同性婚訴訟）,【札幌・東京・名古屋・大阪】証拠説明書１(甲A1から137),性自認に関す る国際人権法の適用に関す るジョグジャカルタ原則」 (日本語訳)(「法とセク シュアリティ」第2号 1 21-132頁) 写し 2007年 谷口洋幸
執筆者の業績（引用ではない）,東澤靖,法曹実務家による国際人権法の実現,国際人権 11号49頁,3,3,I0000046,在外選挙権確認訴訟【アーカイブケース】,上告理由書（国内当事者）,人権規約の規定が同等の保障しか認めていないことを論証 しなければならない(東澤靖「法曹実務家による国際人権法の実現」国際人権 11号49頁、喜田村洋一「国際人権法の国内における実施」国際人権10号 参照)。 しかし、この関係で原審裁判所
執筆者の業績（引用ではない）,,行政訴訟要件論,(弘文堂、2003年),3,3,I0000071/I0000119/I0000121,コロナ禍、日本社会の理不尽を問う（コロナ特措法違憲訴訟）【アーカイブ】,甲第６０号証の１：阿部泰隆先生　意見書,社、2003年) - 21 『政策法学講座』(第一法規、2003年) - 22 『行政訴訟要件論』(弘文堂、2003年) - 23 『行政書士の未来像』(信山社、2004年) - 24 『行政法の解釈(2)』(信山社、
執筆者の業績（引用ではない）,,COVID-19と緊急事態-世界各国の現状と問題点,法律時報 92巻10号、 2020年,2,2,I0000123,県知事の公務での護国神社参拝取りやめをー政教分離原則の違反を問うー,20240913意見書,80号、 2015年 - 「平和主義」『日本国憲法の力』三省堂、2019年 - 「COVID-19 と緊急事態-世界各国の現状と問題点」法律時報 92巻10号、 2020年 - 「平和的生存権論の展開」憲法研究12号、2023年 ほか多数。 第2 立証の
執筆者の業績（引用ではない）,,"International Law and Domestic Legal Systems: Incorporation, Transformation, and",,2,2,I0000085/I0000096,「人種差別を許さない」訴訟　～警察官による母子の不当聴取と個人情報の漏洩～,甲２４　意見書（青山学院大学教授申惠丰） ,"International Law and Domestic Legal Systems: Incorporation, Transformation, and Persuasion, Oxford: Oxford University Press, 2011."
執筆者の業績（引用ではない）,編著,LGBTQの家族形成支援~生殖補助医療・養子&里親による〔第2版〕,(信山社、2023),2,2,I0000031/I0000159,結婚の自由をすべての人に訴訟（同性婚訴訟）,二宮周平先生意見書（2024年1月30日）,代表『現代家族法講座第1巻~第5巻』(日本評論社、2020~2021) - 編著『LGBTQ の家族形成支援~生殖補助医療・養子&里親による〔第2版〕』 (信山社、2023) - 論文「家族法~同性婚への道のりと課題」三成美保編『同性愛をめぐる歴史 と法~尊厳としてのセク
執筆者の業績（引用ではない）,,〈論争・提案〉情報公開,(日本評論社、1997年),2,2,I0000071/I0000119,コロナ禍、日本社会の理不尽を問う（コロナ特措法違憲訴訟）【アーカイブ】,甲第６０号証の１：阿部泰隆先生　意見書,版]』(有斐閣、1997年) (初版、 1992年、補遺1998年) - 14 『〈論争・提案〉情報公開』(日本評論社、1997年) - 15 『行政の法システム入門』(放送大学教育振興会、1998年) - 16 『政策法学と
執筆者の業績（引用ではない）,論文,《知》への圧迫がもたらす言論空間の歪み――学術、芸術、文化は誰のものか,『唯物論』95号(2021年12月),2,2,I0000095,『宮本から君へ』助成金不交付決定取消訴訟【アーカイブ】,意見書,る、ねじれと理路」現代 思想50巻3号(2022年3月)、65-79頁 - 論文「《知》への圧迫がもたらす言論空間の歪み――学術、芸術、文化は誰のものか」 『唯物論』95号(2021年12月)、39-54頁 - 論説「文化芸術と教育と公共市民文化」『教育』10月号掲載(14
執筆者の業績（引用ではない）,奥平康弘,「表現の自由,を求めて』(岩波書店、1999年),2,2,I0000095,『宮本から君へ』助成金不交付決定取消訴訟【アーカイブ】,意見書,川恒正「国家と文化」岩波講座『現代国家と法』(岩波書店、1997年)、奥平康弘 『「表現の自由」を求めて』(岩波書店、1999年)、奥平康弘 『なぜ「表現の自由」か』 (東大出版会、1988年(新装版2017年))、
執筆者の業績（引用ではない）,谷口洋幸,『同性愛,と 『国際人権』」三成美保編著『同性愛をめぐる歴史と法』（明石書店， ２０１５年）１５３頁,2,2,I0000031,結婚の自由をすべての人に訴訟（同性婚訴訟）,【東京 二次提訴】訴状（20210326提訴分）,訳文）・１２頁），その後も，国際 人権判例が蓄積されていった（甲Ａ３６・谷口洋幸「『同性愛』と 『国際人権』」三成美保編著『同性愛をめぐる歴史と法』（明石書店， ２０１５年）１５３頁）。 一方で性自認については，
執筆者の業績（引用ではない）,,あたらしい表現活動と法,(編著),2,2,I0000095,『宮本から君へ』助成金不交付決定取消訴訟【アーカイブ】,意見書,明日へ―――人ひとりのために、共存社会のために』(大月書店、2018 年) - 『あたらしい表現活動と法』(編著)(武蔵野美術大学出版局、2018年) - 『合格水準教職のための憲法』(編著)(法律文化社、2017年) - 『
執筆者の業績（引用ではない）,,こんな法律はいらない,(東洋経済新報社、2000年,2,2,I0000071/I0000119,コロナ禍、日本社会の理不尽を問う（コロナ特措法違憲訴訟）【アーカイブ】,甲第６０号証の１：阿部泰隆先生　意見書,- 17 『定期借家のかしこい貸し方・借り方』(信山社、2000年) - 18 『こんな法律はいらない』(東洋経済新報社、2000年 - 19 『やわらか頭の法政策』(信山社、2001年) - 20 『内部告発(ホイッスルブ
執筆者の業績（引用ではない）,奥平康弘,なぜ「表現の自由,か』 (東大出版会、1988年(新装版2017年),2,2,I0000095,『宮本から君へ』助成金不交付決定取消訴訟【アーカイブ】,意見書,7年)、奥平康弘 『「表現の自由」を求めて』(岩波書店、1999年)、奥平康弘 『なぜ「表現の自由」か』 (東大出版会、1988年(新装版2017年))、阪口正二郎「芸術に対する国家の財政援助 と表現の自由」『法律時報』
執筆者の業績（引用ではない）,阪口正二郎ほか編,なぜ表現の自由か,(法律文化社、2017年),2,2,I0000095,『宮本から君へ』助成金不交付決定取消訴訟【アーカイブ】,意見書,中立性」については、愛敬浩二「公立美術館の利用と政治的 中立性」阪口正二郎ほか編『なぜ表現の自由か』(法律文化社、2017年)、成原慧「制度 としての美術館、あるいは表現の「場」と媒介者」 北田ほか編 」と媒介者」 北田
執筆者の業績（引用ではない）,,ひと味違う法学入門,(信山社、2016年3月),2,2,I0000071/I0000119,コロナ禍、日本社会の理不尽を問う（コロナ特措法違憲訴訟）【アーカイブ】,甲第６０号証の１：阿部泰隆先生　意見書,5 『住民訴訟の理論と実務、改革の提案』(信山社、2015年12月) - 36 『ひと味違う法学入門』(信山社、2016年3月) ◇ 法律学イロハカルタ付き◇ - 37 『行政の組織的腐敗と行政訴訟最貧国:放置国家を克服す
執筆者の業績（引用ではない）,,やわらか頭の法戦略,(第一法規、2006年),2,2,I0000071/I0000119,コロナ禍、日本社会の理不尽を問う（コロナ特措法違憲訴訟）【アーカイブ】,甲第６０号証の１：阿部泰隆先生　意見書,2004年) - 24 『行政法の解釈(2)』(信山社、2005年) - 25 『やわらか頭の法戦略』(第一法規、2006年) - 26 『対行政の企業法務戦略』(中央経済社、2007年) - 27 『行政法解釈学Ⅰ』(有
執筆者の業績（引用ではない）,,やわらか頭の法政策,(信山社、2001年),2,2,I0000071/I0000119,コロナ禍、日本社会の理不尽を問う（コロナ特措法違憲訴訟）【アーカイブ】,甲第６０号証の１：阿部泰隆先生　意見書,年) - 18 『こんな法律はいらない』(東洋経済新報社、2000年 - 19 『やわらか頭の法政策』(信山社、2001年) - 20 『内部告発(ホイッスルブロウワァー)の法的設計』 (信山社、2003年) - 21 『
執筆者の業績（引用ではない）,,アジアの人権と平和,(盛岡),2,2,I0000123,県知事の公務での護国神社参拝取りやめをー政教分離原則の違反を問うー,甲18（稲正樹意見書）,- 『インド憲法の研究-アジア比較憲法論序説』(盛岡)信山社、1993年 - 『アジアの人権と平和』(盛岡)信山社、2005年 - 『アジアの人権と平和・第2販』(盛岡)信山社、2006年 (共編著・共訳書) - 『論点
執筆者の業績（引用ではない）,,アジアの人権と平和・第2販,(盛岡),2,2,I0000123,県知事の公務での護国神社参拝取りやめをー政教分離原則の違反を問うー,甲18（稲正樹意見書）,)信山社、1993年 - 『アジアの人権と平和』(盛岡)信山社、2005年 - 『アジアの人権と平和・第2販』(盛岡)信山社、2006年 (共編著・共訳書) - 『論点整理と演習・憲法』敬文堂、2006年 - 『平和憲法の確保と新
執筆者の業績（引用ではない）,,アジアの憲法入門,日本評論社、2010年,2,2,I0000123,県知事の公務での護国神社参拝取りやめをー政教分離原則の違反を問うー,20240913意見書,文堂、2006年 - 『平和憲法の確保と新生』北海道大学出版会、2008年 - 『アジアの憲法入門』日本評論社、2010年 - 『法学入門』北樹出版、201 - 『北東アジアの歴史と記憶』勁草書房、2014年 - 『安倍
執筆者の業績（引用ではない）,豊田真穂,アメリカ占領下の日本における生殖の管理―優生保護法の不妊手術/断種―,"『アメリカ史 研究』36号,2013, p.65.)",2,2,I0000132,「わたしの体は母体じゃない」訴訟,甲146：旧優生保護法の歴史と問題,"切除術は大正4(1915)年にハンセン病患者に対して初めて実 施された(豊田真穂「アメリカ占領下の日本における生殖の管理―優生保護法の不妊手術/断種―」『アメリカ史 研究』36号,2013, p.65.)。 - (5) 妊娠中絶は堕胎罪(刑法(明治40年法律第45号)第2"
執筆者の業績（引用ではない）,,インド憲法の研究-アジア比較憲法論序説,(盛岡),2,2,I0000123,県知事の公務での護国神社参拝取りやめをー政教分離原則の違反を問うー,20240913意見書,法学会事務局長、憲法理論研究会運営委員長など歴任。 (4) 著書 (単著) - 『インド憲法の研究-アジア比較憲法論序説』(盛岡)信山社、1993年 - 『アジアの人権と平和』(盛岡)信山社、2005年 - 『アジアの人権と平和・第2販』(盛
執筆者の業績（引用ではない）,,エトランデュテ,4号 (2022年),2,1,I0000096,「日本の入管収容は国際人権法違反」訴訟,甲A81　意見書（根岸陽太西南学院大学教授）※比例性、必要性、合理性の解釈と個別収容、入管法の不適合性など,まる外国人在留制度———————退去強制による家族と子どもへの 影響を中心に」 『エトランデュテ』4号 (2022年) 根岸陽太「マクリーン事件判決を支える信念体系—————比較国際人権法を通じた脱学習に向 けて」『エ
執筆者の業績（引用ではない）,横大道聡=新井誠=菅原真=堀口悟郎編,グローバル化のなかで考える憲法,(弘文堂、2021年),2,2,I0000070/I0000135,「人間を育てる教員に、人間らしい働き方を」訴訟【アーカイブ】,堀口悟郎先生意見書,頁 - 堀口悟郎「国境を越える地方公共団体」横大道聡=新井誠=菅原真=堀口悟郎編『グローバル化のなかで考える憲法』(弘文堂、2021年)361-376頁 - 堀口悟郎「第7条2項(大学の自主性・自律性)」日本教育法学会編『コンメンター
執筆者の業績（引用ではない）,法学会編,ジェンダー法学が切り拓く展望(講座ジェンダーと法4),(日本加除出版),2,2,I0000031/I0000111,結婚の自由をすべての人に訴訟（同性婚訴訟）,谷口洋幸先生 意見書　※性的指向にもとづく差別の解消及び性的指向に関連する人権の保障は国家に課せられた国際人権法上の義務,的マイノリティと法制度:性別二元制と異性愛主義への問いかけ」ジェン ダー法学会編『ジェンダー法学が切り拓く展望(講座ジェンダーと法 4)』(日本加除出版)67- 79. - 谷口洋幸 2009「国際法における性的指向・性別自認と人権」法学新報116(3・4)
執筆者の業績（引用ではない）,二宮周平編,ジェンダー法研究,第5号、123-136頁,2,2,I0000031,結婚の自由をすべての人に訴訟（同性婚訴訟）,清末愛砂先生　立石直子先生　憲法24条が要請する同性婚の法制化に関する意見書,ストラリアにおける性の多様性に関する近年の動向と考察」 浅倉むつ子・ 二宮周平編『ジェンダー法研究』第5号、123-136頁、(信山社、2018年) - 「『家』から憲法24条下の家族へ」 『右派はなぜ家族に介入したがる
執筆者の業績（引用ではない）,論文,パートナーシップ証明制度の意義と展開~札幌市と台湾を例に,戸籍 時報759号(2017),2,2,I0000031/I0000159,結婚の自由をすべての人に訴訟（同性婚訴訟）,二宮周平先生意見書（2024年1月30日）,史 と法~尊厳としてのセクシュアリティ』(明石書店、2015)122頁 - 論文「パートナーシップ証明制度の意義と展開~札幌市と台湾を例に」戸籍 時報759号(2017)14頁 - 論文「事実婚・パートナーシップの死亡解消と『相続』・財産承継」家族 34号(2
執筆者の業績（引用ではない）,,フランス行政訴訟論,(有斐閣、1971年),2,2,I0000071/I0000119,コロナ禍、日本社会の理不尽を問う（コロナ特措法違憲訴訟）【アーカイブ】,甲第６０号証の１：阿部泰隆先生　意見書,3年) - 滝井繁男行政争訟奨励賞(2019年12月6日) # 著書 - 1 『フランス行政訴訟論』(有斐閣、1971年) - 2 『行政救済の実効性』(弘文堂、1985年) - 3 『事例解說行政法』(日本評論社、19
執筆者の業績（引用ではない）,,フランス革命の憲法原理―近代憲法とジャコバン主義,[日本評論社、1989年] 2),2,1,I0000131,夫婦別姓も選べる社会へ！訴訟,甲A014_辻村先生意見書（令和2年3月26日）,賞〕 1)第7回渋沢・クローデル賞〔1990年度〕 催>『フランス革命の憲法原理―近代憲法とジャコバン主義』 [日本評論社、1989年] 2)第2回昭和女子大学女性文化研究賞(坂東眞理子基金)〔2010年度〕
執筆者の業績（引用ではない）,単著,ブラジルの同性婚法-判例による法生成と家族概念の転換,(信山社、2018 ※第20回尾中郁夫・家族法新人奨励賞受賞(2019),2,2,I0000134/I0000159,わたしたちはもう待てない〜同性婚仙台家事審判事件,甲B265意見書2025年3月27日,学会会員、外国法制研究会、カップルの法的処遇に関する研究会等 関連業績 - 単著『ブラジルの同性婚法 - 判例による法生成と家族概念の転換』(信山社、2018 ※第20回尾中郁夫・家族法新人奨励賞受賞(2019) - 単著論文「特集/性同一性障害特例法違憲大法
執筆者の業績（引用ではない）,,メディア判例百選(第2版),(2018年12月20日発行),2,2,I0000095,『宮本から君へ』助成金不交付決定取消訴訟【アーカイブ】,意見書,集の輸入と税関検査――メイプルソープ写真集事件」有斐閣別冊ジュ リスト 241号『メディア判例百選(第2版)』(2018年12月20日発行) 126-127頁 - 判例解説「社会教育と表現の自由 (9条俳句公民館便り不掲載事件)」
執筆者の業績（引用ではない）,,ヨーロッパ人権裁判所の判例,"(戸波江二ほか 編,信山社)",2,1,I0000151,「18歳未満にも選挙で応援する自由を」訴訟,甲４２：門田孝教授の意見書,"心に」法律時報80巻5号 「ヨーロッパ人権条約とドイツ」『ヨーロッパ人権裁判所の判例』(戸波江二ほか 編,信山社) 2009年:「欧州人権条約における財産権保"
執筆者の業績（引用ではない）,,中央新聞,(1921(大正10),2,2,I0000031,結婚の自由をすべての人に訴訟（同性婚訴訟）,【九州・第６回】原告ら第１６準備書面　※同性愛の社会に対する位置づけ等,上の広告に無暗に性的文字を列ね青年の好奇心を 挑発して売らんとするものがある」(『中央新聞』(1921(大正10)年7 月22日))と非難の的になるほどであった。(以上、風間赤枝意見書(甲A 205)9頁~10頁
執筆者の業績（引用ではない）,,人権条約の現代的展開,信山社、2009年 『人権条約上の国家の義務』日本評論社、1999年 (1999年度青山,2,2,I0000085/I0000096,「人種差別を許さない」訴訟　～警察官による母子の不当聴取と個人情報の漏洩～,甲２４　意見書（青山学院大学教授申惠丰） ,店、2020年 『プラクティス国際法講義〔第4版〕』(共著)信山社、2022年 『人権条約の現代的展開』信山社、2009年 『人権条約上の国家の義務』日本評論社、1999年 (1999年度青山学院学術褒賞、2000年度安達峰
執筆者の業績（引用ではない）,,人権条約上の国家の義務,日本評論社、1999年 (1999年度青山学院学術褒賞、2000年度安達峰一郎記念賞),2,2,I0000085/I0000096,「人種差別を許さない」訴訟　～警察官による母子の不当聴取と個人情報の漏洩～,甲２４　意見書（青山学院大学教授申惠丰） ,4版〕』(共著)信山社、2022年 『人権条約の現代的展開』信山社、2009年 『人権条約上の国家の義務』日本評論社、1999年 (1999年度青山学院学術褒賞、2000年度安達峰一郎記念賞) 「インターネットとヘイトスピーチ
執筆者の業績（引用ではない）,,住民訴訟の理論と実務、改革の提案,(信山社、2015年12月),2,2,I0000071/I0000119,コロナ禍、日本社会の理不尽を問う（コロナ特措法違憲訴訟）【アーカイブ】,甲第６０号証の１：阿部泰隆先生　意見書,信山社、2015年) - 34 行政法再入門下(信山社、2015年) - 35 『住民訴訟の理論と実務、改革の提案』(信山社、2015年12月) - 36 『ひと味違う法学入門』(信山社、2016年3月) ◇ 法律学イロハカルタ付き◇
執筆者の業績（引用ではない）,伊藤茂,優生保護法の現状と問題点,"『時の法令』608号,1967.6.13, pp.18-21. 16 レファレンス 81",2,1,I0000132,「わたしの体は母体じゃない」訴訟,甲146：旧優生保護法の歴史と問題,"入をめぐる争いの現代史―』生活書院,2012, p.69. - (67) 伊藤茂「優生保護法の現状と問題点」『時の法令』608号,1967.6.13, pp.18-21. 16 レファレンス 816号 2019. 1 国立国会"
執筆者の業績（引用ではない）,,全訂日本国憲法(第2版全訂版),358頁,2,2,I0000117,立候補年齢引き下げ訴訟,訴状,、本条にいう『教育』による差別に該当する。」(甲B22:宮沢俊義(芦部信喜補訂)『全訂日本国憲法(第2版全訂版)』358頁以下(日本評論社、1978年))。「思慮分別」による差別的取扱いは、「教育」に基づく差別にほかならない。 思慮分
執筆者の業績（引用ではない）,,内部告発(ホイッスルブロウワァー)の法的設計,(信山社、2003年),2,2,I0000071/I0000119,コロナ禍、日本社会の理不尽を問う（コロナ特措法違憲訴訟）【アーカイブ】,甲第６０号証の１：阿部泰隆先生　意見書,、2000年 - 19 『やわらか頭の法政策』(信山社、2001年) - 20 『内部告発(ホイッスルブロウワァー)の法的設計』 (信山社、2003年) - 21 『政策法学講座』(第一法規、2003年) - 22 『行政訴訟要件論』(弘文堂、20
執筆者の業績（引用ではない）,判例解説,写真集の輸入と税関検査――メイプルソープ写真集事件,有斐閣別冊ジュ リスト 241号『メディア判例百選(第2版),2,2,I0000095,『宮本から君へ』助成金不交付決定取消訴訟【アーカイブ】,意見書,- 論説「《芸術の空間》と共存社会」 世界2019年10月号掲載 - 判例解説「写真集の輸入と税関検査――メイプルソープ写真集事件」有斐閣別冊ジュ リスト 241号『メディア判例百選(第2版)』(2018年12月20日発行) 126-127頁 - 判例
執筆者の業績（引用ではない）,,処分性・原告適格・訴えの利益の消滅,(信山社、2021年),2,2,I0000071/I0000119,コロナ禍、日本社会の理不尽を問う（コロナ特措法違憲訴訟）【アーカイブ】,甲第６０号証の１：阿部泰隆先生　意見書,2019年) - 49 『未完の行政訴訟改革』(信山社、2020年) - 50 『処分性・原告適格・訴えの利益の消滅』(信山社、2021年) - 51 『大災害対策法制の発想の転換』(信山社、2021年) - 52 『司法改革の挫折』(信
執筆者の業績（引用ではない）,,出入国管理と外国人の人権:国内法の人権条約適合的解釈に向けて,国際人権32号 37-41頁,2,2,I0000111/I0000135,日米同性カップル在留資格訴訟  〜家族そろって日本で暮らすために〜【アーカイブ】,近藤敦教授意見書（添付資料）,国人の人権保障:多文化共生時代における憲法学」公法研究82号184-194 頁、「出入国管理と外国人の人権: 国内法の人権条約適合的解釈に向けて」国際人権32号 37-41頁、「移民統合政策指数(MIPEX) 等にみる日本の課題と展望)移民政策研究14号9- 22頁
執筆者の業績（引用ではない）,滝川幸辰,刑法講義,"改訂10版,弘文堂書房,1931, p.266. (82)",2,1,I0000076,「琉球人のご先祖の遺骨返還を」訴訟【アーカイブ】,甲15,"方で、その研究対象は文化・歴史を欠く「自然民族」とみなした。 (81) 滝川幸辰『刑法講義』改訂10版,弘文堂書房,1931, p.266. (82) 小野清一郎『刑法講義』有斐閣,1932, pp.471-47"
執筆者の業績（引用ではない）,麻生太郎ほか著,初学者のための憲法学,(北樹出版、200 8年),2,2,I0000104/I0000141,要件を満たす島民の請求を市長が拒否！石垣島住民投票の権利を問う裁判【アーカイブ】,甲第41号証、意見書-自治体と民主制に関する憲法の規範構造-名古屋学院大・飯島滋明｜2024年（上告条件上告受理申立書提出の後）,003年)にて「コラム」と国会審議の資料収集・選別 を担当。 - 麻生太郎ほか著『初学者のための憲法学』(北樹出版、200 8年)にて「社会権」「地方自治」の執筆を担当(2021年に第2 版)。 - 榎澤幸広・奥田喜道・飯島
執筆者の業績（引用ではない）,,判例プラクティス憲法(増補版),(信山社、平成26年),2,2,I0000064/I0000071,「セックスワークにも給付金を」訴訟 【アーカイブ】,甲59：意見書（曽我部真裕教授）,(淺野博宣・尾形健・小島慎司・宍戸常寿・曽我部真裕・中林 暁生・山本龍彦) 編 『判例プラクティス憲法(増補版)』(信山社、平成26年) 11
執筆者の業績（引用ではない）,小林充,別件逮捕・勾留に関する諸問題,(1975年),2,2,I0000130,日本の「黙秘権」を問う訴訟 〜56時間にわたる侮辱的な取調べは違法〜 ,上告受理申立理由補充書（２）2025年9月5日,1頁 - ② 柏木千秋「刑事訴訟法」(1970年)756~57頁 - ③ 小林充「別件逮捕・勾留に関する諸問題」(1975年)8法曹時報 27巻2号1~30頁 - ④ 高田卓爾「刑事訴訟法〔二訂版〕〕」(1984年)9334~339
執筆者の業績（引用ではない）,,北東アジアの歴史と記憶,勁草書房、2014年,2,2,I0000123,県知事の公務での護国神社参拝取りやめをー政教分離原則の違反を問うー,20240913意見書,アジアの憲法入門』日本評論社、2010年 - 『法学入門』北樹出版、201 - 『北東アジアの歴史と記憶』勁草書房、2014年 - 『安倍改憲・壊憲総批判-憲法研究者は訴える』八月書館、2019年 - 『平和憲法とともに-深瀬
執筆者の業績（引用ではない）,高橋譲編著,医療訴訟の実務(第2版),(商事法務、2019年),2,1,I0000053,鬼怒川大水害訴訟,上告受理申立理由書　20251128,者に責任を負わせることが許容できる」からである(平野望「過失の競 合」高橋譲編著『医療訴訟の実務(第2版)』(商事法務、2019年)56 2頁)。もちろん、因果の流れが切断される場合(交通事故による症状が固定 されたあとに、これ
執筆者の業績（引用ではない）,興津征雄,司法制度改革と行政訴訟,須網隆夫編『平成司法改革の研究』(岩波書店、2022 年),2,2,I0000064/I0000111,「セックスワークにも給付金を」訴訟 【アーカイブ】,甲121：意見書（興津教授・堀澤准教授）,をめぐって」 ジュリスト1576号 (2022年) 112~117頁 興津征雄「司法制度改革と行政訴訟」須網隆夫編『平成司法改革の研究』(岩波書店、2022 年)179~204頁 興津征雄「処分性の定式に関する疑問―――最高
執筆者の業績（引用ではない）,,司法改革の挫折,(信山社、2021年6月),2,2,I0000071/I0000119,コロナ禍、日本社会の理不尽を問う（コロナ特措法違憲訴訟）【アーカイブ】,甲第６０号証の１：阿部泰隆先生　意見書,年) - 51 『大災害対策法制の発想の転換』(信山社、2021年) - 52 『司法改革の挫折』(信山社、2021年6月) - 53 『新型コロナ対策の法的処方せん第2版』(amazonキンドル、電子出 5 版、
執筆者の業績（引用ではない）,,合格水準教職のための憲法,(編著),2,2,I0000095,『宮本から君へ』助成金不交付決定取消訴訟【アーカイブ】,意見書,- 『あたらしい表現活動と法』(編著)(武蔵野美術大学出版局、2018年) - 『合格水準教職のための憲法』(編著)(法律文化社、2017年) - 『表現者のための憲法入門』(武蔵野美術大学出版局、2015年) - 博士論文『文
執筆者の業績（引用ではない）,評釈,同性カップルの関係の解消と不法行為責任,大村敦志・沖野眞己編『民法判例百選 III 親族・相続』別冊ジュリスト 264号 58-59頁,2,2,I0000134/I0000159,わたしたちはもう待てない〜同性婚仙台家事審判事件,甲B265意見書2025年3月27日,る」 新・判例解説 Watch 民法(家族法)No.158(2024) - 評釈「同性カップルの関係の解消と不法行為責任」大村敦志・沖野眞己編『民法判例百選 III 親族・相続』別冊ジュリスト 264号 58-59頁(2023) - 評釈「判
執筆者の業績（引用ではない）,,同性婚訴訟5つの地裁判決の意義と課題~婚姻の自由の保障へ向けて,戸籍時報 842号 (2023),2,2,I0000031/I0000159,日本でもマリアージュしたいねん～海外で成立した同性婚の受理を求める裁判～,c241218二宮周平先生（民法）意見書（甲C1）,- 「婚姻平等を考える~同性婚の法制化」戸籍時報839号(2023)35頁 - 「同性婚訴訟5つの地裁判決の意義と課題~婚姻の自由の保障へ向けて」 戸籍時報 842号 (2023)2頁 - 「実務上の課題と具体的な提案」ジェンダー法政策研究所編『同性婚のこれから〜「
執筆者の業績（引用ではない）,,唯物論,95号(2021年12月),2,2,I0000095,『宮本から君へ』助成金不交付決定取消訴訟【アーカイブ】,意見書,論文「《知》への圧迫がもたらす言論空間の歪み――学術、芸術、文化は誰のものか」 『唯物論』95号(2021年12月)、39-54頁 - 論説「文化芸術と教育と公共市民文化」『教育』10月号掲載(14-21頁)
執筆者の業績（引用ではない）,,国土開発と環境保全,(日本評論社、1989年),2,2,I0000071/I0000119,コロナ禍、日本社会の理不尽を問う（コロナ特措法違憲訴訟）【アーカイブ】,甲第６０号証の１：阿部泰隆先生　意見書,』(三省堂、1987年) - 5 『国家補償法』(有斐閣、1988年) - 6 『国土開発と環境保全』(日本評論社、1989年) - 7 『行政法の解釈』(信山社、1990年) 3 - 8 『行政訴訟改革論』(有斐閣、
執筆者の業績（引用ではない）,,国家補償法1、その実践的理論,(信山社、2019年),2,2,I0000071/I0000119,コロナ禍、日本社会の理不尽を問う（コロナ特措法違憲訴訟）【アーカイブ】,甲第６０号証の１：阿部泰隆先生　意見書,『日本列島「法」改造論:政策法学講座 続々』(第一法規、2018年) - 46 『国家補償法1、その実践的理論』(信山社、2019年) - 47 『国家補償法の研究2 行政の危険防止責任』(信山社、2019年) - 48 『行政法の
執筆者の業績（引用ではない）,,国家補償法の研究2行政の危険防止責任,(信山社、2019年),2,2,I0000071/I0000119,コロナ禍、日本社会の理不尽を問う（コロナ特措法違憲訴訟）【アーカイブ】,甲第６０号証の１：阿部泰隆先生　意見書,) - 46 『国家補償法1、その実践的理論』(信山社、2019年) - 47 『国家補償法の研究2 行政の危険防止責任』(信山社、2019年) - 48 『行政法の解釈(4)』(信山社、2019年) - 49 『未完の行政訴訟改革』(信山社
執筆者の業績（引用ではない）,,地方自治法制の工夫,(信山社、2018年),2,2,I0000071/I0000119,コロナ禍、日本社会の理不尽を問う（コロナ特措法違憲訴訟）【アーカイブ】,甲第６０号証の１：阿部泰隆先生　意見書,動車、自転車、土地、地下水、住宅、借 地借家』(信山社、2017年) - 44 『地方自治法制の工夫』(信山社、2018年) - 45 『日本列島「法」改造論:政策法学講座 続々』(第一法規、2018年) - 46 『国家
執筆者の業績（引用ではない）,,大日本優生会の研究,"『長崎大学教育学部紀要—教育科学―』63号,2002.6, pp.17-18. 9 遺",2,1,I0000132,「わたしの体は母体じゃない」訴訟,甲47：国民優生法の制定過程,"幹事、理学専攻からの転専攻で文学士、設立時には千葉県高等園芸学校講師。平田勝 政「大日本優生会の研究」 『長崎大学教育学部紀要—教育科学―』63号,2002.6, pp.17-18. 9 遺伝学者で日本育種学会常任幹事、設"
執筆者の業績（引用ではない）,,大災害対策法制の発想の転換,(信山社、2021年),2,2,I0000071/I0000119,コロナ禍、日本社会の理不尽を問う（コロナ特措法違憲訴訟）【アーカイブ】,甲第６０号証の１：阿部泰隆先生　意見書,50 『処分性・原告適格・訴えの利益の消滅』(信山社、2021年) - 51 『大災害対策法制の発想の転換』(信山社、2021年) - 52 『司法改革の挫折』(信山社、2021年6月) - 53 『新型コロナ対策の法的処方せん
執筆者の業績（引用ではない）,,学術研究倫理と名誉毀損,武蔵野美術大学研究紀要 50 号(2020 年3月発行),2,2,I0000095,『宮本から君へ』助成金不交付決定取消訴訟【アーカイブ】,意見書,学館憲法研究所 報22号(2020年7月号)(21-39頁) - 論文(査読有)「学術研究倫理と名誉毀損」 武蔵野美術大学研究紀要 50 号(2020 年3月発行) - 論説「「芸術の自由」をめぐる憲法問題――支援の中の「自由
執筆者の業績（引用ではない）,,定期借家のかしこい貸し方・借り方,(信山社、2000年),2,2,I0000071/I0000119,コロナ禍、日本社会の理不尽を問う（コロナ特措法違憲訴訟）【アーカイブ】,甲第６０号証の１：阿部泰隆先生　意見書,1998年) - 16 『政策法学と自治条例』(信山社、1999年) - 17 『定期借家のかしこい貸し方・借り方』(信山社、2000年) - 18 『こんな法律はいらない』(東洋経済新報社、2000年 - 19 『やわらか頭の法政策』
執筆者の業績（引用ではない）,人・松原正明編,家事法の理論・実務・判例5,(勁草書房、2022),2,2,I0000134/I0000159,わたしたちはもう待てない〜同性婚仙台家事審判事件,甲B265意見書2025年3月27日,の「事実上婚姻関係と同様の事情にあった者」に該当するか」道垣内弘 人・松原正明編『家事法の理論・実務・判例5』(勁草書房、2022)86-100頁 54
執筆者の業績（引用ではない）,,家族と平等,谷口真由美編著『資料で考える憲法』(法律文化社、2018年),2,2,I0000031,結婚の自由をすべての人に訴訟（同性婚訴訟）,清末愛砂先生　立石直子先生　憲法24条が要請する同性婚の法制化に関する意見書,家族に介入したがるのか一憲法 24条と9条』(共著、大月書店、2018年) - 「家族と平等」谷口真由美編著『資料で考える憲法』(法律文化社、2018年) 122-129頁 - 「重要条文・憲法二四条はなぜ狙われる
執筆者の業績（引用ではない）,,家族関係の変容と人権論,『法律時報』第79巻8号(日本評論社、2007年),2,2,I0000031,結婚の自由をすべての人に訴訟（同性婚訴訟）,清末愛砂先生　立石直子先生　憲法24条が要請する同性婚の法制化に関する意見書,編『平和憲法と人権・民主主義』150 -163頁(法律文化社、2012年) - 「家族関係の変容と人権論」『法律時報』第79巻8号(日本評論社、2007年) 91-95頁 また、2017年10月より、日本学術会議連携会員を務め
執筆者の業績（引用ではない）,,対行政の企業法務戦略,(中央経済社、2007年),2,2,I0000071/I0000119,コロナ禍、日本社会の理不尽を問う（コロナ特措法違憲訴訟）【アーカイブ】,甲第６０号証の１：阿部泰隆先生　意見書,005年) - 25 『やわらか頭の法戦略』(第一法規、2006年) - 26 『対行政の企業法務戦略』(中央経済社、2007年) - 27 『行政法解釈学Ⅰ』(有斐閣、2008年) - 28 『行政法解釈学Ⅱ』(有斐閣、2
執筆者の業績（引用ではない）,,市長破産,(信山社、2013年),2,2,I0000071/I0000119,コロナ禍、日本社会の理不尽を問う（コロナ特措法違憲訴訟）【アーカイブ】,甲第６０号証の１：阿部泰隆先生　意見書,務 その拡大と限界』(信山社、2012年)(23の改訂 4 版) - 32 『市長破産』(信山社、2013年)(小説家吾妻大龍著として出している。 処女作) - 33 行政法再入門上(信山社、2015年) -
執筆者の業績（引用ではない）,,平和主義,『日本国憲法の力』三省堂、2019年,2,2,I0000123,県知事の公務での護国神社参拝取りやめをー政教分離原則の違反を問うー,20240913意見書,争法制』の内容分析」国際基督教大学社会科学ジャーナル 80号、 2015年 - 「平和主義」『日本国憲法の力』三省堂、2019年 - 「COVID-19 と緊急事態-世界各国の現状と問題点」法律時報 92巻10号
執筆者の業績（引用ではない）,,平和憲法とともに-深瀬忠一の人と学問,新教出版社、2020年,2,2,I0000123,県知事の公務での護国神社参拝取りやめをー政教分離原則の違反を問うー,20240913意見書,4年 - 『安倍改憲・壊憲総批判-憲法研究者は訴える』八月書館、2019年 - 『平和憲法とともに-深瀬忠一の人と学問』新教出版社、2020年 - 『世界と日本の COVID-19 対応』敬文堂、2023年 (論文) - 「自衛官合祀違憲判
執筆者の業績（引用ではない）,上田勝美・憲法研究所編,平和憲法と人権・民主主義,150 -163頁,2,2,I0000031,結婚の自由をすべての人に訴訟（同性婚訴訟）,清末愛砂先生　立石直子先生　憲法24条が要請する同性婚の法制化に関する意見書,V 問題にみる夫婦の対称性と民法二条の 可能性を考える」 上田勝美・憲法研究所編『平和憲法と人権・民主主義』150 -163頁(法律文化社、2012年) - 「家族関係の変容と人権論」『法律時報』第79巻8号(日本評論社、200
執筆者の業績（引用ではない）,,平和憲法の確保と新生,北海道大学出版会、2008年,2,2,I0000123,県知事の公務での護国神社参拝取りやめをー政教分離原則の違反を問うー,20240913意見書,6年 (共編著・共訳書) - 『論点整理と演習・憲法』敬文堂、2006年 - 『平和憲法の確保と新生』北海道大学出版会、2008年 - 『アジアの憲法入門』日本評論社、2010年 - 『法学入門』北樹出版、201 - 『北
執筆者の業績（引用ではない）,,廃棄物法制の研究,(信山社、2017年),2,2,I0000071/I0000119,“コロナ感染者立ち寄りで店名公表”は違法！訴訟【アーカイブ】,【意見書】神戸大学名誉教授・弁護士　阿部泰隆先生,『行政法再入門下』(第2版)(信山社、2016年) (34の改訂版) - 41 『廃棄物法制の研究』(信山社、2017年) - 42 『環境法総論と自然・海浜環境』(信山社、2017年) - 43 『まちづくりと法、都市
執筆者の業績（引用ではない）,,性の多様性と親子の相対化一里親・生殖補助医療などの視点から―,関西学院 大学法学部『法と政治』 69巻2号241-264頁,2,2,I0000031,結婚の自由をすべての人に訴訟（同性婚訴訟）,清末愛砂先生　立石直子先生　憲法24条が要請する同性婚の法制化に関する意見書,法律部会機関誌『法の科学』 51巻(日本評論社、2020年)14- 23頁 - 「性の多様性と親子の相対化一里親・生殖補助医療などの視点から―」 関西学院 大学法学部『法と政治』 69巻2号241-264頁(2018年) - 「オーストラリアにおける性の多様性に関
執筆者の業績（引用ではない）,,性風俗と法秩序,(尚学社、2017年),2,1,I0000064,「セックスワークにも給付金を」訴訟 【アーカイブ】,甲102：意見書（岩切大地教授）,、同准教授を経て、2017(平成29)年から現職。 著書:(共著)陶久利彦(編)『性風俗と法秩序』(尚学社、2017年)(第1章「売春法制と 性風俗法制の交錯一個室付浴場業規制の法的性質をめぐって」を執筆)、(共著)須
執筆者の業績（引用ではない）,木村草太,憲法と同性婚,杉田敦編『グローバル化のなかの政治』8 1頁,2,2,I0000031,結婚の自由をすべての人に訴訟（同性婚訴訟）,安西文雄先生意見書（2024年1月24日）,版〕』133頁(東大出版会、2016年)。 17 このように整理すると、木村草太「憲法と同性婚」杉田敦編『グローバル化のなかの政治』8 1頁、83頁(岩波書店、2016年)が指摘するように、「現在の日本法では、同性愛
執筆者の業績（引用ではない）,辻村みよ子責任編集,憲法研究第10号,(信山社、2022年5月),2,2,I0000095,『宮本から君へ』助成金不交付決定取消訴訟【アーカイブ】,意見書,論文「表現の自由と人格権の諸相――その現代的課題に向けて」辻村みよ子責任編集 『憲法研究 第10号』(信山社、2022年5月)149-161頁 - 論文「表現の自由のワインディングロード 「自由」をめぐる、ねじれと理路」
執筆者の業績（引用ではない）,,政策法務からの提言,(日本評論社、1993年),2,2,I0000071/I0000119,“コロナ感染者立ち寄りで店名公表”は違法！訴訟【アーカイブ】,【意見書】神戸大学名誉教授・弁護士　阿部泰隆先生,信山社、1990年) - 8 『行政訴訟改革論』(有斐閣、1993年) - 9 『政策法務からの提言』(日本評論社、1993年) - 10 『大震災の法と政策』(日本評論社、1995年) - 11 『政策法学の基本指針』(
執筆者の業績（引用ではない）,,政策法学と自治条例,(信山社、1999年),2,2,I0000071/I0000119,コロナ禍、日本社会の理不尽を問う（コロナ特措法違憲訴訟）【アーカイブ】,甲第６０号証の１：阿部泰隆先生　意見書,- 15 『行政の法システム入門』(放送大学教育振興会、1998年) - 16 『政策法学と自治条例』(信山社、1999年) - 17 『定期借家のかしこい貸し方・借り方』(信山社、2000年) - 18 『こんな法律はい
執筆者の業績（引用ではない）,,政策法学の基本指針,(弘文堂、1996年),2,2,I0000071/I0000119,コロナ禍、日本社会の理不尽を問う（コロナ特措法違憲訴訟）【アーカイブ】,甲第６０号証の１：阿部泰隆先生　意見書,993年) - 10 『大震災の法と政策』(日本評論社、1995年) - 11 『政策法学の基本指針』(弘文堂、1996年) - 12 『行政の法システム上[新版]』(有斐閣、1997年) (初版、1992年、補遺1998
執筆者の業績（引用ではない）,斉加尚代,教育と愛国,(岩波書店、2019年),2,1,I0000146,「学術会議の独立性」を市民で守ろう ～会員任命拒否理由の情報公開訴訟～,甲B55 陳述書（加藤陽子）,ータについて、評価の前提となっている事実、その確からしさが気になります。斉加尚代『教育と愛国』(岩波書店、2019年)は、毎日放送(MBS)が2017年7月、『映像'17』で放送した優れたドキュメンタリーを書籍化し
執筆者の業績（引用ではない）,博士論文,文化戦争と憲法理論――アイデンティティの相剋と模索,(法律文化社、2006 年),2,2,I0000095,『宮本から君へ』助成金不交付決定取消訴訟【アーカイブ】,意見書（志田陽子教授）,7年) 『表現者のための憲法入門』(武蔵野美術大学出版局、2015年) 博士論文『文化戦争と憲法理論――アイデンティティの相剋と模索』(法律文化社、2006 年) 論文 - 論文「表現の自由と人格権の諸相――その現代的課題に向けて」辻村みよ子責任編集 『
執筆者の業績（引用ではない）,論説,文化芸術と教育と公共市民文化,『教育』10月号掲載(14-21頁,2,2,I0000095,『宮本から君へ』助成金不交付決定取消訴訟【アーカイブ】,意見書,文化は誰のものか」 『唯物論』95号(2021年12月)、39-54頁 - 論説「文化芸術と教育と公共市民文化」『教育』10月号掲載(14-21頁) - 論文「「表現の自由」と公的芸術支援――芸術と市民文化の連環」法学館憲法研究所
執筆者の業績（引用ではない）,,新型コロナ対策の法的処方せん第2版,(amazonキンドル、電子出 5 版、2021年10月),2,2,I0000071/I0000119,コロナ禍、日本社会の理不尽を問う（コロナ特措法違憲訴訟）【アーカイブ】,甲第６０号証の１：阿部泰隆先生　意見書,2021年) - 52 『司法改革の挫折』(信山社、2021年6月) - 53 『新型コロナ対策の法的処方せん第2版』(amazonキンドル、電子出 5 版、2021年10月) 編著・共著・論文などは http://www.eonet
執筆者の業績（引用ではない）,木昇ほか編,日本とブラジルからみた比較法,(信山社、2019),2,2,I0000134/I0000159,わたしたちはもう待てない〜同性婚仙台家事審判事件,甲B265意見書2025年3月27日,論文「日本法とブラジル法が出会うとき―民法とグローバリゼーション」柏 木昇ほか編『日本とブラジルからみた比較法』(信山社、2019)21-54頁 - 評釈「犯罪被害者と同性の者が「事実上婚姻関係と同様の事情にあった者」に該当し得る」
執筆者の業績（引用ではない）,論文,日本民法の展開(3)判例の法形成~内縁,広中俊雄・星野英 一編『民法典の百年I全般的考察』(有斐閣、1998),2,2,I0000031,結婚の自由をすべての人に訴訟（同性婚訴訟）,二宮周平先生 意見書　※民法学者による本件についての意見,クシュアリティが大切 にされる社会を目指して』(日本評論社、2017) - 論文「日本民法の展開(3) 判例の法形成~内縁」広中俊雄・星野英 一編『民法典の百年I全般的考察』(有斐閣、1998)341 頁 - 論文「近親婚的内縁の法的保護」戸籍
執筆者の業績（引用ではない）,大村敦志共著論文,日本法とブラジル法が出会うとき―民法とグローバリゼーション,柏 木昇ほか編『日本とブラジルからみた比較法』(信山社、2019),2,2,I0000134/I0000159,わたしたちはもう待てない〜同性婚仙台家事審判事件,甲B265意見書2025年3月27日,化 とママ休暇制度」法学教室 496号4-7頁(2022) - 大村敦志共著論文「日本法とブラジル法が出会うとき―民法とグローバリゼーション」柏 木昇ほか編『日本とブラジルからみた比較法』(信山社、2019)21-54頁 - 評釈「犯罪被害者と同性の者が「事実上
執筆者の業績（引用ではない）,太田典礼,日本産児調節百年史,"出版科学総合研究所, 1976, p.359. 30 高橋勝好・牛丸義留『人工妊娠中絶の",2,1,I0000132,「わたしの体は母体じゃない」訴訟,甲19：旧優生保護法に基づく優生手術等を受けた者に対する一時金の支給等に関する法律第21条に基づく調査報告書（抜粋）,"田昌子『優生保護法解説』研進社, 1948, pp.30-33. 29 太田典礼『日本産児調節百年史』出版科学総合研究所, 1976, p.359. 30 高橋勝好・牛丸義留『人工妊娠中絶の諸問題―改正優生保護法詳解—』日"
執筆者の業績（引用ではない）,,未完の行政訴訟改革,(信山社、2020年),2,2,I0000071/I0000119,コロナ禍、日本社会の理不尽を問う（コロナ特措法違憲訴訟）【アーカイブ】,甲第６０号証の１：阿部泰隆先生　意見書,2019年) - 48 『行政法の解釈(4)』(信山社、2019年) - 49 『未完の行政訴訟改革』(信山社、2020年) - 50 『処分性・原告適格・訴えの利益の消滅』(信山社、2021年) - 51 『大災害対策法
執筆者の業績（引用ではない）,一編,民法典の百年I全般的考察,(有斐閣、1998),2,2,I0000031,結婚の自由をすべての人に訴訟（同性婚訴訟）,二宮周平先生 意見書　※民法学者による本件についての意見,7) - 論文「日本民法の展開(3) 判例の法形成~内縁」広中俊雄・星野英 一編『民法典の百年I全般的考察』(有斐閣、1998)341 頁 - 論文「近親婚的内縁の法的保護」戸籍時報 625号(2008)2頁 - 論文「事実婚の
執筆者の業績（引用ではない）,主主義科学者協会法律部会機関誌,法の科学,51巻(日本評論社、2020年),2,2,I0000031,結婚の自由をすべての人に訴訟（同性婚訴訟）,清末愛砂先生　立石直子先生　憲法24条が要請する同性婚の法制化に関する意見書,年代から現在までの家族をめぐる動向を踏まえて」民 主主義科学者協会法律部会機関誌『法の科学』 51巻(日本評論社、2020年)14- 23頁 - 「性の多様性と親子の相対化一里親・生殖補助医療などの視点から―」
執筆者の業績（引用ではない）,共著,現代中国法入門,第8版(2019年、有斐閣),2,2,I0000031/I0000090,司法の独立を脅かす岡口裁判官の罷免訴追に反対します！【アーカイブ】,意見書（鈴木賢）,大学出版会) - 4 共著『世界の人権保障』(2017年、三省堂) - 5 共著『現代中国法入門』第8版(2019年、有斐閣) - 6 単著『台湾同性婚法の誕生――アジア LGBTQ+燈台への歴程』(日本評論社、202
執筆者の業績（引用ではない）,主要業績,現代中国相続法の原理――伝統の克服と継承,(単著),2,2,I0000031/I0000090,結婚の自由をすべての人に訴訟（同性婚訴訟）,鈴木賢先生 意見書　※台湾で施行された同性間の婚姻に関わる法律について,修士(法学)(北海道大学) 1991年 博士(法学)(北海道大学) 主要業績 『現代中国相続法の原理――伝統の克服と継承』(単著) 1992年、成文堂 『中国にとって法とは何か――統治の道具から市民の権利へ』(共著) 叢書/中国的問 題群3(
執筆者の業績（引用ではない）,岩波講座,現代国家と法,(岩波書店、1997年),2,2,I0000095,『宮本から君へ』助成金不交付決定取消訴訟【アーカイブ】,意見書,)』 (勁草書房、2016年)を参照した。 12 蟻川恒正「国家と文化」岩波講座『現代国家と法』(岩波書店、1997年)、奥平康弘 『「表現の自由」を求めて』(岩波書店、1999年)、奥平康弘 『なぜ「表現の自由」か
執筆者の業績（引用ではない）,編集代表,現代家族法講座第1巻~第5巻,(日本評論社、2020~2021),2,2,I0000031/I0000159,結婚の自由をすべての人に訴訟（同性婚訴訟）,二宮周平先生意見書（2024年1月30日）,7) - 編著『新注釈民法(17)親族(1)』(有斐閣、2017) - 編集代表『現代家族法講座第1巻~第5巻』(日本評論社、2020~2021) - 編著『LGBTQ の家族形成支援~生殖補助医療・養子&里親による〔第2版〕』 (
執筆者の業績（引用ではない）,,環境法総論と自然・海浜環境,(信山社、2017年),2,2,I0000071/I0000119,コロナ禍、日本社会の理不尽を問う（コロナ特措法違憲訴訟）【アーカイブ】,甲第６０号証の１：阿部泰隆先生　意見書,34の改訂版) - 41 『廃棄物法制の研究』(信山社、2017年) - 42 『環境法総論と自然・海浜環境』(信山社、2017年) - 43 『まちづくりと法、都市計画、自動車、自転車、土地、地下水、住宅、借 地借家』(信山社、
執筆者の業績（引用ではない）,,研究会/現代型行政訴訟の検討課題,ジュリスト925号 (1989年),2,1,I0000052,警察庁が保有する秘密個人情報ファイル簿の情報公開訴訟,甲21添付資料1-10,要」 の問題として原告の主張立証負担の軽減を図るものと位置づけている。 18 「研究会/現代型行政訴訟の検討課題」 ジュリスト925号 (1989年) 84頁〔鈴木康之判事発言: 「難しい(法律一筆者註)要件ですと、審理しているときに
執筆者の業績（引用ではない）,,精神衛生団体より内相に精神病対策確立を陳情,"『医海時報』2188号, 1936.8.1, p.43.なお、 日本精神衛生協会長及び公",2,1,I0000132,「わたしの体は母体じゃない」訴訟,甲47：国民優生法の制定過程,"・厚生大臣官房総務課編『内務厚生時報』4巻11 号,1939.11, p.13、「精神衛生団体より内相に 精神病対策確立を陳情」『医海時報』2188号, 1936.8.1, p.43.なお、 日本精神衛生協会長及び公立及代用精神病院協会理事長は三宅"
執筆者の業績（引用ではない）,,編集復刻版性と生殖の人権問題資料集成第25巻,"不二出版,2002, p.119.)",2,1,I0000132,「わたしの体は母体じゃない」訴訟,甲19：旧優生保護法に基づく優生手術等を受けた者に対する一時金の支給等に関する法律第21条に基づく調査報告書（抜粋）,"る件」(昭和21年7月20日厚生省発衛第124号地方長官宛厚生省衛生局長発) (『編集復刻版性と生殖の人権問題資料集成 第25巻』不二出版,2002, p.119.) 35 厚生省援護局『引揚げと援護三十年の歩み』厚生省,1977, pp.89-92"
執筆者の業績（引用ではない）,,自衛官合祀違憲判決の検討,釧路論集11号、1980年,2,2,I0000123,県知事の公務での護国神社参拝取りやめをー政教分離原則の違反を問うー,甲18（稲正樹意見書）,0年 - 『世界と日本のCOVID-19対応』敬文堂、2023年 (論文) - 「自衛官合祀違憲判決の検討」釧路論集11号、1980年 - 「事件の本質と課題 岩手靖国違憲訴訟の概要」『岩手靖国違憲訴訟戦いの記録』新教出 版社、
執筆者の業績（引用ではない）,,行政の法システム上[新版],(有斐閣、1997年),2,2,I0000071/I0000119,コロナ禍、日本社会の理不尽を問う（コロナ特措法違憲訴訟）【アーカイブ】,甲第６０号証の１：阿部泰隆先生　意見書,1995年) - 11 『政策法学の基本指針』(弘文堂、1996年) - 12 『行政の法システム上[新版]』(有斐閣、1997年) (初版、1992年、補遺1998年) - 13 『行政の法システム下[新版]』(有斐閣、1997
執筆者の業績（引用ではない）,,行政の法システム下[新版],(有斐閣、1997年),2,2,I0000071/I0000119,コロナ禍、日本社会の理不尽を問う（コロナ特措法違憲訴訟）【アーカイブ】,甲第６０号証の１：阿部泰隆先生　意見書,新版]』(有斐閣、1997年) (初版、1992年、補遺1998年) - 13 『行政の法システム下[新版]』(有斐閣、1997年) (初版、 1992年、補遺1998年) - 14 『〈論争・提案〉情報公開』(日本評論社、199
執筆者の業績（引用ではない）,,行政の法システム入門,(放送大学教育振興会、1998年),2,2,I0000071/I0000119,コロナ禍、日本社会の理不尽を問う（コロナ特措法違憲訴訟）【アーカイブ】,甲第６０号証の１：阿部泰隆先生　意見書,年) - 14 『〈論争・提案〉情報公開』(日本評論社、1997年) - 15 『行政の法システム入門』(放送大学教育振興会、1998年) - 16 『政策法学と自治条例』(信山社、1999年) - 17 『定期借家のかしこ
執筆者の業績（引用ではない）,,行政の組織的腐敗と行政訴訟最貧国:放置国家を克服する司法改革を,(現代人文社、2016年6月),2,2,I0000071/I0000119,コロナ禍、日本社会の理不尽を問う（コロナ特措法違憲訴訟）【アーカイブ】,甲第６０号証の１：阿部泰隆先生　意見書,う法学入門』(信山社、2016年3月) ◇ 法律学イロハカルタ付き◇ - 37 『行政の組織的腐敗と行政訴訟最貧国:放置国家を克服する司法改革を』 (現代人文社、2016年6月) - 38 『行政法の解釈(3)』(信山社、2016年7月) - 39 『行政法再入門上
執筆者の業績（引用ではない）,,行政救済の実効性,(弘文堂、1985年),2,2,I0000071/I0000119,コロナ禍、日本社会の理不尽を問う（コロナ特措法違憲訴訟）【アーカイブ】,甲第６０号証の１：阿部泰隆先生　意見書,日) # 著書 - 1 『フランス行政訴訟論』(有斐閣、1971年) - 2 『行政救済の実効性』(弘文堂、1985年) - 3 『事例解說行政法』(日本評論社、1987年) - 4 『行政裁量と行政救済』(三省堂、1
執筆者の業績（引用ではない）,,行政書士の未来像,(信山社、2004年),2,2,I0000071/I0000119,コロナ禍、日本社会の理不尽を問う（コロナ特措法違憲訴訟）【アーカイブ】,甲第６０号証の１：阿部泰隆先生　意見書,規、2003年) - 22 『行政訴訟要件論』(弘文堂、2003年) - 23 『行政書士の未来像』(信山社、2004年) - 24 『行政法の解釈(2)』(信山社、2005年) - 25 『やわらか頭の法戦略』(第一法
執筆者の業績（引用ではない）,,行政法の解釈,(信山社、1990年),2,2,I0000071/I0000119,コロナ禍、日本社会の理不尽を問う（コロナ特措法違憲訴訟）【アーカイブ】,甲第６０号証の１：阿部泰隆先生　意見書,1988年) - 6 『国土開発と環境保全』(日本評論社、1989年) - 7 『行政法の解釈』(信山社、1990年) 3 - 8 『行政訴訟改革論』(有斐閣、1993年) - 9 『政策法務からの提言』(日本評
執筆者の業績（引用ではない）,,行政法の解釈(2),(信山社、2005年),2,2,I0000071/I0000119,コロナ禍、日本社会の理不尽を問う（コロナ特措法違憲訴訟）【アーカイブ】,甲第６０号証の１：阿部泰隆先生　意見書,、2003年) - 23 『行政書士の未来像』(信山社、2004年) - 24 『行政法の解釈(2)』(信山社、2005年) - 25 『やわらか頭の法戦略』(第一法規、2006年) - 26 『対行政の企業法務戦略』(中
執筆者の業績（引用ではない）,,行政法の解釈(3),(信山社、2016年7月),2,2,I0000071/I0000119,コロナ禍、日本社会の理不尽を問う（コロナ特措法違憲訴訟）【アーカイブ】,甲第６０号証の１：阿部泰隆先生　意見書,貧国:放置国家を克服する司法改革を』 (現代人文社、2016年6月) - 38 『行政法の解釈(3)』(信山社、2016年7月) - 39 『行政法再入門上』(第2版)(信山社、2016年)(33の改訂版) - 40 『行
執筆者の業績（引用ではない）,,行政法の解釈(4),(信山社、2019年),2,2,I0000071/I0000119,コロナ禍、日本社会の理不尽を問う（コロナ特措法違憲訴訟）【アーカイブ】,甲第６０号証の１：阿部泰隆先生　意見書,7 『国家補償法の研究2 行政の危険防止責任』(信山社、2019年) - 48 『行政法の解釈(4)』(信山社、2019年) - 49 『未完の行政訴訟改革』(信山社、2020年) - 50 『処分性・原告適格・訴えの利益
執筆者の業績（引用ではない）,,行政法再入門上,(第2版),2,2,I0000071/I0000119,コロナ禍、日本社会の理不尽を問う（コロナ特措法違憲訴訟）【アーカイブ】,甲第６０号証の１：阿部泰隆先生　意見書,年6月) - 38 『行政法の解釈(3)』(信山社、2016年7月) - 39 『行政法再入門上』(第2版)(信山社、2016年)(33の改訂版) - 40 『行政法再入門下』(第2版)(信山社、2016年)(34の改
執筆者の業績（引用ではない）,,行政法再入門下,(第2版),2,2,I0000071/I0000119,“コロナ感染者立ち寄りで店名公表”は違法！訴訟【アーカイブ】,【意見書】神戸大学名誉教授・弁護士　阿部泰隆先生,『行政法再入門上』(第2版)(信山社、2016年) (33の改訂版) - 40 『行政法再入門下』(第2版)(信山社、2016年) (34の改訂版) - 41 『廃棄物法制の研究』(信山社、2017年) - 42 『環
執筆者の業績（引用ではない）,,行政法解釈学Ⅰ,(有斐閣、2008年),2,2,I0000071/I0000119,コロナ禍、日本社会の理不尽を問う（コロナ特措法違憲訴訟）【アーカイブ】,甲第６０号証の１：阿部泰隆先生　意見書,6年) - 26 『対行政の企業法務戦略』(中央経済社、2007年) - 27 『行政法解釈学Ⅰ』(有斐閣、2008年) - 28 『行政法解釈学Ⅱ』(有斐閣、2009年) - 29 『行政法の進路』(中大出版部、20
執筆者の業績（引用ではない）,,行政裁量と行政救済,(三省堂、1987年),2,2,I0000071/I0000119,コロナ禍、日本社会の理不尽を問う（コロナ特措法違憲訴訟）【アーカイブ】,甲第６０号証の１：阿部泰隆先生　意見書,堂、1985年) - 3 『事例解說行政法』(日本評論社、1987年) - 4 『行政裁量と行政救済』(三省堂、1987年) - 5 『国家補償法』(有斐閣、1988年) - 6 『国土開発と環境保全』(日本評論社、198
執筆者の業績（引用ではない）,,行政訴訟改革論,(有斐閣、1993年),2,2,I0000071/I0000119,“コロナ感染者立ち寄りで店名公表”は違法！訴訟【アーカイブ】,【意見書】神戸大学名誉教授・弁護士　阿部泰隆先生,社、1989年) 3 - 7 『行政法の解釈』(信山社、1990年) - 8 『行政訴訟改革論』(有斐閣、1993年) - 9 『政策法務からの提言』(日本評論社、1993年) - 10 『大震災の法と政策』(日本評
執筆者の業績（引用ではない）,駒村・鈴木編著,表現の自由II,(尚学社、 2011年),2,2,I0000095,『宮本から君へ』助成金不交付決定取消訴訟【アーカイブ】,意見書,による作品処分とグラフィテ ィの「犯罪化」をめぐる所有権との相克」駒村・鈴木編著『表現の自由II』(尚学社、 2011年)、志田陽子「文化芸術における自由と公共性――芸術の萎縮と私物化に「NO」 というために」 ジャー
執筆者の業績（引用ではない）,論文,表現の自由と人格権の諸相――その現代的課題に向けて,辻村みよ子責任編集 『憲法研究 第10号』(信山社、2022年5月),2,2,I0000095,『宮本から君へ』助成金不交付決定取消訴訟【アーカイブ】,意見書（志田陽子教授）,論――アイデンティティの相剋と模索』(法律文化社、2006 年) 論文 - 論文「表現の自由と人格権の諸相――その現代的課題に向けて」辻村みよ子責任編集 『憲法研究 第10号』(信山社、2022年5月)149-161頁 - 論文「表現の自由のワインディン
執筆者の業績（引用ではない）,,表現の自由の現代的論点――のについて,法学セミナー786号(2020年),2,2,I0000095,『宮本から君へ』助成金不交付決定取消訴訟【アーカイブ】,意見書,自由――言論市場への国家の積極的関与とその憲 法統制』(弘文堂、2013年)、同「表現の自由の現代的論点―― の について」法学セミナー786号(2020年)、志田陽子「《芸術の空間》と共存社 会」世界 No.925 (2019年)、同「「芸術
執筆者の業績（引用ではない）,,表現者のための憲法入門,(武蔵野美術大学出版局、2015年),2,2,I0000095,『宮本から君へ』助成金不交付決定取消訴訟【アーカイブ】,意見書,8年) - 『合格水準教職のための憲法』(編著)(法律文化社、2017年) - 『表現者のための憲法入門』(武蔵野美術大学出版局、2015年) - 博士論文『文化戦争と憲法理論――アイデンティティの相剋と模索』(法律文化社、2
執筆者の業績（引用ではない）,安部祥太,被疑者取調べの憲法的規制,(日本評論社、2019年),2,2,I0000130/I0000155,日本の「黙秘権」を問う訴訟 〜56時間にわたる侮辱的な取調べは違法〜 ,甲４号証（安部祥太氏意見書）,"浩二『基礎刑事訴訟法』(日本評論社、2022年) 43頁。 8 詳細は、安部祥太『被疑者取調べの憲法的規制』(日本評論社、2019年) 94~96頁を参照。 9 LEONARD W. LEVY, THE ORIGINS OF T"
執筆者の業績（引用ではない）,岩波書店,要説中国法,(共著),2,2,I0000031/I0000090,結婚の自由をすべての人に訴訟（同性婚訴訟）,鈴木賢先生 意見書　※台湾で施行された同性間の婚姻に関わる法律について,ら市民の権利へ』(共著) 叢書/中国的問 題群3(共著)、2010年、岩波書店 『要説 中国法』(共著) 2017年、東京大学出版会 『世界の人権保障』(共著) 2017年、三省堂 『現代中国法入門』第8版(共著)、
執筆者の業績（引用ではない）,谷口真由美編著,資料で考える憲法,(法律文化社、2018年),2,2,I0000031,結婚の自由をすべての人に訴訟（同性婚訴訟）,清末愛砂先生　立石直子先生　憲法24条が要請する同性婚の法制化に関する意見書,24条と9条』(共著、大月書店、2018年) - 「家族と平等」谷口真由美編著『資料で考える憲法』(法律文化社、2018年) 122-129頁 - 「重要条文・憲法二四条はなぜ狙われるのか」 塚田穂高編著『徹底検証 日
執筆者の業績（引用ではない）,樋口陽一,近代立憲主義と現代国家(新装版),(勁草書房、2016年),2,2,I0000095,『宮本から君へ』助成金不交付決定取消訴訟【アーカイブ】,意見書,」の理念型と用語法は、多くの法学者に 共有されているが、その代表として、樋口陽一『近代立憲主義と現代国家(新装版)』 (勁草書房、2016年)を参照した。 12 蟻川恒正「国家と文化」岩波講座『現代国家と法』(岩波書店、1997年)、奥
執筆者の業績（引用ではない）,林茂樹,逮捕・勾留中の被疑者の取調べについての一考察(下),(1984年),2,2,I0000130,日本の「黙秘権」を問う訴訟 〜56時間にわたる侮辱的な取調べは違法〜 ,上告受理申立理由補充書（２）2025年9月5日,卓爾「刑事訴訟法〔二訂版〕〕」(1984年)9334~339 頁 - ⑤ 林茂樹「逮捕・勾留中の被疑者の取調べについての一考察(下)」 (1984年)10警察學論集37巻12号47~60頁 - ⑥ 池田修・前田雅英「刑事訴訟法講義第7版」(2022年)1
執筆者の業績（引用ではない）,,都市計画,161 (1989),2,1,I0000120,神宮外苑を守ろう訴訟｜100年の歴史と3000本超の樹木を未来へ,【訴訟１・東京都訴訟】大方潤一郎氏_意見書,"- 大方潤一郎「ゾーニング体制下の市街地デザイン・コントロール手法とその論理」 『都市計画』 161 (1989), pp.70-78. - 大方潤一郎「再開発地区計画における協議プロセスとその課題」『都市計画』"
執筆者の業績（引用ではない）,,重要条文・憲法二四条はなぜ狙われるのか,塚田穂高編著『徹底検証 日本 の右傾化』(筑摩書房、2017年),2,2,I0000031,結婚の自由をすべての人に訴訟（同性婚訴訟）,清末愛砂先生　立石直子先生　憲法24条が要請する同性婚の法制化に関する意見書,真由美編著『資料で考える憲法』(法律文化社、2018年) 122-129頁 - 「重要条文・憲法二四条はなぜ狙われるのか」 塚田穂高編著『徹底検証 日本 の右傾化』(筑摩書房、2017年)182-201頁 - 「シンガポールー同性婚の法制化を
執筆者の業績（引用ではない）,,雑報日本民族衛生学会の創立,"『民族衛生』1巻1号,1931.3.23, p.95. 13 岡崎文規「日本における優",2,1,I0000132,「わたしの体は母体じゃない」訴訟,甲47：国民優生法の制定過程,"理学博士、設立時は東京高等師範学校教授。 11 東京精華高等女学校教諭。 12 「雑報 日本民族衛生学会の創立」 『民族衛生』1巻1号,1931.3.23, p.95. 13 岡崎文規「日本における優生政策とその結果について」『人口"
執筆者の業績（引用ではない）,,黒薔薇,1(復刻版:2001、不二出版,2,1,I0000031,結婚の自由をすべての人に訴訟（同性婚訴訟）,風間孝先生 赤枝香奈子先生 意見書　「同性カップルの権利と異性愛規範」,「同性愛の歴史観」『中央公論』3月号。 吉屋信子、1925a「或る愚しき者の話」『黒薔薇』1(復刻版:2001、不二出版。) ―――、1925b「純潔の意義に就きて白村氏の戀愛觀を駁す」『黒薔薇』1(復刻版:
執筆者の業績（引用ではない）,石井拓児=內田良=高橋哲=堀口悟郎,(座談会)教職員の多忙化問題――法学と教育学から考える,法学セミナー773号(2019年),1,1,I0000070,「人間を育てる教員に、人間らしい働き方を」訴訟【アーカイブ】,堀口悟郎先生意見書,91巻9号(2019年)96-115頁 - 石井拓児=內田良=高橋哲=堀口悟郎「(座談会)教職員の多忙化問題――法学と教育学から考える」法学セミナー773号(2019年)25-52頁 - 堀口悟郎「(立法紹介)大学制度改革——高等教育及び研究に関する201
執筆者の業績（引用ではない）,堀口悟郎,(立法紹介)大学制度改革——高等教育及び研究に関する2013年7月22日の法律第660号,日仏法学28号(2015年),1,1,I0000070,「人間を育てる教員に、人間らしい働き方を」訴訟【アーカイブ】,堀口悟郎先生意見書,と教育学から考える」法学セミナー773号(2019年)25-52頁 - 堀口悟郎「(立法紹介)大学制度改革——高等教育及び研究に関する2013年7月22日の法律第 660号」日仏法学28号(2015年)141-144頁 ### (4) 学会報告 - 堀口悟郎「教育データ利活用と憲法」(日本
執筆者の業績（引用ではない）,堀口悟郎,(立法紹介)高等教育進学制度改革——学生の進路指導及び成功に関する2018年3月8日の法律第2018-166号,日仏法学30号(2019年),1,1,I0000070,「人間を育てる教員に、人間らしい働き方を」訴訟【アーカイブ】,堀口悟郎先生意見書,(2019年) 72-81頁 ### (3) 立法紹介・座談会 - 堀口悟郎「(立法紹介)高等教育進学制度改革——学生の進路指導及び成功に関する2018年3月8日の法律第2018-166号」日仏法学30号(2019年)103-107頁 - 千葉勝美=上田健介=片桐直人=木下昌彦=堀口悟郎「(座談会)千葉勝美・
執筆者の業績（引用ではない）,,California: University of California Press. (,,1,1,I0000031,結婚の自由をすべての人に訴訟（同性婚訴訟）,風間孝先生 赤枝香奈子先生 意見書　「同性カップルの権利と異性愛規範」,California: University of California Press. (
執筆者の業績（引用ではない）,,"Cambridge University Press 2019) 210-233 Yota Negishi, Conventionality Control o",,1,1,I0000096,「日本の入管収容は国際人権法違反」訴訟,甲A81　意見書（根岸陽太西南学院大学教授）※比例性、必要性、合理性の解釈と個別収容、入管法の不適合性など,"Cambridge University Press 2019) 210-233 Yota Negishi, Conventionality Control of Domestic Law"
執筆者の業績（引用ではない）,共著,Crowdwork-AcomparativeLawPerspective,(Bund Verlag 2017),1,1,I0000070,「人間を育てる教員に、人間らしい働き方を」訴訟【アーカイブ】,毛塚勝利先生_意見書,2010) 編著『事業再構築における労働法の役割』(中央経済社 2013) 共著『Crowdwork-A comparative Law Perspective』(Bund Verlag 2017) 編著『クラウドワークの進展と社会法の近未来』(能力開発研究会、2021) -
執筆者の業績（引用ではない）,,"Edited by Noriyuki Inoue & Maciej Serowaniec, Nicolaus Copernicus University Pre",,1,1,I0000151,「18歳未満にも選挙で応援する自由を」訴訟,甲４２：門田孝教授の意見書,"Edited by Noriyuki Inoue & Maciej Serowaniec, Nicolaus Copernicus University Press)"
執筆者の業績（引用ではない）,,LGBTと人権一世界人権宣言70周年を迎えて,谷口洋幸 (編著),1,1,I0000031,結婚の自由をすべての人に訴訟（同性婚訴訟）,河口和也先生 意見書　「欧米および国際社会における同性愛の権利主体形成の歴史」,"阪府立大学言語文化研究』第1号, pp.13-21 48 谷口洋幸 2019 「LGBT と人権一世界人権宣言 70 周年を迎えて」谷口洋幸 (編著)『LGBT をめぐる法と社会』日本加除出版株式会社 pp.186-213. 49"
執筆者の業績（引用ではない）,,LGBTをめぐる法と社会,日本加除出版株式会社 pp.186-213. 49,1,1,I0000031,結婚の自由をすべての人に訴訟（同性婚訴訟）,河口和也先生 意見書　「欧米および国際社会における同性愛の権利主体形成の歴史」,019 「LGBT と人権一世界人権宣言 70 周年を迎えて」谷口洋幸 (編著)『LGBT をめぐる法と社会』日本加除出版株式会社 pp.186-213. 49
執筆者の業績（引用ではない）,堀澤明生,Massachusettsv.EPA後の州の出訴権の消息——諸州vs.連邦政治,北九州市立 大学法政論集 47巻3・4号(2020年),1,1,I0000064,「セックスワークにも給付金を」訴訟 【アーカイブ】,甲121：意見書（興津教授・堀澤准教授）,補助金行政法の宿病」法学セミナー65巻7号 (2020年)48~54頁 堀澤明生「Massachusetts v. EPA後の州の出訴権の消息——諸州 vs. 連邦政治」北九州市立 大学法政論集 47巻3・4号(2020年)37~62頁 堀澤明生「行政規制と民事的手法の競合と協働」法律時報
執筆者の業績（引用ではない）,,Q&Aヘイトスピーチ解消法,(現代人文社、2016年、共著),1,1,I0000085,「人種差別を許さない」訴訟　～警察官による母子の不当聴取と個人情報の漏洩～,甲３１　意見書（大阪公立大学大学院准教授明戸隆浩）,妙なナショナリズムの時代――排外主義に抗して』(岩波 書店、2015年、共著) 『Q&A ヘイトスピーチ解消法』(現代人文社、2016年、共著) 『排外主義の国際比較――先進諸国における外国人移民の実 (ミネルヴァ書房、2018年、
執筆者の業績（引用ではない）,,The Mayor of Castro Street: the Life and Times of Harvey Milk. St. Martin's Pres,,1,1,I0000031,結婚の自由をすべての人に訴訟（同性婚訴訟）,河口和也先生 意見書　「欧米および国際社会における同性愛の権利主体形成の歴史」,The Mayor of Castro Street: the Life and Times of Harvey Milk. St. Martin's Press. (
執筆者の業績（引用ではない）,,"Tohoku University Press, 2007.",,1,1,I0000131,夫婦別姓も選べる社会へ！訴訟,甲A014_辻村先生意見書（令和2年3月26日）,"Tohoku University Press, 2007."
執筆者の業績（引用ではない）,,"Tohoku University Press, 2008.",,1,1,I0000131,夫婦別姓も選べる社会へ！訴訟,甲A014_辻村先生意見書（令和2年3月26日）,"Tohoku University Press, 2008."
執筆者の業績（引用ではない）,,"Tohoku University Press, 2010.",,1,1,I0000131,夫婦別姓も選べる社会へ！訴訟,甲A014_辻村先生意見書（令和2年3月26日）,"Tohoku University Press, 2010."
執筆者の業績（引用ではない）,,"Tohoku University Press, 2011.",,1,1,I0000131,夫婦別姓も選べる社会へ！訴訟,甲A014_辻村先生意見書（令和2年3月26日）,"Tohoku University Press, 2011."
執筆者の業績（引用ではない）,単著,〈個〉からはじめる生命論,(NHK出版、2007),1,1,I0000031,結婚の自由をすべての人に訴訟（同性婚訴訟）,加藤秀一先生・意見書,- 単著『知らないと恥ずかしいジェンダー入門』(朝日新聞社、2006) - 単著『〈個〉からはじめる生命論』(NHK出版、2007) - 単著『はじめてのジェンダー論』(有斐閣、2017) - 共著(石田仁・海老原暁子)『図解雑
執筆者の業績（引用ではない）,単著,〈恋愛結婚〉は何をもたらしたか:性道徳と優生思想の百年間,(筑摩書房、 2004),1,1,I0000031,結婚の自由をすべての人に訴訟（同性婚訴訟）,加藤秀一先生・意見書,単著『性現象論:差異とセクシュアリティの社会学』(勁草書房、1998) - 単著『〈恋愛結婚〉は何をもたらしたか:性道徳と優生思想の百年間』(筑摩書房、 2004) - 単著『知らないと恥ずかしいジェンダー入門』(朝日新聞社、2006) - 単著『〈個〉からは
執筆者の業績（引用ではない）,浅倉むつ婚姻先生古稀記念論集,「尊厳ある社会,に向 けた法の貢献』(旬報者、2019),1,1,I0000031,結婚の自由をすべての人に訴訟（同性婚訴訟）,二宮周平先生 意見書　※民法学者による本件についての意見,ての生殖補助医療~提供者・代理懐胎者の尊 厳の確保」浅倉むつ婚姻先生古稀記念論集『「尊厳ある社会」に向 けた法の貢献』(旬報者、2019)471 頁 - 論文「家族法理論と立法のあり方」二宮周平・棚村政行編『現代家 族
執筆者の業績（引用ではない）,,「憲法改正,批判』(共著),1,1,I0000123,県知事の公務での護国神社参拝取りやめをー政教分離原則の違反を問うー,甲43 浦部法穂『憲法学教室　全訂第２版』,"1990, 1992年) 『憲法キーワード』(編著) (有斐閣,1991年) 『「憲法改正」批判』(共著)(労働旬報社,1994年) 『注解法律学全集・憲法I・II・III・IV』(共著)(青林書院,1994,"
執筆者の業績（引用ではない）,堀口悟郎,『不起立教員,と思想・良心の自由」法学教室501号(2022年),1,1,I0000070,「人間を育てる教員に、人間らしい働き方を」訴訟【アーカイブ】,堀口悟郎先生意見書,』(弘文堂、2021年)189-199頁 ### (2) 論文 - 堀口悟郎「『不起立教員』と思想・良心の自由」法学教室501号(2022年)65-72頁 - 堀口悟郎「EdTech と子どもの権利」山本龍彦=堀
執筆者の業績（引用ではない）,堀口悟郎,『君が代判例,が継承した憲法理論」法律時報 91巻5号(2019年),1,1,I0000070,「人間を育てる教員に、人間らしい働き方を」訴訟【アーカイブ】,堀口悟郎先生意見書,る地方自治体の将来像」比較憲法学研究32号(2020年)1-25頁 - 堀口悟郎「『君が代判例』が継承した憲法理論」法律時報 91巻5号(2019年)70-75頁 - 堀口悟郎「高等教育の無償化と大学の自治――フラン
執筆者の業績（引用ではない）,裕編,『政治・社会の変動と憲法(全2巻),第2巻、信山社、2017年 『憲法研究・創刊号、憲法70年と国民主権・象徴天皇制』辻村み,1,1,I0000131,夫婦別姓も選べる社会へ！訴訟,甲A014_辻村先生意見書（令和2年3月26日）,の現代的保障』 辻村みよ子編集代表、糠塚康江・建石真公子・大津浩・曽我部真 裕編『『政治・社会の変動と憲法(全2巻)』第2巻、信山社、2017年 『憲法研究・創刊号、憲法70年と国民主権・象徴天皇制』辻村みよ子責任編集、2017年11 月
執筆者の業績（引用ではない）,杉原泰雄編,〔新版〕体系憲法事典,468頁,1,1,I0000031,結婚の自由をすべての人に訴訟（同性婚訴訟）,安西文雄先生意見書（2024年1月24日）,供するさまざまな便益・利益へのアクセスの側面についてはどうか。 13 杉原泰雄編『〔新版〕体系憲法事典』468頁(青林書院、2008年)(植野妙実子執 筆)。 14 辻村みよ子『憲法と家族』 121頁(日本加除出版、2016
執筆者の業績（引用ではない）,親密な人的結合の自,なお、以下に関連する拙稿として、曽我部真裕「『人権法,という発想」法学教室4 82号(令和2年),1,1,I0000111,日米同性カップル在留資格訴訟  〜家族そろって日本で暮らすために〜【アーカイブ】,甲１６５曽我部真裕教授意見書,である。 1)控訴人Aに安定的な在留資格を認めないことは、「親密な人的結合の自 「なお、以下に関連する拙稿として、曽我部真裕「『人権法』という発想」法学教室4 82号(令和2年)72頁、「外国人の基本権保障のあり方」同483号(令和2年) 71頁、「マクリ
執筆者の業績（引用ではない）,,なぜ「地方自治,が重要なのか―川崎市市民オンブズマンの 活動に焦点を当てつつ一」『工学院大学研究論叢43巻1号』(2 005年),1,1,I0000141,要件を満たす島民の請求を市長が拒否！石垣島住民投票の権利を問う裁判【アーカイブ】,甲第41号証、意見書-自治体と民主制に関する憲法の規範構造-名古屋学院大・飯島滋明｜2024年（上告条件上告受理申立書提出の後）,- 「有事関連7法と憲法」『工学院大学研究論叢42巻1号』(2 004年) - 「なぜ「地方自治」が重要なのか―川崎市市民オンブズマンの 活動に焦点を当てつつ一」『工学院大学研究論叢43巻1号』(2 005年) - 「
執筆者の業績（引用ではない）,単著,はじめてのジェンダー論,(有斐閣、2017),1,1,I0000031,結婚の自由をすべての人に訴訟（同性婚訴訟）,加藤秀一先生・意見書,006) - 単著『〈個〉からはじめる生命論』(NHK出版、2007) - 単著『はじめてのジェンダー論』(有斐閣、2017) - 共著(石田仁・海老原暁子)『図解雑学 ジェンダー』(ナツメ社、2005) - 編著『自由への問
執筆者の業績（引用ではない）,,ひと味違う法学入門改訂版,"(信山社,2022年)",1,1,I0000119,“コロナ感染者立ち寄りで店名公表”は違法！訴訟【アーカイブ】,【意見書】神戸大学名誉教授・弁護士　阿部泰隆先生,"- 55 『新型コロナ対策の法政策的処方せん』(信山社、2022年) - 56 『ひと味違う法学入門改訂版』(信山社,2022年) - 法律学イロハカルタ付き◇ (36の改訂版) - 57 『政策法学の理論と実践』(信山社、"
執筆者の業績（引用ではない）,,まちづくりと法、都市計画、自動車、自転車、土地、地下水、住宅、借地借家,(信山社、2017年),1,1,I0000071,コロナ禍、日本社会の理不尽を問う（コロナ特措法違憲訴訟）【アーカイブ】,甲第６０号証の１：阿部泰隆先生　意見書,年) - 42 『環境法総論と自然・海浜環境』(信山社、2017年) - 43 『まちづくりと法、都市計画、自動車、自転車、土地、地下水、住宅、借 地借家』(信山社、2017年) - 44 『地方自治法制の工夫』(信山社、2018年) - 45 『日本列島「法」改造論:政策法
執筆者の業績（引用ではない）,,よくわかるメディア法,(ミネルヴァ書房、2011年),1,1,I0000104,公安警察による市民運動の監視を許さない。市民の「もの言う」自由を守るための訴訟【アーカイブ】,實原教授意見書(甲33),と実務』(尚学社、2009年) 鈴木秀美・山田健太(編)『よくわかるメディア法』(ミネルヴァ書房、2011年) 畑尻剛(編集代表)『憲法の規範力と憲法裁判 (講座 憲法の規範力
執筆者の業績（引用ではない）,,よくわかるメディア法第2版,(ミネルヴァ書房、2019年),1,1,I0000104,公安警察による市民運動の監視を許さない。市民の「もの言う」自由を守るための訴訟【アーカイブ】,實原教授意見書(甲33),ア』(法律文化社、2019年) 鈴木秀美・山田健太(編)『よくわかるメディア法 第2版』(ミネルヴァ書房、2019年) * 初版からの内容の変更を伴うもの。 實
執筆者の業績（引用ではない）,,よくわかる税法入門(第1版),(有斐閣・2001年),1,1,I0000152,保育料を経費に！訴訟,甲51：意見書（三木義一　青山学院大学名誉教授）,続税法』(勁草書房・共編著) 『世界の税金裁判』 (編著・清文社・2001年) 『よくわかる税法入門(第1版)』(有斐閣・2001年) (*第5版から編著にし、現在まで20版、継続中) 『日本の税金(第1版)』(岩波新書・2003年
執筆者の業績（引用ではない）,小川喜道・杉野昭博編著,よくわかる障害学,"ミネルヴァ書房, 2014, p.124.",1,1,I0000132,「わたしの体は母体じゃない」訴訟,甲146：旧優生保護法の歴史と問題,".68. - (62) 伊藤葉子「コロニー計画と脱施設化」小川喜道・杉野昭博編著『よくわかる障害学』ミネルヴァ書房, 2014, p.124. - (63) 松原洋子「日本一戦後の優生保護法という名の断種法―」米本ほか"
執筆者の業績（引用ではない）,,アジア太平洋レビュー,11号(2014年),1,1,I0000085,「人種差別を許さない」訴訟　～警察官による母子の不当聴取と個人情報の漏洩～,甲３１　意見書（大阪公立大学大学院准教授明戸隆浩）,ピーチ規制論の歴史的文脈―― 90 年代の規制論争における公民権運動の「継承」」『アジア太 平洋レビュー』11号(2014年) 「ナショナリズムと排外主義のあいだ――90 年代以降の日本 における「保守」言説の転換」『社会学年
執筆者の業績（引用ではない）,,アジア諸地域の社会変動――沖縄と東南アジア,お茶の水書房 渡邊欣雄 1994 『風水気の景観地理学』 人文書院 渡邊欣雄 2002,1,1,I0000076,「琉球人のご先祖の遺骨返還を」訴訟【アーカイブ】,甲39,社会の移動世代一沖縄生活史研究一」広島女子大学叢書 渓水社 戸谷 修 1999 『アジア諸地域の社会変動――沖縄と東南アジア」 お茶の水書房 渡邊欣雄 1994 『風水気の景観地理学』 人文書院 渡邊欣雄 2002 『沖縄文化の拡がりと変貌」榕樹
執筆者の業績（引用ではない）,堀澤明生,アメリカ法における行政主体の『公訴権,の歴史的展開(1),1,1,I0000064,「セックスワークにも給付金を」訴訟 【アーカイブ】,甲121：意見書（興津教授・堀澤准教授）,大学院法学研究科 准教授(現在に至る) 3.主要研究業績 堀澤明生「アメリカ法における行政主体の『公訴権』の歴史的展開(1)(2)(3・完)」自治研究 93巻9号(2017年)94~112頁、11号(2017年)82~95頁、
執筆者の業績（引用ではない）,,アンダーコロナの移民たち――日本社会の脆弱性があらわれた場所,(明石書店、2021年、共著),1,1,I0000085,「人種差別を許さない」訴訟　～警察官による母子の不当聴取と個人情報の漏洩～,甲３１　意見書（大阪公立大学大学院准教授明戸隆浩）,評論社、2019年、共著) 『レイシズムを考える』(共和国、2021年、共著) 『アンダーコロナの移民たち――日本社会の脆弱性があらわ れた場所』(明石書店、2021年、共著) 『テクノロジーと差別――ネットヘイトから「AIによる差別」 まで』(解放出版社、2022
執筆者の業績（引用ではない）,二ほか編,インターネットとヘイトスピーチ,"明石書店、2021年 ""Legal Reponses to Racial Hate Sp",1,1,I0000085,「人種差別を許さない」訴訟　～警察官による母子の不当聴取と個人情報の漏洩～,甲２４　意見書（青山学院大学教授申惠丰） ,"念賞) 「インターネットとヘイトスピーチ―国際人権法の観点から」中川慎 二ほか編『インターネットとヘイトスピーチ』明石書店、2021年 ""Legal Reponses to Racial Hate Speech in Japan"","
執筆者の業績（引用ではない）,編著,クラウドワークの進展と社会法の近未来,(能力開発研究会、2021),1,1,I0000070,「人間を育てる教員に、人間らしい働き方を」訴訟【アーカイブ】,毛塚勝利先生_意見書,ve Law Perspective』(Bund Verlag 2017) 編著『クラウドワークの進展と社会法の近未来』(能力開発研究会、2021) - 「労働契約法における労働条件変更法理の規範構造」(法学新報119巻5・6号、20
執筆者の業績（引用ではない）,島晶子編,グローバルな立憲主義と憲法学(講座:立憲主義と憲法学第6巻),(信 山社、2024年),1,1,I0000096,「日本の入管収容は国際人権法違反」訴訟,甲A81　意見書（根岸陽太西南学院大学教授）※比例性、必要性、合理性の解釈と個別収容、入管法の不適合性など,界人権宣言と日本国憲法——『身近で小さな場所』から始まる人権と責任」江 島晶子編『グローバルな立憲主義と憲法学(講座: 立憲主義と憲法学 第6巻)』(信 山社、2024年) 根岸陽太「人権理事会の特別手続」国際人権法学会編『新国際人権法講座(国際人権法学会 創立30周
執筆者の業績（引用ではない）,杉田敦編,グローバル化のなかの政治,8 1頁,1,1,I0000031,結婚の自由をすべての人に訴訟（同性婚訴訟）,安西文雄先生意見書（2024年1月24日）,会、2016年)。 17 このように整理すると、木村草太「憲法と同性婚」杉田敦編『グローバル化のなかの政治』8 1頁、83頁(岩波書店、2016年)が指摘するように、「現在の日本法では、同性愛の自由 の保障は確立している」ので、
執筆者の業績（引用ではない）,山元一,グローバル化時代の日本国憲法,"(放送大学教育振興会,2019年)",1,1,I0000090,司法の独立を脅かす岡口裁判官の罷免訴追に反対します！【アーカイブ】,意見書（山元一）,") 辻村みよ子=山元一編『概説憲法コンメンタール』(信山社,2018年) 山元一『グローバル化時代の日本国憲法』(放送大学教育振興会,2019年) 山元一「裁判官のツイッターへの投稿と表現の自由」『平成30年度重要判例解説(ジュリス"
執筆者の業績（引用ではない）,,ケースブック労働法,(監修、弘文堂・2005.第8版・2014),1,1,I0000116,「会計年度任用職員にも労働基本権を！」訴訟,書証（丙１５）,研究所-1994) 「新・雇用社会の法』(有斐閣・2002.補訂版、2004) 『ケースブック労働法』(監修、弘文堂・2005.第8版・2014) 「労働審判制度」(共著、弘文堂、2005.第2版、2007) 「詳説労働契
執筆者の業績（引用ではない）,大林啓吾編,コロナの憲法学,(弘文堂、2021年),1,1,I0000070,「人間を育てる教員に、人間らしい働き方を」訴訟【アーカイブ】,堀口悟郎先生意見書,学校に通う権利』と『学校に通わずに教育を受ける権利』を保障しているか」大林啓吾編『コロナの憲法学』(弘文堂、2021年)189-199頁 ### (2) 論文 - 堀口悟郎「『不起立教員』と思想・良心の自由」法学教
執筆者の業績（引用ではない）,堀口悟郎,コロナ禍と学校教育,法学セミナー790号(2020年),1,1,I0000070,「人間を育てる教員に、人間らしい働き方を」訴訟【アーカイブ】,堀口悟郎先生意見書,接的制約論の現状と課題」憲法研究7号(2020年)141-159頁 - 堀口悟郎「コロナ禍と学校教育」法学セミナー790号(2020年)62-67頁 - 堀口悟郎「中央集権国家の地方自治――フランスにおける地方自治体の将来
執筆者の業績（引用ではない）,日本教育法学会編,コンメンタール教育基本法,(学陽書房、2021年),1,1,I0000070,「人間を育てる教員に、人間らしい働き方を」訴訟【アーカイブ】,堀口悟郎先生意見書,1-376頁 - 堀口悟郎「第7条2項(大学の自主性・自律性)」日本教育法学会編『コンメンタール教育基本法』(学陽書房、2021年)233-244頁 - 堀口悟郎「教育を受ける権利への影響――憲法は『学校に通う権利』と『学校に通
執筆者の業績（引用ではない）,,サイバーハラスメント――現実へと溢れ出すヘイトクライム,(明石書店、2020年、監訳),1,1,I0000085,「人種差別を許さない」訴訟　～警察官による母子の不当聴取と個人情報の漏洩～,甲３１　意見書（大阪公立大学大学院准教授明戸隆浩）,トスピーチ 表現の自由はどこまで認められるか』(明 石書店、2014年、共訳) 『サイバーハラスメント――現実へと溢れ出すヘイトクライ ム』(明石書店、2020年、監訳) 14
執筆者の業績（引用ではない）,,ジェンダーと法,不磨書房、2005年(第2版2010年),1,1,I0000131,夫婦別姓も選べる社会へ！訴訟,甲A014_辻村先生意見書（令和2年3月26日）,年 ☆『比較憲法』岩波書店、2003年(新版2013年、第3版2018年) ☆ 『ジェンダーと法』不磨書房、2005年(第2版2010年) ☆ 『自治体と男女共同参画――政策と課題』イマジン出版、2005年 『ジェンダ
執筆者の業績（引用ではない）,,ジェンダー平等と多文化共生―――複合差別を超えて,〔辻村みよ子・大沢真理編〕 東北大学出版会、2010年 Gender Equality,1,1,I0000131,夫婦別姓も選べる社会へ！訴訟,甲A014_辻村先生意見書（令和2年3月26日）,監訳・解説 [オリヴィエ・ブラン著 辻村みよ子監訳・解説] 信山社、2010年 『ジェンダー平等と多文化共生―――複合差別を超えて』〔辻村みよ子・大沢真理編〕 東北大学出版会、2010年 Gender Equality in Multicultural
執筆者の業績（引用ではない）,辻村みよ子・大沢真理編,ジェンダー社会科学の可能性Ⅰ,(岩波書店、2011),1,1,I0000131,夫婦別姓も選べる社会へ！訴訟,甲A004_二宮先生意見書（平成23年12月5日）,頁 - 「家族法改革の展望~個人と家族はどこへいくのか」辻村みよ子・大沢真理編 『ジェンダー社会科学の可能性Ⅰ』(岩波書店、2011)213頁 - 29 -
執筆者の業績（引用ではない）,山本裕子,スウェーデンにおける福祉国家建設と優生政策,山崎喜代子編『生命の倫理 2(優生学の時代を越 えて),1,1,I0000132,「わたしの体は母体じゃない」訴訟,甲146：旧優生保護法の歴史と問題,"診断が行われるようになったのは1960年代であり、平 - (125) 山本裕子「スウェーデンにおける福祉国家建設と優生政策」山崎喜代子編『生命の倫理 2(優生学の時代を越 えて)』九州大学出版会,2008, pp.171-173. - (126"
執筆者の業績（引用ではない）,,セクシュアリティの人口学,198~200頁,1,1,I0000139,既婚を理由に法的性別取扱い変更を認めないのは違憲！「なんでうちらが離婚せなあかんの？」裁判,2024年7月16日付申立書（公開用編集版）,しつつ「性同一性障害/性 別不合の診断では性的指向を問わない」と明記している。 『セクシュアリティの人口学』198~200頁(甲B5)では、トラン スジェンダーの性的指向に分布の調査結果が紹介されている。回答者数が少 ないために
執筆者の業績（引用ではない）,大方潤一郎,ゾーニング体制下の市街地デザイン・コントロール手法とその論理,『都市計画』 161 (1989),1,1,I0000120,神宮外苑を守ろう訴訟｜100年の歴史と3000本超の樹木を未来へ,【訴訟１・東京都訴訟】大方潤一郎氏_意見書,"ングについて」『住宅』32:8(1983), pp.59-67. - 大方潤一郎「ゾーニング体制下の市街地デザイン・コントロール手法とその論理」 『都市計画』 161 (1989), pp.70-78. - 大方潤一郎「再開発地区計画における協議プロセスとその課題"
執筆者の業績（引用ではない）,,テクノロジーと差別――ネットヘイトから「AIによる差別,まで』(解放出版社、2022年、共著),1,1,I0000085,「人種差別を許さない」訴訟　～警察官による母子の不当聴取と個人情報の漏洩～,甲３１　意見書（大阪公立大学大学院准教授明戸隆浩）,移民たち――日本社会の脆弱性があらわ れた場所』(明石書店、2021年、共著) 『テクノロジーと差別――ネットヘイトから「AIによる差別」 まで』(解放出版社、2022年、共著) 「アメリカにおけるヘイトスピーチ規制論の歴史的文脈―― 90 年代の規制論争に
執筆者の業績（引用ではない）,,ドイツCSPFビジネスとクラウドワークをめぐる議論の現在,(季刊労働法272号、2021),1,1,I0000070,「人間を育てる教員に、人間らしい働き方を」訴訟【アーカイブ】,毛塚勝利先生_意見書,と継承~労働法学の自画像をどう描くか」(学会誌労働法 133号、2020) - 「ドイツ CSPFビジネスとクラウドワークをめぐる議論の現在」(季刊労働法272号、2021) - 「平等法理の深化に望むこと」(労働法律旬報1999・2000号、2022) 26
執筆者の業績（引用ではない）,ドイツ憲法判例研究会編,ドイツの憲法判例ⅡⅢ,(信山社、2008年),1,1,I0000104,公安警察による市民運動の監視を許さない。市民の「もの言う」自由を守るための訴訟【アーカイブ】,實原教授意見書(甲33),憲法学』(北樹出版、2008年) ドイツ憲法判例研究会編『ドイツの憲法判例ⅡⅢ』(信山社、2008年) 大沢秀介・小山剛(編)『自由と安全―各国の理論と実務』(尚学社、2009
執筆者の業績（引用ではない）,,ドイツ基本権裁判の展開,"(小山剛ほか編,信山社)",1,1,I0000151,「18歳未満にも選挙で応援する自由を」訴訟,甲４２：門田孝教授の意見書,"」入門』(井上典之編著,法律文化社) *1,2,5,7,17章担当 2025年:『ドイツ基本権裁判の展開』(小山剛ほか編,信山社) *「適正手続」担当 論文 1987年:「外国人の公務就任権をめぐる憲法問題(1)」六甲台論集"
執筆者の業績（引用ではない）,,ネット社会と民主主義——「分断,問題を調査データから検証する』(有斐閣、 2021年、編著),1,1,I0000064,「セックスワークにも給付金を」訴訟 【アーカイブ】,甲117：意見書（辻大介准教授）,学社会学部専任講師、同助教授を経て、2007(平成19)年より現職。 主な著作:『ネット社会と民主主義——「分断」問題を調査データから検証する』(有斐閣、 2021年、編著)、『日本人の情報行動2020』(東京大学出版会、2021年、
執筆者の業績（引用ではない）,,パンセクシュアル,と整理される(甲B6『LGBTQ+ 医療現場での実践Q&A』3頁,1,1,I0000139,既婚を理由に法的性別取扱い変更を認めないのは違憲！「なんでうちらが離婚せなあかんの？」裁判,2024年7月16日付申立書（公開用編集版）,人」は「バイセクシュアル」、「相手の性のあり方にかかわらず他者に惹 かれる人」は「パンセクシュアル」と整理される(甲B6『LGBTQ+ 医療現場での実践Q&A』3頁)。こうした性的指向の場合には、性愛関係 を継続している
執筆者の業績（引用ではない）,,フランス革命の憲法原理――近代憲法とジャコバン主義,日本評論社、1989年 ☆『「権利」としての選挙権――選挙権の本質と日本の問題』勁草書房,1,1,I0000131,夫婦別姓も選べる社会へ！訴訟,甲A014_辻村先生意見書（令和2年3月26日）,013年8月〕 IV 主要業績 (1)著書(単著・共編著) 〔☆印は単著) ☆ 『フランス革命の憲法原理 ――近代憲法とジャコバン主義』日本評論社、1989年 ☆『「権利」としての選挙権――選挙権の本質と日本の問題』勁草書房、1989年 ☆ 『人権の普遍性
執筆者の業績（引用ではない）,戒能通孝=伊藤正己編,ブライヴァシー研究,"(日本評論新社, 1962年)",1,1,I0000146,「学術会議の独立性」を市民で守ろう ～会員任命拒否理由の情報公開訴訟～,甲B26 答申書,"ーの一部」であるとする(外間寛訳 「ブライヴァシーの権 利」戒能通孝=伊藤正己編『ブライヴァシー研究』(日本評論新社, 1962年)2,14,15頁参照)。 同時に、プライバシーの権利の限界の一つは、「プライバシーの 権利"
執筆者の業績（引用ではない）,,プラクティス国際法講義〔第4版〕,(共著),1,1,I0000085,「人種差別を許さない」訴訟　～警察官による母子の不当聴取と個人情報の漏洩～,甲２４　意見書（青山学院大学教授申惠丰） ,〕』 信山社、2016年 『国際人権入門―現場から考える』岩波書店、2020年 『プラクティス国際法講義〔第4版〕』(共著)信山社、2022年 『人権条約の現代的展開』信山社、2009年 『人権条約上の国家の義務』日本評論社、1999年
執筆者の業績（引用ではない）,,プラットフォームと権力――HowtotametheMonsters,(分担執筆、慶應義塾大学出版会、2024年),1,1,I0000132,「わたしの体は母体じゃない」訴訟,甲176：山本意見書,米各国における差別の緩和・解消の試み』(共編、ナカニシヤ出版、2025年) - 『プラットフォームと権力――How to tame the Monsters』(分担執筆、慶應義塾大学出版会、2024年) - 『個人データ保護のグローバル・マップ』(共編、弘文堂、2024年) -
執筆者の業績（引用ではない）,,ヘイトスピーチとは何か――民族差別被害の救済,(別冊法 学セミナー258、日本評論社、2019年、共著),1,1,I0000085,「人種差別を許さない」訴訟　～警察官による母子の不当聴取と個人情報の漏洩～,甲３１　意見書（大阪公立大学大学院准教授明戸隆浩）,際比較――先進諸国における外国人移民の実 (ミネルヴァ書房、2018年、共著) 『ヘイトスピーチとは何か――民族差別被害の救済』(別冊法 学セミナー258、日本評論社、2019年、共著) 『ヘイトスピーチに立ち向かう――差別のない社会へ』(別冊 法
執筆者の業績（引用ではない）,,ヘイトスピーチに立ち向かう――差別のない社会へ,(別冊 法学セミナー260、日本評論社、2019年、共著),1,1,I0000085,「人種差別を許さない」訴訟　～警察官による母子の不当聴取と個人情報の漏洩～,甲３１　意見書（大阪公立大学大学院准教授明戸隆浩）,民族差別被害の救済』(別冊法 学セミナー258、日本評論社、2019年、共著) 『ヘイトスピーチに立ち向かう――差別のない社会へ』(別冊 法学セミナー260、日本評論社、2019年、共著) 『レイシズムを考える』(共和国、2021年、共著) 『アンダ
執筆者の業績（引用ではない）,,ヘイトスピーチはどこまで規制できるか,"影書房,2016. # 琉球民族遺骨返還訴訟への意見書 # Opinion State",1,1,I0000076,「琉球人のご先祖の遺骨返還を」訴訟【アーカイブ】,甲15,"5月号。 (97) 拙稿 「日本のレイシズムとヘイトスピーチ」, LAZAK 編『ヘイトスピーチはどこまで規制できるか』 影書房,2016. # 琉球民族遺骨返還訴訟への意見書 # Opinion Statement for the T"
執筆者の業績（引用ではない）,,ヘイトスピーチ表現の自由はどこまで認められるか,(明 石書店、2014年、共訳),1,1,I0000085,「人種差別を許さない」訴訟　～警察官による母子の不当聴取と個人情報の漏洩～,甲３１　意見書（大阪公立大学大学院准教授明戸隆浩）,究の射程——政治意識 の社会学のために」『応用社会学研究』63号(2021年) 『ヘイトスピーチ 表現の自由はどこまで認められるか』(明 石書店、2014年、共訳) 『サイバーハラスメント――現実へと溢れ出すヘイトクライ ム』(明石書店、2020年、監
執筆者の業績（引用ではない）,高見澤たか子,ベアテと語る「女性の幸福,と憲法』(晶文社、2006年),1,1,I0000031,結婚の自由をすべての人に訴訟（同性婚訴訟）,清末愛砂先生・立石直子先生「憲法24条が要請する同性婚の法制化に関する意見書」,ドン(平岡磨紀子 〔構成・文〕)、同上159頁、同=村山アツ子 =高見澤たか子 『ベアテと語る「女性の幸福」と憲法』(晶文社、2006年) 44-45頁。 たのであった。これは時代制約性ゆえのことであるといえる。すなわち、婚姻
執筆者の業績（引用ではない）,,ポジティヴ・アクション――「法による平等,の技法』(岩波新書),1,1,I0000131,夫婦別姓も選べる社会へ！訴訟,甲A014_辻村先生意見書（令和2年3月26日）,☆ 『憲法から世界を診る――人権・平和・ジェンダー 』法律文化社、2011年 ☆『ポジティヴ・アクション――「法による平等」の技法』(岩波新書)岩波書店、2011年 Gender Equality in Asia: Policies And
執筆者の業績（引用ではない）,,マクリーン事件判決及びそれに関する最近の議論について,国際人権33号 (令和3年),1,1,I0000111,日米同性カップル在留資格訴訟  〜家族そろって日本で暮らすために〜【アーカイブ】,甲１６５曽我部真裕教授意見書,令和2年)72頁、「外国人の基本権保障のあり方」同483号(令和2年) 71頁、「マクリーン事件判決及びそれに関する最近の議論について」 国際人権33号 (令和3年)13頁がある。 1 由」の制約となる。控訴人Bとの関係では、日本国民の基本権(憲法13
執筆者の業績（引用ではない）,泉徳治,マクリーン判決の間違い箇所,『統治構造において司法権が果たすべき役割 (第2部),1,1,I0000111,日米同性カップル在留資格訴訟  〜家族そろって日本で暮らすために〜【アーカイブ】,甲１６５曽我部真裕教授意見書,民である控訴人Bに対するものでもある。したがって、この制約の合憲性に 3 泉徳治「マクリーン判決の間違い箇所」『統治構造において司法権が果たすべき役割 (第2部)』判例時報2479号臨時増刊(令和3年) 192頁 3 ついては裁
執筆者の業績（引用ではない）,佐藤岳詩,メタ倫理学入門,(勁草書房、2017),1,1,I0000132,「わたしの体は母体じゃない」訴訟,甲143：小川意見書,いないかどうかは丁寧に評価する必要がある。この 35 差し当たり参照、佐藤岳詩『メタ倫理学入門』(勁草書房、2017)、安藤馨「道徳的非実在論」蝶名林亮編『メタ 倫理学の最前線』(勁草書房、2019)。 36 巽 2
執筆者の業績（引用ではない）,,メディア判例百選第2版,(有斐閣、2018年),1,1,I0000104,公安警察による市民運動の監視を許さない。市民の「もの言う」自由を守るための訴訟【アーカイブ】,實原教授意見書(甲33),法』(日本評論社、2018年) 長谷部・山口・宍戸(編)『メディア判例百選 第2版』(有斐閣、2018年) 中西優美子(編著) 『人権法の現代的課題:ヨーロッパとアジア』(法律文化
執筆者の業績（引用ではない）,,ヨーロッパ人権条約の解釈とその国内法的効力,国際人権23号 2017年:「欧州統合に際しての国内機関の『責任』について:リスボン条約,1,1,I0000151,「18歳未満にも選挙で応援する自由を」訴訟,甲４２：門田孝教授の意見書,:「退去強制から保障されるべき人権」法律時報84巻5号 「ヨーロッパ人権条約の解釈とその国内法的効力」国際人権23号 2017年:「欧州統合に際しての国内機関の『責任』について:リスボン条約判決の
執筆者の業績（引用ではない）,,リモートワーク,(明石書店),1,1,I0000085,「人種差別を許さない」訴訟　～警察官による母子の不当聴取と個人情報の漏洩～,甲３３　無意識のバイアス　高史明解説抜粋,) 翻訳家。16歳まで米国カリフォルニア州で生活。同志社大学心理 学部卒。共訳に『リモートワーク』(明石書店)、『教えて! 哲学者 たち』(全2巻、大月書店)など。 【解説者略歴】 高史明(たか・ふみあき) 社会心理学
執筆者の業績（引用ではない）,,ルポ雇用劣化不況,(岩波新書),1,1,I0000116,「会計年度任用職員にも労働基本権を！」訴訟,書証（甲２６）,れ。東京大学文学部卒業。元朝日新聞記者、編集委員兼論説委員 (労働担当)。著書に『ルポ雇用劣化不況』(岩波新書)、『正社員消 滅』(朝日新書)、『ルポ賃金差別」(ちくま新書)、編著書に『増補版 賃金破壊————労働運動を
執筆者の業績（引用ではない）,,レイシズムを考える,(共和国、2021年、共著),1,1,I0000085,「人種差別を許さない」訴訟　～警察官による母子の不当聴取と個人情報の漏洩～,甲３１　意見書（大阪公立大学大学院准教授明戸隆浩）,―差別のない社会へ』(別冊 法学セミナー260、日本評論社、2019年、共著) 『レイシズムを考える』(共和国、2021年、共著) 『アンダーコロナの移民たち――日本社会の脆弱性があらわ れた場所』(明石書店、2021年、
執筆者の業績（引用ではない）,,レイシズムを解剖する,(勁草書房),1,1,I0000085,「人種差別を許さない」訴訟　～警察官による母子の不当聴取と個人情報の漏洩～,甲３３　無意識のバイアス　高史明解説抜粋,社会系研 究科単位取得退学。博士(心理学)。現在、神奈川大学非常勤講師。 著書に『レイシズムを解剖する』(勁草書房)、共著に『偏見や差別 はなぜ起こる?』(ちとせプレス)など。 無意識のバイアス ――人はなぜ人種差別をする
執筆者の業績（引用ではない）,,ロナルド・ドゥオーキンの解釈方法論の分析とその擁護,国家学会雑誌132巻11号(2019),1,1,I0000132,「わたしの体は母体じゃない」訴訟,甲143：小川意見書,の一般的方法としての『最良の説明への推論』」科学哲学55巻1号(2022) - 「ロナルド・ドゥオーキンの解釈方法論の分析とその擁護」国家学会雑誌132巻11号(2019)
執筆者の業績（引用ではない）,新里宏二,ロー・ジャーナル旧優生保護法による強制不妊手術―謝罪と補償を―,"『法学セミナー』 762 号,2018.7, p.3.",1,1,I0000132,「わたしの体は母体じゃない」訴訟,甲146：旧優生保護法の歴史と問題,"拠である宮城県優生保護審査会の記録や優生手術台帳等は入手できな かった。新里宏二「ロー・ジャーナル 旧優生保護法による強制不妊手術―謝罪と補償を―」『法学セミナー』 762 号,2018.7, p.3. - (94) 第159回国会参議院厚生労働委員会会議録第4号 平"
執筆者の業績（引用ではない）,,世界の宗教,『日本の宗教』(以上、岩波ジ ュニア新書),1,1,I0000123,県知事の公務での護国神社参拝取りやめをー政教分離原則の違反を問うー,甲20-28,"『天皇の祭祀』『国家神道』(以上,岩波新書) 『ほんみち不敬事件』 『教祖』 『世界の宗教』『日本の宗教』(以上、岩波ジ ュニア新書) 慰霊と招魂 1974年9月28日 第1刷発行 2014年7月18日 第6"
執筆者の業績（引用ではない）,,世界の税金裁判,(編著・清文社・2001年),1,1,I0000152,保育料を経費に！訴訟,甲51：意見書（三木義一　青山学院大学名誉教授）,) (*藤田賞及び日本不動産学会著作賞) 『争点相続税法』(勁草書房・共編著) 『世界の税金裁判』 (編著・清文社・2001年) 『よくわかる税法入門(第1版)』(有斐閣・2001年) (*第5版から編著にし、現在まで
執筆者の業績（引用ではない）,共著,中国にとって法とは何か――統治の道具から市民の権利へ,(2010年、岩波書店),1,1,I0000090,司法の独立を脅かす岡口裁判官の罷免訴追に反対します！【アーカイブ】,意見書（鈴木賢）,『現代中国相続法の原理――伝統の克服と継承』(1992年、成文堂) - 2 共著『中国にとって法とは何か――統治の道具から市民の権利へ』(2010年、岩波書店) - 3 共著『要説 中国法』(2017年、東京大学出版会) - 4 共著『世界の人権保障』(2
執筆者の業績（引用ではない）,堀口悟郎,中央集権国家の地方自治――フランスにおける地方自治体の将来像,比較憲法学研究32号(2020年),1,1,I0000070,「人間を育てる教員に、人間らしい働き方を」訴訟【アーカイブ】,堀口悟郎先生意見書,コロナ禍と学校教育」法学セミナー790号(2020年)62-67頁 - 堀口悟郎「中央集権国家の地方自治――フランスにおける地方自治体の将来像」比較憲法学研究32号(2020年)1-25頁 - 堀口悟郎「『君が代判例』が継承した憲法理論」法律時報 91巻5号(20
執筆者の業績（引用ではない）,,争点相続税法,(勁草書房・共編著),1,1,I0000152,保育料を経費に！訴訟,甲51：意見書（三木義一　青山学院大学名誉教授）,担制度の法的研究』(信山社・1995年) (*藤田賞及び日本不動産学会著作賞) 『争点相続税法』(勁草書房・共編著) 『世界の税金裁判』 (編著・清文社・2001年) 『よくわかる税法入門(第1版)』(有斐閣・200
執筆者の業績（引用ではない）,,事例で学ぶ司法におけるジェンダー・バイアス,"明石 書店,307頁",1,1,I0000136,地域による報酬格差は違憲！裁判官の独立と良心を守る訴訟,甲31号証｜全国地家裁所長の人事パターンの制度可に関する一考察ーその経歴的資源に着目してー（I）,"推進二弁本部ジェンダー部会 司法におけるジェンダー問 題諮問会議編(2003) 『事例で学ぶ 司法におけるジェンダー・バイアス』明石 書店,307頁。 とはいえ、本稿が対象としている時期の3.8%に比べれば大きな前進ではあ ろう。そして、女性裁判官"
執筆者の業績（引用ではない）,,事例式演習教室憲法〔第二版〕,"(勁草書房,1998年)",1,1,I0000123,県知事の公務での護国神社参拝取りやめをー政教分離原則の違反を問うー,甲43 浦部法穂『憲法学教室　全訂第２版』,"04年) 「ドキュメント「日本国憲法」』(共編著) (日本評論社,1998年) 『事例式演習教室憲法〔第二版〕』(勁草書房,1998年) 「入門憲法ゼミナール [改訂版]』(実務教育出版,1999年) 『注釈憲法(1)』(共編著)("
執筆者の業績（引用ではない）,,事例解說行政法,(日本評論社、1987年),1,1,I0000071,コロナ禍、日本社会の理不尽を問う（コロナ特措法違憲訴訟）【アーカイブ】,甲第６０号証の１：阿部泰隆先生　意見書,斐閣、1971年) - 2 『行政救済の実効性』(弘文堂、1985年) - 3 『事例解說行政法』(日本評論社、1987年) - 4 『行政裁量と行政救済』(三省堂、1987年) - 5 『国家補償法』(有斐閣、198
執筆者の業績（引用ではない）,,事例解説行政法,(日本評論社、1987年),1,1,I0000119,“コロナ感染者立ち寄りで店名公表”は違法！訴訟【アーカイブ】,【意見書】神戸大学名誉教授・弁護士　阿部泰隆先生,971年) - 2 『行政救済の実効性』(弘文堂、1985年) - 3 『事例解説行政法』(日本評論社、1987年) - 4 『行政裁量と行政救済』(三省堂、1987年) - 5 『国家補償法』(有斐閣
執筆者の業績（引用ではない）,伊藤滋夫,事実認定と実体法,司法研修所論集 97 号(創立50周年記念特集号),1,1,I0000052,警察庁が保有する秘密個人情報ファイル簿の情報公開訴訟,甲21添付資料1-10,連した拙稿としては、伊 藤・前揭(注1) 「要件事実論と民法学」46頁、伊藤滋夫「事実認定と実体法」 司法研修所論集 97 号(創立50周年記念特集号) (1997年)1頁以下がある。 21 現在、筆者は、山本敬三教授
執筆者の業績（引用ではない）,編著,事業再構築における労働法の役割,(中央経済社 2013),1,1,I0000070,「人間を育てる教員に、人間らしい働き方を」訴訟【アーカイブ】,毛塚勝利先生_意見書,、2002) 編著『企業組織再編における労働者保護』(連合総研、2010) 編著『事業再構築における労働法の役割』(中央経済社 2013) 共著『Crowdwork-A comparative Law Perspective』(Bun
執筆者の業績（引用ではない）,来間恭,京大展望(42),『大阪毎日新聞』1931.6.30. (55),1,1,I0000076,「琉球人のご先祖の遺骨返還を」訴訟【アーカイブ】,甲15,"会・日本民族学会連合大会 第1回紀事』1936, p.144. (54) 来間恭「京大展望(42)」『大阪毎日新聞』1931.6.30. (55) 前掲『随筆・遺稿』p.135. (56) 三宅宗悦「大隅国徳之島喜念原始"
執筆者の業績（引用ではない）,新里貴之,京都大学総合博物館所蔵の南島遺物,"『伊仙町埋蔵文化財発掘調査報告書16:面縄貝塚 総括報告書』伊仙町教育委員会,2016,p.180-181. (69)",1,1,I0000076,「琉球人のご先祖の遺骨返還を」訴訟【アーカイブ】,甲15,"土肥直美『沖縄骨語り』琉球新報社,2018, p.179. (68) 新里貴之「京都大学総合博物館所蔵の南島遺物」 『伊仙町埋蔵文化財発掘調査報告書16:面縄貝塚 総括報告書』伊仙町教育委員会,2016,p.180-181. (69)"
執筆者の業績（引用ではない）,人口食料問題調査会,人口食料問題調査会人口部答申説明,(昭和5年),1,1,I0000132,「わたしの体は母体じゃない」訴訟,甲47：国民優生法の制定過程,"厚生時報』4巻11 号, 1939.11, p.13. 23 人口食料問題調査会『人口食料問題調査会人口部答申説明』(昭和5年)pp.56-58.(『編集復刻版性と生殖の人 権問題資料集成 第17巻』不二出版, 2000, pp.246"
執筆者の業績（引用ではない）,高橋勝好・牛丸義留,人工妊娠中絶の諸問題―改正優生保護法詳解—,"日本医事新報出版部, 1950, pp.147-148. 31 太田典礼『堕胎禁止と優生",1,1,I0000132,「わたしの体は母体じゃない」訴訟,甲19：旧優生保護法に基づく優生手術等を受けた者に対する一時金の支給等に関する法律第21条に基づく調査報告書（抜粋）,"百年史』出版科学総合研究所, 1976, p.359. 30 高橋勝好・牛丸義留『人工妊娠中絶の諸問題―改正優生保護法詳解—』日本医事新報出版部, 1950, pp.147-148. 31 太田典礼『堕胎禁止と優生保護法』経営者科学協会, 196"
執筆者の業績（引用ではない）,,人権と国家権力―『公共の福祉,"の多元的機能」法律時報86巻5号, 2014年",1,1,I0000064,「セックスワークにも給付金を」訴訟 【アーカイブ】,甲101：意見書（玉蟲由樹教授）,"厳の客観法的保護」福岡大学法学論叢 56巻2・3号,2011年 14 - (2)「人権と国家権力―『公共の福祉』の多元的機能」法律時報86巻5号, 2014年 - (3)「平等取扱原則と比例性」日本法学85巻2号,2019年 - ("
執筆者の業績（引用ではない）,,人権をめぐる十五講――現代の難問に挑む,岩波書店、2013年 ☆『概説 ジェンダーと法――人権論の視点から学ぶ』信山社、2013年(第2版2016年),1,1,I0000131,夫婦別姓も選べる社会へ！訴訟,甲A014_辻村先生意見書（令和2年3月26日）,みよ子・吉田克己・安藤ヨイ子・松本克美編集委員〕 日本加除出版、2012年 ☆ 『人権をめぐる十五講――現代の難問に挑む』岩波書店、2013年 ☆『概説 ジェンダーと法――人権論の視点から学ぶ』信山社、2013年(第2版2016年) ☆ 『比
執筆者の業績（引用ではない）,,人権保障におけるドイツ連邦憲法裁判所とヨーロッパ人権裁判所,比較法研究 73号172頁,1,1,I0000151,「18歳未満にも選挙で応援する自由を」訴訟,甲４２：門田孝教授の意見書,":国際人権法の国内的実施』(芹田健太郎ほか編,信山社) 「人権保障におけるドイツ連邦憲法裁判所とヨーロッパ人権裁判所」比較法研究 73号172頁 2012年:「退去強制から保障されるべき人権"
執筆者の業績（引用ではない）,,人権条約における個別の国家機関の位置づけ―単一の国際法的実体としての「国家,の解体(1),1,1,I0000096,「日本の入管収容は国際人権法違反」訴訟,甲A54　意見書「自由権規約の解釈方法について」（大阪大学大学院国際公共政策研究科准教授　髙田陽奈子）,手続的アプローチ』は適切な解決策か」憲法研究(近刊予定)。 - [論文・査読有]「人権条約における個別の国家機関の位置づけ―単一の国際法的実体としての「国家」の解体(1)、(2)、(3)、(4)、(5)、(6・完)」法学論叢188巻2号(2020年)37-60頁、188巻3号(
執筆者の業績（引用ではない）,,人権法の現代的課題:ヨーロッパとアジア,(法律文化社、2019年),1,1,I0000104,公安警察による市民運動の監視を許さない。市民の「もの言う」自由を守るための訴訟【アーカイブ】,實原教授意見書(甲33),選 第2版』(有斐閣、2018年) 中西優美子(編著) 『人権法の現代的課題:ヨーロッパとアジア』(法律文化社、2019年) 鈴木秀美・山田健太(編)『よくわかるメディア法 第2版』(ミネルヴァ
執筆者の業績（引用ではない）,,人間の尊厳の客観法的保護,"福岡大学法学論叢 56巻2・3号,2011年 14",1,1,I0000064,「セックスワークにも給付金を」訴訟 【アーカイブ】,甲101：意見書（玉蟲由樹教授）,"サブノート 210問』(共著),弘文堂,2021年 ## 《論文》 - (1)「人間の尊厳の客観法的保護」福岡大学法学論叢 56巻2・3号,2011年 14 - (2)「人権と国家権力―『公共の福祉』の多元的機能」法律時報86"
執筆者の業績（引用ではない）,,人類を滅亡せしむるに至る,変態 性欲であった(『変態性慾論』(甲A363),1,1,I0000031,結婚の自由をすべての人に訴訟（同性婚訴訟）,【九州・第６回】原告ら第１６準備書面　※同性愛の社会に対する位置づけ等,れた。同性愛は、強姦、陰部露出症、サディ ズムやマゾヒズムからなる色情狂と並ぶ、「人類を滅亡せしむるに至る」変態 性欲であった(『変態性慾論』(甲A363))。(以上、風間赤枝意見書(甲A 205)9頁~11頁) 1920年代に
執筆者の業績（引用ではない）,,代理母問題を考える,(岩波ジュニア新書、知の航海シリーズ),1,1,I0000131,夫婦別姓も選べる社会へ！訴訟,甲A014_辻村先生意見書（令和2年3月26日）,"(eds.), Tohoku University Press, 2011. ☆『代理母問題を考える』(岩波ジュニア新書、知の航海シリーズ) 岩波書店、2012年 『講座ジェンダーと法、第4巻 ジェンダー法学が切り拓く展望"
執筆者の業績（引用ではない）,高山佳奈子,任命拒否から一年―――日本学術会議の対応,法と民主主義 561号(2021年),1,1,I0000146,「学術会議の独立性」を市民で守ろう ～会員任命拒否理由の情報公開訴訟～,甲B53 陳述書（岡田正則）,平等の推進など、さまざまな学術的課題の政策立案にも寄与してきま した(高山佳奈子「任命拒否から一年―――日本学術会議の対応」法と民主主義 561号(2021年) 40頁など参照)。政府が2015年の安保関連法の制定を契機と して軍事研究への学術
執筆者の業績（引用ではない）,編著,企業組織再編における労働者保護,(連合総研、2010),1,1,I0000070,「人間を育てる教員に、人間らしい働き方を」訴訟【アーカイブ】,毛塚勝利先生_意見書,9) 編著『個別紛争処理システムの国際比較』(日本労働研究機構、2002) 編著『企業組織再編における労働者保護』(連合総研、2010) 編著『事業再構築における労働法の役割』(中央経済社 2013) 共著『Crowdwork-A c
執筆者の業績（引用ではない）,,企業組織変動にかかる労働法制の問題点と整備課題,(季刊労働法 255号、2016),1,1,I0000070,「人間を育てる教員に、人間らしい働き方を」訴訟【アーカイブ】,毛塚勝利先生_意見書,) - 「限定正社員論の法的問題を考える」(季刊労働法245号、2014) - 「企業組織変動にかかる労働法制の問題点と整備課題」(季刊労働法 255号、2016) - 「新しい労働時間法を〜生活時間アプローチの基本的コンセプト」(労働法律旬報188
執筆者の業績（引用ではない）,,会員候補者リスト,(甲A 64号証9頁,1,1,I0000146,「学術会議の独立性」を市民で守ろう ～会員任命拒否理由の情報公開訴訟～,準備書面１１（被告準備書面（１０）を踏まえて）｜2026年6月9日,はなく、任命権者は日本学術会議 会長なのであるから(日本学術会議法15条1項)、「会員候補者リスト」(甲A 64号証9頁)の中に連携会員候補者が入り込むことはあり得ない。 被告の主張は、荒唐無稽な虚偽主張という他ない。
執筆者の業績（引用ではない）,,住民主権の都市計画逆流に抗して,(自治体研究社、2019年),1,1,I0000120,神宮外苑を守ろう訴訟｜100年の歴史と3000本超の樹木を未来へ,【訴訟１・東京都訴訟】岩見良太郎氏意見書,新市場・オリンピック村開発の「不都合な真実」』(自治体研究社、2017年) - 『住民主権の都市計画 逆流に抗して』(自治体研究社、2019年)
執筆者の業績（引用ではない）,,個人データ保護のグローバル・マップ,(共編、弘文堂、2024年),1,1,I0000132,「わたしの体は母体じゃない」訴訟,甲176：山本意見書,e the Monsters』(分担執筆、慶應義塾大学出版会、2024年) - 『個人データ保護のグローバル・マップ』(共編、弘文堂、2024年) - 論文・講演等において、信教の自由、政教分離、比較憲法、デジタル立憲主義、AI・プラット
執筆者の業績（引用ではない）,,個人就業者をめぐる議論に必要な視野と視座とは,(季刊労働法 267号、2019),1,1,I0000070,「人間を育てる教員に、人間らしい働き方を」訴訟【アーカイブ】,毛塚勝利先生_意見書,7) - 「労基法労働時間法制からの脱却を」(日本労働研究雑誌 2018) - 「個人就業者をめぐる議論に必要な視野と視座とは」(季刊労働法 267号、2019) - 「戦後労働法学の批判と継承~労働法学の自画像をどう描くか」(学会誌労働法 133
執筆者の業績（引用ではない）,,個人情報保護の実務,別冊 IP43号10頁,1,1,I0000146,「学術会議の独立性」を市民で守ろう ～会員任命拒否理由の情報公開訴訟～,甲A87 意見書（早川和宏）,書の管理に関するガイドライン』改正の概要と自治体実務への影響」『情報公開の実務』『個人情報保護の実務』別冊 IP43号10頁~17頁(平成30年・第一法規) - 早川和宏監修・地方公共団体公文書管理条例研究会著『こんなとき
執筆者の業績（引用ではない）,,個人情報保護法コンメンタール,(勁草書房、令和3年),1,1,I0000064,「セックスワークにも給付金を」訴訟 【アーカイブ】,甲59：意見書（曽我部真裕教授）,古稀記念論文集』(三省堂、令和3年) - 石井夏生利、曽我部真裕、森亮二(編著)『個人情報保護法コンメンタール』 (勁草書房、令和3年) - 新井誠・曽我部真裕・佐々木くみ・横大道聡『憲法I 総論・統治機構(第2 版)』(日本評論社
執筆者の業績（引用ではない）,編著,個別紛争処理システムの国際比較,(日本労働研究機構、2002),1,1,I0000070,「人間を育てる教員に、人間らしい働き方を」訴訟【アーカイブ】,毛塚勝利先生_意見書,現) 【主な著作】 単著『西ドイツの労働事情』(日本労働協会、1989) 編著『個別紛争処理システムの国際比較』(日本労働研究機構、2002) 編著『企業組織再編における労働者保護』(連合総研、2010) 編著『事業再構築における労
執筆者の業績（引用ではない）,,債務免除益の課税理論,"(勁草書房,2020年)",1,1,I0000152,保育料を経費に！訴訟,甲50：意見書（藤間大順　神奈川大学准教授）,",神奈川大学法学部准教授。博士(法学)(青山学院大学, 2019年)。 [著書]『債務免除益の課税理論』(勁草書房,2020年),三木義一監修『よくわかる 税法入門[第20 版]』(有斐閣,2026 年,共著),三木義一監修"
執筆者の業績（引用ではない）,,優生保護法に関する疑義について,(昭和24年9月20日付け衛発第968号),1,1,I0000132,「わたしの体は母体じゃない」訴訟,甲146：旧優生保護法の歴史と問題,妊娠の継続又は分娩によって生活が著しく窮 迫する者)が加えられた。 - (12)「優生保護法に関する疑義について」(昭和24年9月20日付け衛発第968号)内閣法制局第一部『法務総裁意見 年報2巻 昭和24年度』pp.331-332.
執筆者の業績（引用ではない）,吉益脩夫,優生学の理論と実際―特に精神医学との関係に於て―,"南江堂,昭 和15(1940)",1,1,I0000132,「わたしの体は母体じゃない」訴訟,甲146：旧優生保護法の歴史と問題,"た草案を多少修正して民族優生保護法案と して提出することになったという。吉益脩夫『優生学の理論と実際―特に精神医学との関係に於て―』南江堂,昭 和15(1940), p.217. 10 レファレンス 816号 2019. 1 国立国会図書館 調査及び"
執筆者の業績（引用ではない）,,入門・世界システム分析,"藤原書店,2006",1,1,I0000076,「琉球人のご先祖の遺骨返還を」訴訟【アーカイブ】,甲15,"分化については、ウォーラーステイン 『社会科学をひらく』藤原書店,1996;同 『入門・世界システム分析』 藤原書店,2006。なお、哲学を中心とした人文学は、はじめ神学から自由 な学問一般を包括するもので、自然科学も社会科学"
執筆者の業績（引用ではない）,,全国地家裁所長の人事パターンの制度化に関する一考察~その経歴的資源に着目して〜(I),"明治大学政治経済研究所『政経論叢』第77巻第3・4号,138頁",1,1,I0000136,地域による報酬格差は違憲！裁判官の独立と良心を守る訴訟,甲32号証｜全国地家裁所長の人事パターンの制度可に関する一考察ーその経歴的資源に着目してー（II）,"2班という級班区分が付けられる。具体的な区分の指標については、拙稿(2009) 「全国地家裁所長の人事パターンの制度化に関する一考察~その経歴的資源に着目して〜(I)」明治大学政治経済研究所『政経論叢』第77巻第3・4号,138頁を参照。 - (2) 当該地家裁所長のあと、高裁部総括など"
執筆者の業績（引用ではない）,早津裕貴,公務員の団体交渉権保障・再考,季刊労働法287号(2024年),1,1,I0000116,「会計年度任用職員にも労働基本権を！」訴訟,書証（甲２６）_意見書 ※期日において甲２７と訂正,労働行為の成 否」中央労働時報1308号(2023年)12-20頁 - 早津裕貴「公務員の団体交渉権保障・再考」季刊労働法287号(2024年)71-90頁 令和8年5月13日 早津裕貴 18/18
執筆者の業績（引用ではない）,,公文書等の適正な管理と公開を通じた公権力作用統制の意義と課題,公法研究83号188頁,1,1,I0000146,「学術会議の独立性」を市民で守ろう ～会員任命拒否理由の情報公開訴訟～,甲A87 意見書（早川和宏）,公文書等の管理と課題」北陸史學68号47頁~63頁(令和2年・北陸史学会) - 「公文書等の適正な管理と公開を通じた公権力作用統制の意義と課題」公法研究83号188頁~200頁(令和4年・有斐閣) - 宮間純一編『公文書管理法時代の自治体と文書管理』(令和4年・勉
執筆者の業績（引用ではない）,宮間純一編,公文書管理法時代の自治体と文書管理,(令和4年・勉誠出版),1,1,I0000146,「学術会議の独立性」を市民で守ろう ～会員任命拒否理由の情報公開訴訟～,甲A87 意見書（早川和宏）,意義と課題」公法研究83号188頁~200頁(令和4年・有斐閣) - 宮間純一編『公文書管理法時代の自治体と文書管理』(令和4年・勉誠出版)(「第2章公文書管理法と自治体-法律への副反応?一」(23頁~48頁)を担当) 以上
執筆者の業績（引用ではない）,,公法解釈とグローバルな法規範の関係,公法研究85号 2026年:「いわゆる『低価値言論』の理論について」『棟居快行先生古稀記,1,1,I0000151,「18歳未満にも選挙で応援する自由を」訴訟,甲４２：門田孝教授の意見書,"EUの現在地(井上典之編,信山社) 「公法解釈とグローバルな法規範の関係」公法研究85号 2026年:「いわゆる『低価値言論』の理論について」『棟居快行先生古稀記念・も"
執筆者の業績（引用ではない）,,公物管理権論を問いなおす(1)~(3・完),自治研究100巻1号、4号、9号(2024),1,1,I0000132,「わたしの体は母体じゃない」訴訟,甲143：小川意見書,みを認めないとき:憲法と取消訴訟の原告適格論」法学教室522号(2024) - 「公物管理権論を問いなおす(1)~(3・完)」自治研究100巻1号、4号、9号(2024) - 「哲学の一般的方法としての『最良の説明への推論』」科学哲学55巻1号(
執筆者の業績（引用ではない）,,共同相続と遺留分および減殺後の法律関係,久貴忠彦編『遺言と遺留分 第2 巻遺留分』(日本評論社、2003),1,1,I0000131,夫婦別姓も選べる社会へ！訴訟,甲A004_二宮先生意見書（平成23年12月5日）,の積極的活用」立命館法学287号(2003) 192 頁 - 28 - - 「共同相続と遺留分および減殺後の法律関係」久貴忠彦編『遺言と遺留分 第2 巻遺留分』(日本評論社、2003)159頁 - 「財産分与と年金分割~判例の整理と今後の
執筆者の業績（引用ではない）,三木義一監修,典型契約の税法務,"(日本加除出版,2018年,共著)",1,1,I0000152,保育料を経費に！訴訟,甲50：意見書（藤間大順　神奈川大学准教授）,"談(会社法編)[第2版]』(有斐閣,2020年,共著),中村芳昭 =三木義一監修『典型契約の税法務』(日本加除出版,2018年,共著) [論文]「稅務行政のデジタル化における納税協力の変容と諸課題」租税法研究 53号 ("
執筆者の業績（引用ではない）,大方潤一郎,再開発地区計画における協議プロセスとその課題,『都市計画』 177(1992),1,1,I0000120,神宮外苑を守ろう訴訟｜100年の歴史と3000本超の樹木を未来へ,【訴訟１・東京都訴訟】大方潤一郎氏_意見書,"論理」 『都市計画』 161 (1989), pp.70-78. - 大方潤一郎「再開発地区計画における協議プロセスとその課題」『都市計画』 177(1992), pp.32-37. - 大方潤一郎「容積率規制の理念と展開の方向性」『都市住宅学』1"
執筆者の業績（引用ではない）,鴨良弼先生古稀祝賀論集,刑事裁判の理論,(日本評論社、一九七九年),1,1,I0000049,レペタ訴訟【アーカイブ】,甲13：小田中聰樹「裁判と国民ー裁判の公開を中心に」（法律時報）,は拙稿「民主主義司法論序説――『国民主権と司法」を中心に」鴨良弼先生古稀祝賀論集『刑事裁判の理論」(日本評論社、一九七九年)、②については拙稿「伝統的裁判官像か民主的裁判官像か———樋口陽一著「比較のなかの日本国憲法」
執筆者の業績（引用ではない）,田宮裕,刑事訴訟法〔新版〕,(有斐閣、1996年),1,1,I0000130,日本の「黙秘権」を問う訴訟 〜56時間にわたる侮辱的な取調べは違法〜 ,甲４号証（安部祥太氏意見書）,、被疑者・被告人の黙秘 権は憲法上の保障と位置付けられる」と述べる。 2 田宮裕『刑事訴訟法〔新版〕』(有斐閣、1996年)335~336頁、松 尾浩也『刑事訴訟法(上)〔新版)』(弘文堂、1999年)119頁など。 3
執筆者の業績（引用ではない）,酒巻匡,刑事訴訟法〔第2版〕,(有斐閣、2020年),1,1,I0000130,日本の「黙秘権」を問う訴訟 〜56時間にわたる侮辱的な取調べは違法〜 ,甲４号証（安部祥太氏意見書）,重光『新刑事訴訟法要綱〔7訂版〕』(創文社、1967年)109頁注 6)、酒巻匡『刑事訴訟法〔第2版〕』(有斐閣、2020年) 188頁など。 なお、酒巻は、拡張説を採りつつも、続けて「刑事手続の對證とされ捜査・訴 追・有罪
執筆者の業績（引用ではない）,岡田朝太郎,刑法論,"中外印刷出版部,1927, pp.239-241. (84)",1,1,I0000076,「琉球人のご先祖の遺骨返還を」訴訟【アーカイブ】,甲15,"一郎『刑法講義』有斐閣,1932, pp.471-472. (83) 岡田朝太郎『刑法論』中外印刷出版部,1927, pp.239-241. (84) これとは別に金関の場合も、「借用」などとエッセイで記してお"
執筆者の業績（引用ではない）,藤山雅行編著,判例にみる医師の説明義務,"(新日本法規,2006)",1,1,I0000148,おかゆ強制はおかしい！刑事施設における不要な食事制限の撤廃を求める裁判 ,乙B21_判例タイムズNo.1401,"おける説明義 務について」ジュリ1315号 (2006) 138頁,藤山雅行編著『判例にみる医師の説明義務」(新日本法規,2006),甲斐克則 「ブリッジブック医事法』(2008,信山社)、29頁,土井文美「医師の説明義務」判夕"
執筆者の業績（引用ではない）,,判例プラクティス憲法(第3版),(信山社、 令和4年),1,1,I0000111,日米同性カップル在留資格訴訟  〜家族そろって日本で暮らすために〜【アーカイブ】,甲１６５曽我部真裕教授意見書,ディ憲法(第2版)』(法律文化社、令 和5年) - 宍戸常寿・曽我部真裕(編) 『判例プラクティス憲法(第3版)』(信山社、 令和4年) - 曽我部真裕、赤坂幸一、櫻井智章、井上武史(編)『憲法秩序の新構想 大 石眞先生古稀記念論文集
執筆者の業績（引用ではない）,佐々木くみ,制度審查————制度審査とは何を審査するのか?,大林啓吾ほか編『憲法判例 のエニグマ』成文堂(2018年),1,1,I0000131,夫婦別姓も選べる社会へ！訴訟,甲A014_辻村先生意見書（令和2年3月26日）,・判例解説 Watch vol.14(2014年)29頁参照。 33 佐々木くみ「制度審查————制度審査とは何を審査するのか?」 大林啓吾ほか編『憲法判例 のエニグマ』成文堂(2018年)223頁以下参照。 34 佐々木前掲注(33) 237頁。な
執筆者の業績（引用ではない）,,労働契約法第2版,(有斐閣、2016年),1,1,I0000105,「子どもと向き合う時間がほしい」児童相談所の労働環境改善を！訴訟【アーカイブ】,原告第１準備書面,件の確保、④労働時間・業務軽減措置等が含まれる(土田道夫 (同志社大学教授)/著『労働契約法 第2版』(有斐閣、2016年)528頁)とさ れており、少なくとも①~④が被告に対し求められる具体的な注意義務の内 容となる。
執筆者の業績（引用ではない）,土井文美,医師の説明義務,判夕1260号(2008),1,1,I0000148,おかゆ強制はおかしい！刑事施設における不要な食事制限の撤廃を求める裁判 ,乙B21_判例タイムズNo.1401,"06),甲斐克則 「ブリッジブック医事法』(2008,信山社)、29頁,土井文美「医師の説明義務」判夕1260号(2008)18頁等参照。· 判例タイムズ No.1401 2014.8 37 権はいわば表裏の関係にあ"
執筆者の業績（引用ではない）,三宅宗悦,南島の古代葬制に就いて,"『東京人類学会・日本民族学会連合大会 第1回紀事』1936, p.144. (54)",1,1,I0000076,「琉球人のご先祖の遺骨返還を」訴訟【アーカイブ】,甲15,"を吟んだものだ。」(三宅・前揭「奄美大島の人類学的興味」)。 (53) 三宅宗悦「南島の古代葬制に就いて」『東京人類学会・日本民族学会連合大会 第1回紀事』1936, p.144. (54) 来間恭「京大展望(42)」『大阪毎"
執筆者の業績（引用ではない）,,危機にたつ司法,"汐文社,125-126頁",1,1,I0000136,地域による報酬格差は違憲！裁判官の独立と良心を守る訴訟,甲31号証｜全国地家裁所長の人事パターンの制度可に関する一考察ーその経歴的資源に着目してー（I）,"教養 ○健康 ○人物性格の特徴 ○綜合判定となっていた。 宮本康昭(1979) 『危機にたつ司法』汐文社,125-126頁。 近年の司法改革の結果、2001年4月に裁判官の人事評価に関する規則が施行 され、いまでは人事"
執筆者の業績（引用ではない）,,原子力情報の公開と司法国家——情報公開法改正の課題と展望,(日本評論 社、2014年),1,1,I0000052,警察庁が保有する秘密個人情報ファイル簿の情報公開訴訟,甲21：鑑定意見書（弁護士三宅弘）,個人情報保護法・公文書管理法・情 報関連7法』(共編、日本評論社、2013年) 『原子力情報の公開と司法国家——情報公開法改正の課題と展望」(日本評論 社、2014年) 『法科大学院 ― 実務教育と債権法改正・情報法制の研究』(花伝社、201 6年) 『監視社
執筆者の業績（引用ではない）,三辺夏雄ほか編,原田尚彦先生古稀記念法治国家と行政訴訟,有斐閣(2004 年),1,1,I0000111,日米同性カップル在留資格訴訟  〜家族そろって日本で暮らすために〜【アーカイブ】,甲１６３興津征雄教授意見書,分の取消義務に関する一事例――在留期間更新不 許可事案について」 三辺夏雄ほか編『原田尚彦先生古稀記念 法治国家と行政訴訟』有斐閣(2004 年)139頁以下、157~158頁。 申請権を否定する趣旨と見られる。在留期間の更新を求める申請権は
執筆者の業績（引用ではない）,,原発のコスト,岩波書店),1,1,I0000121,神戸石炭訴訟｜気候変動と大気汚染を防ぐため、石炭火力発電所新設は取り消しを！【アーカイブ】,甲C第１０２号証【意見書】コベルコパワー神戸第二・石炭火力発電所に関する意見書｜龍谷大学　大島堅一｜2020年8月10日,Reviewer - 等を歴任 受賞歴 - 2013年第12回大佛次郎論壇賞(『原発のコスト』岩波書店) - 2013年 環境経済・政策学会奨励賞(『再生可能エネルギーの政治経済学』東洋経済新 報社) 32
執筆者の業績（引用ではない）,,原発事故被害による原状回復訴訟の現状と傾向,日本土地環境学会誌 28号(2021年),1,1,I0000053,鬼怒川大水害訴訟,上告受理申立理由書　20251128,償訴訟 における立証のあり方」帝京法学32巻1号(2018年)369-394頁 「原発事故被害による原状回復訴訟の現状と傾向」日本土地環境学会誌 28号(2021年) 101-117頁 「環境集団訴訟の手続法的課題とその動態性——福島原発被害回復
執筆者の業績（引用ではない）,,参拝したら違憲一首相靖国参拝と闘った211人,(明石書店・ 2004年),1,1,I0000123,県知事の公務での護国神社参拝取りやめをー政教分離原則の違反を問うー,甲18（稲正樹意見書）,7日判時1859号125頁、判タ1157号12 社参拝違憲九州・山口訴訟団(編)『参拝したら違憲一首相靖国参拝と闘った211人』(明石書店・ 2004年)を参照。 27 頭においた規定であることに照らすと、一般人の意識において神道が他の宗教に比し
執筆者の業績（引用ではない）,豊崎七絵,取調べ受忍義務否定説の理論的基礎——身体・行動の自由との関係―,(2013年),1,1,I0000130,日本の「黙秘権」を問う訴訟 〜56時間にわたる侮辱的な取調べは違法〜 ,上告理由補充書（２）2025年9月1日,社法学74巻1号25頁及び55~58頁を抜粋提出 17 豊崎七絵「取調べ受忍義務否定説の理論的基礎——身体・行動の自由との関係―」(2013年)『改革期の刑事法理論福井厚先生古稀祝賀論文集』116~137頁 18 渡辺直行「刑事訴訟法
執筆者の業績（引用ではない）,,受益者負担制度の法的研究,(信山社・1995年),1,1,I0000152,保育料を経費に！訴訟,甲51：意見書（三木義一　青山学院大学名誉教授）,24 主な研究業績 『現代税法と人権』(勁草書房1992年*学位論文集) 『受益者負担制度の法的研究』(信山社・1995年) (*藤田賞及び日本不動産学会著作賞) 『争点相続税法』(勁草書房・共編著) 『世界の税金裁判』
執筆者の業績（引用ではない）,,台北帝国大学解剖学第二講座論文集,全6册(1939-43),1,1,I0000076,「琉球人のご先祖の遺骨返還を」訴訟【アーカイブ】,甲15,の業績とみなされていたことが分かる。 台北帝大に移籍したのちに金関もまた、戦前に『台北帝国大学解剖学第二講座論文集』 全6册(1939-43)、戦後に『国立台湾大学解剖研究室論文集』全11冊(1947-50)と、 金関研究室の集団的成果
執筆者の業績（引用ではない）,論文,台湾における婚姻平等化からの示唆,法学教室742号(2020年),1,1,I0000090,司法の独立を脅かす岡口裁判官の罷免訴追に反対します！【アーカイブ】,意見書（鈴木賢）,―札幌、台湾での成功」世界897号(2017年) 34~37頁 - 9 論文「台湾における婚姻平等化からの示唆」法学教室742号(2020年)142~147頁
執筆者の業績（引用ではない）,単著,台湾同性婚法の誕生――アジアLGBTQ+燈台への歴程,(日本評論社、2022年 3月刊行予定、A5版、約350頁,1,1,I0000090,司法の独立を脅かす岡口裁判官の罷免訴追に反対します！【アーカイブ】,意見書（鈴木賢）,省堂) - 5 共著『現代中国法入門』第8版(2019年、有斐閣) - 6 単著『台湾同性婚法の誕生――アジア LGBTQ+燈台への歴程』(日本評論社、2022年 3月刊行予定、A5版、約350頁) - 7 論文「地方都市にも性的マイノリティが生きる空間
執筆者の業績（引用ではない）,林菊枝原著・呉煜宗重訂,台湾親属法論,(新学林出版、2017年),1,1,I0000031,結婚の自由をすべての人に訴訟（同性婚訴訟）,鈴木賢先生 意見書　※台湾で施行された同性間の婚姻に関わる法律について,年以内に立法措置をとることを立法機関に義務づけた 14 林菊枝原著・呉煜宗重訂『台湾親属法論』(新学林出版、2017年)158頁。 12 のである。そしてさらに、それを徒過してもなお立法措置がとられない場合に備えて
執筆者の業績（引用ではない）,,司法が個人の痛みを認めないとき:憲法と取消訴訟の原告適格論,法学教室522号(2024),1,1,I0000132,「わたしの体は母体じゃない」訴訟,甲143：小川意見書,2号(2025) - 「法解釈の体系性」國學院法学62巻1号(2024) - 「司法が個人の痛みを認めないとき:憲法と取消訴訟の原告適格論」法学教室522号(2024) - 「公物管理権論を問いなおす(1)~(3・完)」自治研究100巻1号、4号、9号(202
執筆者の業績（引用ではない）,,司法官僚の経歴的資源~司法官僚に関する実体的研究の一事例として〜,"『明治大学社会科学研究所紀要』第46巻第2号,60-61頁",1,1,I0000136,地域による報酬格差は違憲！裁判官の独立と良心を守る訴訟,甲32号証｜全国地家裁所長の人事パターンの制度可に関する一考察ーその経歴的資源に着目してー（II）,"できる。このいずれのラインにも、実務裁判官は乗れないのである。拙稿(2008)・「司法官僚の経歴的資源~司法官僚に関する実体的研究の一事例として〜」『明治大学社会科学研究所紀要』第46巻第2号,60-61頁。 - (4) 拙稿(2008) と同様に、初出の裁判官には氏"
執筆者の業績（引用ではない）,,合理的配慮と憲法――日韓欧米各国における差別の緩和・解消の試み,(共編、ナカニシヤ出版、2025年),1,1,I0000132,「わたしの体は母体じゃない」訴訟,甲176：山本意見書,話の憲法理論――法の下の宗教的多様性』(単著、ナカニシヤ出版、2025年) - 『合理的配慮と憲法――日韓欧米各国における差別の緩和・解消の試み』(共編、ナカニシヤ出版、2025年) - 『プラットフォームと権力――How to tame the Monsters』
執筆者の業績（引用ではない）,,同性カップルの事実婚としての法的保護~2つの事例を素材として,法学新報 127 巻 3 ・4号(2021),1,1,I0000159,日本でもマリアージュしたいねん～海外で成立した同性婚の受理を求める裁判～,c241218二宮周平先生（民法）意見書（甲C1）,同性婚導入の可能性と必然性」立命館法学393・394号(2021)610頁 - 「同性カップルの事実婚としての法的保護~2つの事例を素材として」法学新報 127 巻 3 ・4号(2021)449頁 - 「LGBTQ の諸相と民法上の『配偶者』の再定義~解釈論と立法
執筆者の業績（引用ではない）,,名古屋,には名古屋高裁金沢支部総括も含む,1,1,I0000136,地域による報酬格差は違憲！裁判官の独立と良心を守る訴訟,甲30号証｜口頭裁判所部総括判事の人事をめぐる一考察,就任し、それぞれ異なる 高裁管内の地家裁所長を経由して就いたためである。 注3)「名古屋」には名古屋高裁金沢支部総括も含む。 長27 75 法学研究93巻1号(2020:1) 高裁部 総括総
執筆者の業績（引用ではない）,,哲学の一般的方法としての『最良の説明への推論,」科学哲学55巻1号(2022),1,1,I0000132,「わたしの体は母体じゃない」訴訟,甲143：小川意見書,問いなおす(1)~(3・完)」自治研究100巻1号、4号、9号(2024) - 「哲学の一般的方法としての『最良の説明への推論』」科学哲学55巻1号(2022) - 「ロナルド・ドゥオーキンの解釈方法論の分析とその擁護」国家学会雑誌132巻11号(
執筆者の業績（引用ではない）,早津裕貴,団交ルールへの固執と団交拒否の不当労働行為,判例時報2514号(判例評論759号),1,1,I0000116,「会計年度任用職員にも労働基本権を！」訴訟,書証（甲２６）_意見書 ※期日において甲２７と訂正,023年度日本労働法学会奨励賞受賞書籍(2023年10月28日)) - 早津裕貴「団交ルールへの固執と団交拒否の不当労働行為」判例時報2514号(判例評論759号) (2022年)165(23)-169(27)頁 - 早津裕貴「公務員法理論の再構
執筆者の業績（引用ではない）,,図解雑学ジェンダー,(ナツメ社、2005),1,1,I0000031,結婚の自由をすべての人に訴訟（同性婚訴訟）,加藤秀一先生・意見書,著『はじめてのジェンダー論』(有斐閣、2017) - 共著(石田仁・海老原暁子)『図解雑学 ジェンダー』(ナツメ社、2005) - 編著『自由への問い8 生――生存・生き方・生命』(岩波書店、2010) - 共編著(柘植あづ
執筆者の業績（引用ではない）,前田哲男・飯島滋明編,国会審議から防衛論を読み解く,(三 省堂、2003年),1,1,I0000141,要件を満たす島民の請求を市長が拒否！石垣島住民投票の権利を問う裁判【アーカイブ】,甲第41号証、意見書-自治体と民主制に関する憲法の規範構造-名古屋学院大・飯島滋明｜2024年（上告条件上告受理申立書提出の後）,地方自治」に関わる飯島滋明研究業績・活動一覧 【著書】 - 前田哲男・飯島滋明編『国会審議から防衛論を読み解く』(三 省堂、2003年)にて「コラム」と国会審議の資料収集・選別 を担当。 - 麻生太郎ほか著『初学者のための憲法学』(
執筆者の業績（引用ではない）,幸・河崎健一郎編著,国家と情報,現代書館35頁,1,1,I0000104,公安警察による市民運動の監視を許さない。市民の「もの言う」自由を守るための訴訟【アーカイブ】,控訴第３準備書面第３準備書面～警備公安警察による法的根拠のない個人情報の収集は、違憲・違法である～,木理「流出資料からみる公安警察の馬鹿げた実態」青木理・梓澤和 幸・河崎健一郎編著『国家と情報』現代書館35頁)。要注意人物の動向確認 欄などでは、連日のごとく朝から晩までの行動が綿密に記録されている記載 がある(青
執筆者の業績（引用ではない）,,国立台湾大学解剖研究室論文集,全11冊(1947-50),1,1,I0000076,「琉球人のご先祖の遺骨返還を」訴訟【アーカイブ】,甲15,た、戦前に『台北帝国大学解剖学第二講座論文集』 全6册(1939-43)、戦後に『国立台湾大学解剖研究室論文集』全11冊(1947-50)と、 金関研究室の集団的成果を集成した(後者もほとんどが日本語で書かれている)。 このように、
執筆者の業績（引用ではない）,江川英文・山田遼一・早田芳郎,国籍法〔第3版〕,(有斐閣、1997年),1,1,I0000135,難民帰化訴訟〜真に社会の一員へ〜,甲36・意見書,権保障を具体化ないし強化する体系的な憲法解釈 5 江川英文・山田遼一・早田芳郎『国籍法〔第3版〕』(有斐閣、1997年)16頁。 6 奥田安弘編訳『国際私法・国籍法・家族法資料集一外国の立法と条約一』(中央大学出版 部
執筆者の業績（引用ではない）,,国際人権入門——現場から考える,岩波書店、2020年 『人権条約の現代的展開』信山社、2009年 『人権条約上の国家の義,1,1,I0000096,「日本の入管収容は国際人権法違反」訴訟,甲A57　意見書（申惠丰青山学院大学教授）※日本の入管収容と国際人権法,権法——国際基準のダイナミズムと国内法との協調〔第2 版〕』信山社、2016年 『国際人権入門——現場から考える』岩波書店、2020年 『人権条約の現代的展開』信山社、2009年 『人権条約上の国家の義務』日本評論社、1999年 (1
執筆者の業績（引用ではない）,,国際人権入門―現場から考える,岩波書店、2020年 『プラクティス国際法講義〔第4版〕』(共著),1,1,I0000085,「人種差別を許さない」訴訟　～警察官による母子の不当聴取と個人情報の漏洩～,甲２４　意見書（青山学院大学教授申惠丰） ,人権法—国際基準のダイナミズムと国内法との協調〔第2版〕』 信山社、2016年 『国際人権入門―現場から考える』岩波書店、2020年 『プラクティス国際法講義〔第4版〕』(共著)信山社、2022年 『人権条約の現代的展開』信山社、2
執筆者の業績（引用ではない）,申惠丰,国際人権法:国際基準のダイナミズムと国内法との協調(第2版),(信山社・ 2016年),1,1,I0000031,結婚の自由をすべての人に訴訟（同性婚訴訟）,谷口洋幸先生意見書（自由権規約委員会勧告）,法裁量の限界を的確に捉 えた賢明な判断が期待される。 (以上) ⁴⁹ 申惠丰『国際人権法:国際基準のダイナミズムと国内法との協調(第2版)』(信山社・ 2016年)579頁 ⁵⁰ 森田章夫「自由権規約国家報告制度の国際法上の意義:国際コントロールとしての法的
執筆者の業績（引用ではない）,主要業績,国際人権法——国際基準のダイナミズムと国内法との協調〔第2版〕,信山社、2016年 『国際人権入門——現場から考える』岩波書店、2020年 『人権条約の,1,1,I0000096,「日本の入管収容は国際人権法違反」訴訟,甲A57　意見書（申惠丰青山学院大学教授）※日本の入管収容と国際人権法,二大学人権人道法研究センター客員研究員(2017年) 主要業績 『国際人権法——国際基準のダイナミズムと国内法との協調〔第2 版〕』信山社、2016年 『国際人権入門——現場から考える』岩波書店、2020年 『人権条約の現代的展開』信山社、2009年
執筆者の業績（引用ではない）,主要業績,国際人権法—国際基準のダイナミズムと国内法との協調〔第2版〕,信山社、2016年 『国際人権入門―現場から考える』岩波書店、2020年 『プラクティス国際法講義〔第4版〕』(共著),1,1,I0000085,「人種差別を許さない」訴訟　～警察官による母子の不当聴取と個人情報の漏洩～,甲２４　意見書（青山学院大学教授申惠丰） ,二大学人権人道法研究センター客員研究員(2017年) 主要業績 『国際人権法—国際基準のダイナミズムと国内法との協調〔第2版〕』 信山社、2016年 『国際人権入門―現場から考える』岩波書店、2020年 『プラクティス国際法講義〔第4版〕』(共著)
執筆者の業績（引用ではない）,奥田安弘編訳,国際私法・国籍法・家族法資料集一外国の立法と条約一,(中央大学出版 部、2006年),1,1,I0000135,難民帰化訴訟〜真に社会の一員へ〜,甲36・意見書,一・早田芳郎『国籍法〔第3版〕』(有斐閣、1997年)16頁。 6 奥田安弘編訳『国際私法・国籍法・家族法資料集一外国の立法と条約一』(中央大学出版 部、2006年) 97頁 〔奥田・館田〕。 3 、多くの国(ドイツ、イギリス、アイルランド、スイス、
執筆者の業績（引用ではない）,厚生省豫防局,國民優生法釋義,昭和15(1940),1,1,I0000132,「わたしの体は母体じゃない」訴訟,甲146：旧優生保護法の歴史と問題,"昌子『優生保護法解説』研進社,1948, p.28. - (44) 厚生省豫防局『國民優生法釋義』昭和15(1940), p.20. - (45) 同上,pp.22-23. - (46) 委員の中には第1回国会に提出さ"
執筆者の業績（引用ではない）,,土地区画整理の研究,(自治体研究社、1978年),1,1,I0000120,神宮外苑を守ろう訴訟｜100年の歴史と3000本超の樹木を未来へ,【訴訟１・東京都訴訟】岩見良太郎氏意見書,011年 埼玉大学定年退職、埼玉大学名誉教授。 # 主要著書 【単著】 - 『土地区画整理の研究』(自治体研究社、1978年) - 『土地資本論地価と都市開発の理論』(自治体研究社、1989年) - 『「場所」と「場」
執筆者の業績（引用ではない）,,土地資本論地価と都市開発の理論,(自治体研究社、1989年),1,1,I0000120,神宮外苑を守ろう訴訟｜100年の歴史と3000本超の樹木を未来へ,【訴訟１・東京都訴訟】岩見良太郎氏意見書,要著書 【単著】 - 『土地区画整理の研究』(自治体研究社、1978年) - 『土地資本論地価と都市開発の理論』(自治体研究社、1989年) - 『「場所」と「場」のまちづくりを歩く』(麗澤大学出版会、2004年) - 『場のまちづ
執筆者の業績（引用ではない）,,地方自治における外国人の参政権:外国法との対比で,国際人権3号 1995年:「定住外国人の地方選挙権」国際人権6号70頁,1,1,I0000151,「18歳未満にも選挙で応援する自由を」訴訟,甲４２：門田孝教授の意見書,学部紀要・ 文芸と思想 56号 「地方自治における外国人の参政権:外国法との対比で」国際人権3号 1995年:「定住外国人の地方選挙権」国際人権6号70頁
執筆者の業績（引用ではない）,論文,地方都市にも性的マイノリティが生きる空間をつくる,栗原彬編『ひとびとの精 神史 震災前後2000年以降』第9巻(岩波書店、2016年),1,1,I0000090,司法の独立を脅かす岡口裁判官の罷免訴追に反対します！【アーカイブ】,意見書（鈴木賢）,』(日本評論社、2022年 3月刊行予定、A5版、約350頁) - 7 論文「地方都市にも性的マイノリティが生きる空間をつくる」栗原彬編『ひとびとの精 神史 震災前後2000年以降』第9巻(岩波書店、2016年)333~345頁 - 8 論文「
執筆者の業績（引用ではない）,,基本憲法,(悠々社・2009年),1,1,I0000123,県知事の公務での護国神社参拝取りやめをー政教分離原則の違反を問うー,甲18（稲正樹意見書）,も援助、助長しては 54 佐々木弘通「信教の自由・政教分離」辻村みよ子(編著)『基本憲法』(悠々社・2009年)108- 123頁、117-119頁。 55 野坂泰司「愛媛玉串料訴訟大法廷判決の意義と問題点」ジ
執筆者の業績（引用ではない）,田淵浩二,基礎刑事訴訟法,(日本評論社、2022年),1,1,I0000130,日本の「黙秘権」を問う訴訟 〜56時間にわたる侮辱的な取調べは違法〜 ,甲４号証（安部祥太氏意見書）,論 の探求』(日本評論社、2015年)188頁。 7 同様の指摘として、田淵浩二『基礎刑事訴訟法』(日本評論社、2022年) 43頁。 8 詳細は、安部祥太『被疑者取調べの憲法的規制』(日本評論社、2019年) 94~
執筆者の業績（引用ではない）,研究誌,変態性慾,を創刊」した事実、その他複数の書籍が出版された事実を指摘し、「同性愛 をはじめとする性欲,1,1,I0000031,結婚の自由をすべての人に訴訟（同性婚訴訟）,【東京二次・第9回】原告ら第26準備書面,続け、大きな影響力をも」った事実、「一九二二年(大正一一)には田中香涯が 研究誌『変態性慾』を創刊」した事実、その他複数の書籍が出版された事実を指摘し、「同性愛 をはじめとする性欲の異常を「変態性慾」と規定し、善
執筆者の業績（引用ではない）,,外国人の公務就任権をめぐる憲法問題(1),六甲台論集34巻2号 未成年者選挙運動禁止規定の合憲性について(門田),1,1,I0000151,「18歳未満にも選挙で応援する自由を」訴訟,甲４２：門田孝教授の意見書,"権裁判の展開』(小山剛ほか編,信山社) *「適正手続」担当 論文 1987年:「外国人の公務就任権をめぐる憲法問題(1)」六甲台論集34巻2号 未成年者選挙運動禁止規定の合憲性について(門田) -26-"
執筆者の業績（引用ではない）,,外国人の公務就任権をめぐる憲法問題(2・完),六甲台論集34巻4号 1992年:「基本的人権の『前国家性』に関する一試論」福岡女子大学,1,1,I0000151,「18歳未満にも選挙で応援する自由を」訴訟,甲４２：門田孝教授の意見書,(門田) -26- 1988年:「外国人の公務就任権をめぐる憲法問題(2・完)」六甲台論集34巻4号 1992年:「基本的人権の『前国家性』に関する一試論」福岡女子大学文学部紀
執筆者の業績（引用ではない）,,外国人の基本権保障のあり方,同483号(令和2年),1,1,I0000111,日米同性カップル在留資格訴訟  〜家族そろって日本で暮らすために〜【アーカイブ】,甲１６５曽我部真裕教授意見書,として、曽我部真裕「『人権法』という発想」法学教室4 82号(令和2年)72頁、「外国人の基本権保障のあり方」同483号(令和2年) 71頁、「マクリーン事件判決及びそれに関する最近の議論について」 国際人権33号 (令和3年)1
執筆者の業績（引用ではない）,,外国人の法的地位と人権擁護,"(近藤敦編著,明石書店)",1,1,I0000151,「18歳未満にも選挙で応援する自由を」訴訟,甲４２：門田孝教授の意見書,":第3版,2006年:第4版, 「ドイツにおける外国人の人権」担当 2002年:『外国人の法的地位と人権擁護』(近藤敦編著,明石書店) *「在留権」担当 2005年:『法科大学院ケースブック憲法』(浦部法穂=戸波江二編著,日本評論"
執筆者の業績（引用ではない）,単著,多様化する家族と法I~個人の尊重から考える,(朝陽会、 2019),1,1,I0000031,結婚の自由をすべての人に訴訟（同性婚訴訟）,二宮周平先生 意見書　※民法学者による本件についての意見,(信山社、2006) - 単著『家族法〔第5版〕』(新世社、2019) - 単著『多様化する家族と法 I~個人の尊重から考える』(朝陽会、 2019) - 編著『新注釈民法(17)親族(1)』(有斐閣、2017) - 編著『性のあり方の多様性~一人
執筆者の業績（引用ではない）,単著,多様化する家族と法I、II,(朝陽会、2019、2020),1,1,I0000031,結婚の自由をすべての人に訴訟（同性婚訴訟）,二宮周平先生 追加意見書,(信山社、2006) - 単著『家族法〔第5版〕』(新世社、2019) - 単著『多様化する家族と法 I、II』(朝陽会、2019、2020) - 編著『新注釈民法(17)親族(1)』(有斐閣、2017) - 編著『性のあり方の多様
執筆者の業績（引用ではない）,小泉洋一,大法廷判決における政教分離原則違反の判断方法,ジュリスト1114号 (1997年),1,1,I0000123,県知事の公務での護国神社参拝取りやめをー政教分離原則の違反を問うー,甲18（稲正樹意見書）,ュリスト1114号(1997年)29-37頁、 36頁。 56 以下は、小泉洋一「大法廷判決における政教分離原則違反の判断方法」ジュリスト1114号 (1997年)38-43頁での整理。 25 ならないが、中でも併存する宗教団体のうちから特定の宗
執筆者の業績（引用ではない）,,大震災と地方自治,(自治体研究社、1996年),1,1,I0000120,神宮外苑を守ろう訴訟｜100年の歴史と3000本超の樹木を未来へ,【訴訟１・東京都訴訟】岩見良太郎氏意見書,震災復興への警鐘』(解説、岩波書店、1995年) - 「震災復興区画整理と住民」『大震災と地方自治』(自治体研究社、1996年) - 「土地区画整理とまちづくり――自由な換地をめぐって」『日本の都市法I 構造と展 開』(
執筆者の業績（引用ではない）,,大震災復興への警鐘,(解説、岩波書店、1995年),1,1,I0000120,神宮外苑を守ろう訴訟｜100年の歴史と3000本超の樹木を未来へ,【訴訟１・東京都訴訟】岩見良太郎氏意見書,現代居住 第3巻』(東京大学出版会、1995年) - 「震災復興と土地区画整理」『大震災復興への警鐘』(解説、岩波書店、1995年) - 「震災復興区画整理と住民」『大震災と地方自治』(自治体研究社、1996年) - 「土
執筆者の業績（引用ではない）,,天才と遺傳,"早稲田大学出版部,1916(鈴木善次編『日本の優生学資 料選集―その思想と運動の軌跡——",1,1,I0000132,「わたしの体は母体じゃない」訴訟,甲47：国民優生法の制定過程,"セス日は、令和5年5月1日である。 1サー、フランシス、ゴルトン(原口鶴子訳) 『天才と遺傳』早稲田大学出版部,1916(鈴木善次編『日本の優生学資 料選集―その思想と運動の軌跡——第2巻優生学の祖ゴルトンの著作』"
執筆者の業績（引用ではない）,,天皇の祭祀,"『国家神道』(以上,岩波新書)",1,1,I0000123,県知事の公務での護国神社参拝取りやめをー政教分離原則の違反を問うー,甲20-28,"教史学科卒業 専攻一宗教学 著書一『近代民衆宗教史の研究』 『近代日本の宗教』 『天皇の祭祀』『国家神道』(以上,岩波新書) 『ほんみち不敬事件』 『教祖』 『世界の宗教』『日本の宗教』(以上、岩波ジ ュニア新書)"
執筆者の業績（引用ではない）,共著,夫婦別姓への招待,(有斐閣、1995),1,1,I0000131,夫婦別姓も選べる社会へ！訴訟,甲A004_二宮先生意見書（平成23年12月5日）,評論社、1990) - 『家族法改正を考える』(日本評論社、1993) - 共著『夫婦別姓への招待』(有斐閣、1995) - 共著『離婚判例ガイド[第2版]』(有斐閣、2005) - 『新版 戸籍と人権』(解放出版社、2
執筆者の業績（引用ではない）,主要業績,奇妙なナショナリズムの時代――排外主義に抗して,(岩波 書店、2015年、共著),1,1,I0000085,「人種差別を許さない」訴訟　～警察官による母子の不当聴取と個人情報の漏洩～,甲３１　意見書（大阪公立大学大学院准教授明戸隆浩）,年) 立教大学社会学部助教(2021年~2022年) 主要業績 『奇妙なナショナリズムの時代――排外主義に抗して』(岩波 書店、2015年、共著) 『Q&A ヘイトスピーチ解消法』(現代人文社、2016年、共著) 『排外主義の国際比較
執筆者の業績（引用ではない）,,女の人権宣言――フランス革命とオランプ・ドゥ・グージュの生涯,岩波書店 〔オリヴィエ・ ブラン著/辻村訳・解説〕、1995年 ☆ 『女性と人権,1,1,I0000131,夫婦別姓も選べる社会へ！訴訟,甲A014_辻村先生意見書（令和2年3月26日）,『人権の普遍性と歴史性―――フランス人権宣言と現代憲法』創文社、1992年 ☆ 『女の人権宣言――フランス革命とオランプ・ドゥ・グージュの生涯』岩波書店 〔オリヴィエ・ ブラン著/辻村訳・解説〕、1995年 ☆ 『女性と人権―――歴史と理論から学ぶ』日本評論社、1
執筆者の業績（引用ではない）,,女人、老人、子ども(日本の中世4),中央公論新社,1,1,I0000031,結婚の自由をすべての人に訴訟（同性婚訴訟）,加藤秀一先生・意見書,『橘女子大学研究紀 要』(10)41-67. - 田端泰子・細川涼一 2002 『女人、老人、子ども(日本の中世4)』中央公論新社 - 高橋秀樹 1996 『日本中世の家と親族』吉川弘文館 - 西谷正浩 2021 『中世は核家族だったのか
執筆者の業績（引用ではない）,,女性と人権―――歴史と理論から学ぶ,日本評論社、1997年 ☆『憲法』日本評論社、2000年(第2版2004年、第3版200,1,1,I0000131,夫婦別姓も選べる社会へ！訴訟,甲A014_辻村先生意見書（令和2年3月26日）,ジュの生涯』岩波書店 〔オリヴィエ・ ブラン著/辻村訳・解説〕、1995年 ☆ 『女性と人権―――歴史と理論から学ぶ』日本評論社、1997年 ☆『憲法』日本評論社、2000年(第2版2004年、第3版2008年、第4版2012年、第5版2
執筆者の業績（引用ではない）,,女性差別撤廃条約と民法改正(1)~(2),戸籍時報628号2頁,1,1,I0000131,夫婦別姓も選べる社会へ！訴訟,甲A004_二宮先生意見書（平成23年12月5日）,昌司編『新家族法実務大系④遺 言・遺留分』(新日本法規、2008)279頁 - 「女性差別撤廃条約と民法改正(1)~(2)」戸籍時報628号2頁、630号28頁 (2008) - 「近代家族の確立とその揺らぎ〜戦後家族法学の意義と展開」比較家族
執筆者の業績（引用ではない）,藤野美都子,女性差別撤廃条約と社会保障法,国際女性19号(2005),1,1,I0000129,「共働き妻を亡くした夫にも遺族年金を」訴訟,甲11　東京大学　笠木映里先生　意見書（社会保障法）,たことをふまえ、改めて検討される必要があると考 える。 39 参照、藤野美都子「女性差別撤廃条約と社会保障法」国際女性19号(2005)93頁以下。 40 参照、松本和彦「判批」法教442号(2017)125頁。 41 見直しに向
執筆者の業績（引用ではない）,,婚外子の相続分差別は許されるのか(1)~(4),戸籍時報 614号32頁,1,1,I0000131,夫婦別姓も選べる社会へ！訴訟,甲A004_二宮先生意見書（平成23年12月5日）,006)301頁 - 「夫婦別姓」ジュリスト1336号(2007) 10頁 - 「婚外子の相続分差別は許されるのか(1)~(4)」 戸籍時報 614号32頁、616 号2頁、618号10頁、621号12頁(2007) - 「親子関係否定の法理の解釈論
執筆者の業績（引用ではない）,西山千絵,婚姻・家族・「女性/男性,一不平等の現在」論究ジュリ スト36号 (2021),1,1,I0000129,「共働き妻を亡くした夫にも遺族年金を」訴訟,甲11　東京大学　笠木映里先生　意見書（社会保障法）,が生じる事態」の一例として、遺族年金における男 女差を挙げる論稿として、西山千絵「婚姻・家族・「女性/男性」一不平等の現在」論究ジュリ スト36号 (2021) 52頁。但し、こうした男女のステレオタイプが実際に男女に及ぼす影響
執筆者の業績（引用ではない）,論文,婚姻平等を考える,戸籍時報839号(2023),1,1,I0000031,結婚の自由をすべての人に訴訟（同性婚訴訟）,二宮周平先生意見書（2024年1月30日）,婚導入の可能性と必然性」立命館法学393・394号(2021)610頁 - 論文「婚姻平等を考える」戸籍時報839号(2023)35頁 - 論文「同性婚訴訟5つの地裁判決の意義と課題~婚姻の自由の保障へ向けて」 戸籍時報
執筆者の業績（引用ではない）,,婚姻平等を考える~同性婚の法制化,戸籍時報839号(2023),1,1,I0000159,日本でもマリアージュしたいねん～海外で成立した同性婚の受理を求める裁判～,c241218二宮周平先生（民法）意見書（甲C1）,義~解釈論と立法論」社会保障法37号(2021) - 13 - 89頁 - 「婚姻平等を考える~同性婚の法制化」戸籍時報839号(2023)35頁 - 「同性婚訴訟5つの地裁判決の意義と課題~婚姻の自由の保障へ向けて」 戸籍時報 8
執筆者の業績（引用ではない）,,子どもの家事事件手続への参加の保障~子の意思の尊重,家族(社会と法),1,1,I0000131,夫婦別姓も選べる社会へ！訴訟,甲A004_二宮先生意見書（平成23年12月5日）,俊雄・星野英一編『民法典の 百年I全般的観察』(有斐閣、1998)341頁 - 「子どもの家事事件手続への参加の保障~子の意思の尊重」家族(社会と法) 16 号(2000)140頁 - 「家族の個人主義化と法理論」法律時報74巻9号(2002)27頁 -
執筆者の業績（引用ではない）,鈴木博人=横田光平編,子ども虐待の克服をめざして―――吉田恒雄先生古稀記念論文集,(尚学社、2022年),1,1,I0000070,「人間を育てる教員に、人間らしい働き方を」訴訟【アーカイブ】,堀口悟郎先生意見書,5-94頁 - 堀口悟郎「朝鮮高校の無償化と『不当な支配』」鈴木博人=横田光平編『子ども虐待の克服をめざして―――吉田恒雄先生古稀記念論文集』(尚学社、2022年)100-122頁 - 堀口悟郎「国境を越える地方公共団体」横大道聡=新井誠=菅原真=堀口悟郎編『グ
執筆者の業績（引用ではない）,,子の出自を知る権利(1)~(3),戸籍時報 632号2頁,1,1,I0000131,夫婦別姓も選べる社会へ！訴訟,甲A004_二宮先生意見書（平成23年12月5日）,らぎ〜戦後家族法学の意義と展開」比較家族史研究 232号(2009)32頁 - 「子の出自を知る権利 (1)~(3)」戸籍時報 632号2頁、641号2頁、643号2 頁(2008、2009) - 「新しい家族が求める自由~家族法の視点か
執筆者の業績（引用ではない）,,子の監護者指定(民法766条)の積極的活用,立命館法学287号(2003),1,1,I0000131,夫婦別姓も選べる社会へ！訴訟,甲A004_二宮先生意見書（平成23年12月5日）,~(3)」戸籍時報555号2頁、559号2 頁、561号23頁(2003) - 「子の監護者指定(民法766条)の積極的活用」立命館法学287号(2003) 192 頁 - 28 - - 「共同相続と遺留分および減殺後の法律関係」久貴忠彦編『
執筆者の業績（引用ではない）,書籍,学問と政治学術会議任命拒否問題とは何か,(岩波新書),1,1,I0000146,「学術会議の独立性」を市民で守ろう ～会員任命拒否理由の情報公開訴訟～,証拠説明書（甲B49～57）,こと等。 甲B57 書籍『学問と政治学術会議任命拒否問題とは何か』(岩波新書) 原本 2022 (令和4) 年4月20日 (初版時) 第2
執筆者の業績（引用ではない）,羽田貴史=松田浩=宮田由紀夫編,学問の自由の国際比較――歴史・制度・課題,(岩波書店、2022年),1,1,I0000070,「人間を育てる教員に、人間らしい働き方を」訴訟【アーカイブ】,堀口悟郎先生意見書,75頁 - 堀口悟郎「フランスにおける大学の自由」羽田貴史=松田浩=宮田由紀夫編『学問の自由の国際比較――歴史・制度・課題』(岩波書店、2022年)65-94頁 - 堀口悟郎「朝鮮高校の無償化と『不当な支配』」鈴木博人=横田光平編『子ども虐待の
執筆者の業績（引用ではない）,堀口悟郎,学問の自由論の金字塔――卓越した理論家・高柳信一が遺したもの,季刊教育法212号(2022年),1,1,I0000070,「人間を育てる教員に、人間らしい働き方を」訴訟【アーカイブ】,堀口悟郎先生意見書,という視点から」日本教育法学会年報51号(2022年)60-69頁 - 堀口悟郎「学問の自由論の金字塔――卓越した理論家・高柳信一が遺したもの」季刊教育法212号(2022年)84-88頁 - 堀口悟郎「就学義務の功罪―――石塚報告へのコメント」法律時報93巻9号
執筆者の業績（引用ではない）,岡田正則,学術会議会員任命拒否問題の歴史的な意味,芦名定道ほか『学問と 政治——学術会議任命拒否問題とは何か』(岩波書店、2022年),1,1,I0000146,「学術会議の独立性」を市民で守ろう ～会員任命拒否理由の情報公開訴訟～,甲B53 陳述書（岡田正則）,き上も違法であることは明白でした(これらの違法に関する詳細については、 岡田正則「学術会議会員任命拒否問題の歴史的な意味」芦名定道ほか『学問と 政治——学術会議任命拒否問題とは何か』(岩波書店、2022年)5~9頁)。 菅総理大臣は、日本学術
執筆者の業績（引用ではない）,,定住外国人の地方選挙権,国際人権6号70頁,1,1,I0000151,「18歳未満にも選挙で応援する自由を」訴訟,甲４２：門田孝教授の意見書,人の参政権:外国法との対比で」国際人権3号 1995年:「定住外国人の地方選挙権」国際人権6号70頁 1998年:「憲法における『国籍』の意義」憲法問題9号
執筆者の業績（引用ではない）,加藤良夫編著,実務医事法講義,52頁,1,1,I0000132,「わたしの体は母体じゃない」訴訟,準備書面⑶_20241015,(十分知らされたうえでの承諾)の権利」を表現しているとされて いる(加藤良夫編著『実務医事法講義』52頁)。 また、臓器移植に関して、違法性阻却事項など医療従事者としての 規律を定めた臓器移植法では、臓器提供にかかる生
執筆者の業績（引用ではない）,,実務家のための税務相談・民法編(第1版),(共著・有斐閣・2003年),1,1,I0000152,保育料を経費に！訴訟,甲51：意見書（三木義一　青山学院大学名誉教授）,し、現在まで20版、継続中) 『日本の税金(第1版)』(岩波新書・2003年) 『実務家のための税務相談・民法編(第1版)』(共著・有斐閣・2003年) 『日韓国際相続と税-理論・実務・Q&A』(共著・日本加除出版・2005年) 『相続・贈与と
執筆者の業績（引用ではない）,,家族の個人主義化と法理論,法律時報74巻9号(2002),1,1,I0000131,夫婦別姓も選べる社会へ！訴訟,甲A004_二宮先生意見書（平成23年12月5日）,参加の保障~子の意思の尊重」家族(社会と法) 16 号(2000)140頁 - 「家族の個人主義化と法理論」法律時報74巻9号(2002)27頁 - 「戸籍の性別記載の訂正は可能か (1)~(3)」戸籍時報555号2頁、559号
執筆者の業績（引用ではない）,共編著,家族の変容と法制度の再構築〜ジェンダー/セクシュアリティ/子どもの視点から,(法律文化社、2022),1,1,I0000159,日本でもマリアージュしたいねん～海外で成立した同性婚の受理を求める裁判～,c241218二宮周平先生（民法）意見書（甲C1）,表『現代家族法講座第1巻~第5巻』(日本評論社、2020~2021) - 共編著『家族の変容と法制度の再構築〜ジェンダー/セクシュアリティ/子どもの視点から』 (法律文化社、2022) - 編著『LGBTQ の家族形成支援~生殖補助医療・養子&里親による〔第2版〕』(信山社、
執筆者の業績（引用ではない）,関連して笠木映里,家族形成と法,日本労働研究雜 誌638号(2013),1,1,I0000129,「共働き妻を亡くした夫にも遺族年金を」訴訟,甲11　東京大学　笠木映里先生　意見書（社会保障法）,について慎重な考慮が 必要と考える。笠木・前掲注(31) 論文、関連して笠木映里「家族形成と法」 日本労働研究雜 誌638号(2013) 53頁も参照。 37 常森裕介「判批」賃社1612号(2014)53頁。 要
執筆者の業績（引用ではない）,単著,家族法〔第6版〕,(新世社、2024),1,1,I0000159,日本でもマリアージュしたいねん～海外で成立した同性婚の受理を求める裁判～,c241218二宮周平先生（民法）意見書（甲C1）,ど。 ○主著 - 単著『事実婚の現代的課題』(日本評論社、1990) - 単著『家族法〔第6版〕』(新世社、2024) - 編著『性のあり方の多様性~一人ひとりのセクシュアリティが大切にされる社会を目指し て』(日本評
執筆者の業績（引用ではない）,論文,家族法〜同性婚への道のりと課題,三成美保編『同性愛をめ ぐる歴史と法~尊厳としてのセクシュアリティ』(明石書店、201 5),1,1,I0000031,結婚の自由をすべての人に訴訟（同性婚訴訟）,二宮周平先生 意見書　※民法学者による本件についての意見,人の婚姻と嫡出推定」立命館法学 345 ・346号(2013)576頁 - 論文「家族法〜同性婚への道のりと課題」三成美保編『同性愛をめ ぐる歴史と法~尊厳としてのセクシュアリティ』(明石書店、201 5)122頁 - 論文「パートナ
執筆者の業績（引用ではない）,中川淳教授傘寿記念論集,家族法の理論と事務,(日本加除出版、2011),1,1,I0000131,夫婦別姓も選べる社会へ！訴訟,甲A004_二宮先生意見書（平成23年12月5日）,究307号(2011)5頁 - 「認知症高齢者の遺言能力」中川淳教授傘寿記念論集『家族法の理論と事務』 (日本加除出版、2011)767頁 - 「事実婚の多様性と法的保護の根拠」家族(社会と法) 27号(2011)20頁
執筆者の業績（引用ではない）,,家族法改正を考える,(日本評論社、1993),1,1,I0000131,夫婦別姓も選べる社会へ！訴訟,甲A004_二宮先生意見書（平成23年12月5日）,会監 事 (主要著書) - 『事実婚の現代的課題』(日本評論社、1990) - 『家族法改正を考える』(日本評論社、1993) - 共著『夫婦別姓への招待』(有斐閣、1995) - 共著『離婚判例ガイド[第2版]』(有斐閣
執筆者の業績（引用ではない）,論文,家族法理論と立法のあり方,二宮周平・棚村政行編『現代家 族法講座 第1巻 個人、国家と家族』(日本評論社、2020),1,1,I0000031,結婚の自由をすべての人に訴訟（同性婚訴訟）,二宮周平先生 意見書　※民法学者による本件についての意見,集『「尊厳ある社会」に向 けた法の貢献』(旬報者、2019)471 頁 - 論文「家族法理論と立法のあり方」二宮周平・棚村政行編『現代家 族法講座 第1巻 個人、国家と家族』(日本評論社、2020)1頁
執筆者の業績（引用ではない）,大方潤一郎,容積率規制の理念と展開の方向性,『都市住宅学』17(1997),1,1,I0000120,神宮外苑を守ろう訴訟｜100年の歴史と3000本超の樹木を未来へ,【訴訟１・東京都訴訟】大方潤一郎氏_意見書,"その課題」『都市計画』 177(1992), pp.32-37. - 大方潤一郎「容積率規制の理念と展開の方向性」『都市住宅学』17(1997),pp.14-22. 11"
執筆者の業績（引用ではない）,堀口悟郎,就学義務の功罪―――石塚報告へのコメント,法律時報93巻9号(2021年),1,1,I0000070,「人間を育てる教員に、人間らしい働き方を」訴訟【アーカイブ】,堀口悟郎先生意見書,高柳信一が遺したもの」季刊教育法212号(2022年)84-88頁 - 堀口悟郎「就学義務の功罪―――石塚報告へのコメント」法律時報93巻9号(2021年)114-117頁 - 堀口悟郎「間接的制約論の現状と課題」憲法研究7号(2020年)14
執筆者の業績（引用ではない）,,工学院大学研究論叢41巻2号,(2004年),1,1,I0000141,要件を満たす島民の請求を市長が拒否！石垣島住民投票の権利を問う裁判【アーカイブ】,甲第41号証、意見書-自治体と民主制に関する憲法の規範構造-名古屋学院大・飯島滋明｜2024年（上告条件上告受理申立書提出の後）,平和賞を」「あとが き」の執筆を担当。 【論文】 - 「有事法制と憲法上の権利」『工学院大学研究論叢41巻2号』 (2004年) - 「有事関連7法と憲法」『工学院大学研究論叢42巻1号』(2 004年) - 「なぜ「地方自治」が重
執筆者の業績（引用ではない）,永井潜,巻頭言,"『民族衛生』1巻1号,1931.3.23, p.1. 第1編-3 第1編 旧優生保護法の",1,1,I0000132,「わたしの体は母体じゃない」訴訟,甲47：国民優生法の制定過程,"料集成 第17巻』不二出版, 2000, pp.246-247.) 24 永井潜「巻頭言」『民族衛生』1巻1号,1931.3.23, p.1. 第1編-3 第1編 旧優生保護法の立法過程 ン・ヒギエーネ("
執筆者の業績（引用ではない）,,市場所得と応能負担原則,"(成文堂,2018年)",1,1,I0000152,保育料を経費に！訴訟,甲50：意見書（藤間大順　神奈川大学准教授）,"との比較法的な観点から検討す る議論として、奥谷健「必要経費控除の意義と範囲」同『市場所得と応能負担原則』 (成文堂,2018年)127 頁[初出:2016年]参照。 23 谷口勢津夫『税法基本講義[第8版]』(弘文堂,202"
執筆者の業績（引用ではない）,,市民主権の可能性――21世紀の憲法・デモクラシー・ジェンダー,有信堂、2002年 ☆『比較憲法』岩波書店、2003年(新版2013年、第3版2018年),1,1,I0000131,夫婦別姓も選べる社会へ！訴訟,甲A014_辻村先生意見書（令和2年3月26日）,第3版2008年、第4版2012年、第5版2016 年、第6版2018年) ☆ 『市民主権の可能性――21世紀の憲法・デモクラシー・ジェンダー』有信堂、2002年 ☆『比較憲法』岩波書店、2003年(新版2013年、第3版2018年) ☆ 『ジェンダーと法』不磨書
執筆者の業績（引用ではない）,,帝国の島―――琉球・尖閣に対する植民地主義と闘う,(明石 書店、2020年),1,1,I0000076,「琉球人のご先祖の遺骨返還を」訴訟【アーカイブ】,甲31,話する琉球学――歴史・社会・文化を体験しよう』(編著、明石 書店、2021年)、『帝国の島―――琉球・尖閣に対する植民地主義と闘う』(明石 書店、2020年)、『談論風発琉球独立を考ええる――歴史・教育・法・アイデン ティティー』(前川喜平氏と共編著、
執筆者の業績（引用ではない）,,平成26年度重要判例解説,(有斐閣、2015年),1,1,I0000104,公安警察による市民運動の監視を許さない。市民の「もの言う」自由を守るための訴訟【アーカイブ】,實原教授意見書(甲33),】)』 (信山社、2015年) 『平成26年度重要判例解説』(有斐閣、2015年) 奥田喜道(編著)『ネット社会と忘れられる権利――個人データ削除の裁判例と
執筆者の業績（引用ではない）,,平成30年度重要判例解説(ジュリスト臨時増刊1531号),10~11頁,1,1,I0000090,司法の独立を脅かす岡口裁判官の罷免訴追に反対します！【アーカイブ】,意見書（山元一）,"送大学教育振興会,2019年) 山元一「裁判官のツイッターへの投稿と表現の自由」『平成30年度重要判例解説(ジュリスト 臨時増刊 1531号)』10~11頁〔2019年〕"
執筆者の業績（引用ではない）,,平成司法改革の研究―理論なき改革はいかに挫折したのか,(岩波書店、2022 年),1,1,I0000064,「セックスワークにも給付金を」訴訟 【アーカイブ】,甲102：意見書（岩切大地教授）,の交錯一個室付浴場業規制の法的性質をめぐって」を執筆)、(共著)須網隆 夫(編)『平成司法改革の研究―理論なき改革はいかに挫折したのか』(岩波書店、2022 年)(第10章「司法制度改革の司法権論と違憲審査制の国民的基盤」を執筆)ほか。 26
執筆者の業績（引用ではない）,木村草太,平等なき平等条項論-equalprotection条項と憲法14条1項,190 頁,1,1,I0000031,結婚の自由をすべての人に訴訟（同性婚訴訟）,大野友也先生 意見書 ※憲法14条1項（法の下の平等）についての意見書,止法理の過去・現在・未来-』65 頁(成文堂、2017年)など。 49 木村草太『平等なき平等条項論-equal protection 条項と憲法 14 条1項』190 頁(東京大学出版会、2008年)。 50 同上、184頁。 51 同上、149頁。 52 同上、150頁。 53
執筆者の業績（引用ではない）,奥谷健,必要経費控除の意義と範囲,"同『市場所得と応能負担原則』 (成文堂,2018年)",1,1,I0000152,保育料を経費に！訴訟,甲50：意見書（藤間大順　神奈川大学准教授）,"「基因」の意義についてドイツ法との比較法的な観点から検討す る議論として、奥谷健「必要経費控除の意義と範囲」同『市場所得と応能負担原則』 (成文堂,2018年)127 頁[初出:2016年]参照。 23 谷口勢津夫『税法基本講義"
執筆者の業績（引用ではない）,,応用社会学研究,63号(2021年),1,1,I0000085,「人種差別を許さない」訴訟　～警察官による母子の不当聴取と個人情報の漏洩～,甲３１　意見書（大阪公立大学大学院准教授明戸隆浩）,年) 「分極化時代におけるイデオロギー研究の射程——政治意識 の社会学のために」『応用社会学研究』63号(2021年) 『ヘイトスピーチ 表現の自由はどこまで認められるか』(明 石書店、2014年、共訳) 『サイバーハ
執筆者の業績（引用ではない）,,思想・良心に反する行為の強制の合憲性:『君が代,ピアノ伴奏拒否事件を考え る視点」国際人権19号 「ドイツにおける国際人,1,1,I0000151,「18歳未満にも選挙で応援する自由を」訴訟,甲４２：門田孝教授の意見書,審査基準論を主たる素材として」広島法学31巻4号 「思想・良心に反する行為の強制の合憲性:『君が代』ピアノ伴奏拒否事件を考え る視点」国際人権19号 「ドイツにおける国際人
執筆者の業績（引用ではない）,論文,性・優生学・人類の未来:W・D・ハミルトンの進化思想を読む,(『現代思想』 第49巻12号、2021),1,1,I0000031,結婚の自由をすべての人に訴訟（同性婚訴訟）,加藤秀一先生・意見書,してのジェ ンダー:交錯する科学・社会・政治』ハーベスト社、2019) - 論文「性・優生学・人類の未来:W・D・ハミルトンの進化思想を読む」(『現代思想』 第49巻12号、2021)
執筆者の業績（引用ではない）,論文,性別の取扱いを変更した人の婚姻と嫡出推定,立命館法学 345 ・346号(2013),1,1,I0000031,結婚の自由をすべての人に訴訟（同性婚訴訟）,二宮周平先生 意見書　※民法学者による本件についての意見,婚の多様性と法的保護の根拠」家族<社会と法〉27号(20 11)20頁 - 論文「性別の取扱いを変更した人の婚姻と嫡出推定」立命館法学 345 ・346号(2013)576頁 - 論文「家族法〜同性婚への道のりと課題」三成美保編『同性愛をめ ぐ
執筆者の業績（引用ではない）,,性同一性障害の医療と法,(平成25年、メディカ出版),1,1,I0000159,日本でもマリアージュしたいねん～海外で成立した同性婚の受理を求める裁判～,c240126補充書面２（これまでの民法学説等は憲法解釈の根拠にならないこと等）,"ではないか」などの議論がされた(針間克己「性同一性障害の概念,現状,精神科治療」『性同一性障害の医療と法』(平成25年、メディカ出版)、甲A246・52頁)。 『家族法〔第3版〕』(甲A333)は、上記訳語が定まってから9"
執筆者の業績（引用ではない）,針間克己,"性同一性障害の概念,現状,精神科治療",『性同一性障害の医療と法』(平成25年、メディカ出版),1,1,I0000159,日本でもマリアージュしたいねん～海外で成立した同性婚の受理を求める裁判～,c240126補充書面２（これまでの民法学説等は憲法解釈の根拠にならないこと等）,"ところの方がかえって、もとの英語より適切ではないか」などの議論がされた(針間克己「性同一性障害の概念,現状,精神科治療」『性同一性障害の医療と法』(平成25年、メディカ出版)、甲A246・52頁)。 『家族法〔第3版〕』(甲A333)は"
執筆者の業績（引用ではない）,,性欲と人生,(1920),1,1,I0000031,結婚の自由をすべての人に訴訟（同性婚訴訟）,【九州・第６回】原告ら第１６準備書面　※同性愛の社会に対する位置づけ等,年順に『変態心理』(1917)、『性之研究』(1919)、『性』(1920)、 『性欲と人生』(1920)、『変態性欲』(1922)、『変態・資料』(1926)、『セック ス』(1926)、『犯罪科学』(1930)
執筆者の業績（引用ではない）,単著,性現象論:差異とセクシュアリティの社会学,(勁草書房、1998),1,1,I0000031,結婚の自由をすべての人に訴訟（同性婚訴訟）,加藤秀一先生・意見書,データ解読 現代のセクシュアリティ』((財)日本性教育協会、1997) - 単著『性現象論:差異とセクシュアリティの社会学』(勁草書房、1998) - 単著『〈恋愛結婚〉は何をもたらしたか:性道徳と優生思想の百年間』(筑摩書房、 2004) -
執筆者の業績（引用ではない）,,性的マイノリティについての意識-2015年全国調査報告書,(釜野さおり・ 石田仁・風間孝・吉仲崇・河口和也,1,1,I0000031,結婚の自由をすべての人に訴訟（同性婚訴訟）,渋谷秀樹先生 意見書　「憲法理論からみた同性婚の省察」,"1.3%で、賛成・やや賛成を合わせた回答が51.2%と上回り, 過半数となった(『性的マイノリティについての意識-2015年全国調査報告書』(釜野さおり・ 石田仁・風間孝・吉仲崇・河口和也 2016『性的マイノリティについての意識—2015年全国調 査報告書』"
執筆者の業績（引用ではない）,谷口洋幸,性自認と人権———性同一性障害者特例法の批判的考察,法学セミ ナー753号51-55頁,1,1,I0000031,結婚の自由をすべての人に訴訟（同性婚訴訟）,【九州・第８回】証拠説明書２０(甲A464から478),同上 469 谷口洋幸「性自認と人権 ———性同一性障害者特例法 の批判的考察」法学セミ ナー753号51-55頁 写し 2017年10月20日 谷口洋
執筆者の業績（引用ではない）,谷口洋幸,性自認と人権―性同一性障害者特例法の批判的考察,法学セミナー753号51頁,1,1,I0000031,結婚の自由をすべての人に訴訟（同性婚訴訟）,【札幌・東京・名古屋・大阪】訴状　東京地裁20190214提訴分,"されないことが国際社会の普遍的な認識となって共有されている(甲 A6・谷口洋幸「性自認と人権―性同一性障害者特例法の批判的考察」 法学セミナー753号51頁(日本評論社,2017年))。いまや, 国連はじめ国際社会をあげて性的指向や性自認による差別"
執筆者の業績（引用ではない）,,情報公開を進めるための公文書管理法解説,(共編、日本評論社、2011 年),1,1,I0000052,警察庁が保有する秘密個人情報ファイル簿の情報公開訴訟,甲21：鑑定意見書（弁護士三宅弘）,花伝社、1999年) 『情報公開法解説〔第2版〕』(共著、三省堂、2003年) 『情報公開を進めるための公文書管理法解説』(共編、日本評論社、2011 年) 『新基本法コンメンタール情報公開法・個人情報保護法・公文書管理法・情 報関連7法』(
執筆者の業績（引用ではない）,宅弘,情報公開ガイドブック,(1995年、花伝社),1,1,I0000052,警察庁が保有する秘密個人情報ファイル簿の情報公開訴訟,甲21：鑑定意見書（弁護士三宅弘）,条にい う「秘密」として保護するに値しないと判断したものである(資料7 三 宅弘『情報公開ガイドブック』(1995年、花伝社)151頁)。 しかし、その訴訟においても、政府側証人はいずれも抗たん性に係る 情報の重要性を一般論
執筆者の業績（引用ではない）,,情報公開法-立法の論点と知る権利,(共編、三省堂、1997年),1,1,I0000052,警察庁が保有する秘密個人情報ファイル簿の情報公開訴訟,甲21：鑑定意見書（弁護士三宅弘）,(共著、有斐閣、1991 年) 『情報公開ガイドブック』(花伝社、1996年) 『情報公開法-立法の論点と知る権利』(共編、三省堂、1997年) 『情報公開法の手引き - 逐条分析と立法過程』(花伝社、1999年) 『情報公開法解説〔第
執筆者の業績（引用ではない）,,情報公開法の手引き-逐条分析と立法過程,(花伝社、1999年),1,1,I0000052,警察庁が保有する秘密個人情報ファイル簿の情報公開訴訟,甲21：鑑定意見書（弁護士三宅弘）,1996年) 『情報公開法-立法の論点と知る権利』(共編、三省堂、1997年) 『情報公開法の手引き - 逐条分析と立法過程』(花伝社、1999年) 『情報公開法解説〔第2版〕』(共著、三省堂、2003年) 『情報公開を進めるための公文書管理法解
執筆者の業績（引用ではない）,,情報公開法解説〔第2版〕,(共著、三省堂、2003年),1,1,I0000052,警察庁が保有する秘密個人情報ファイル簿の情報公開訴訟,甲21：鑑定意見書（弁護士三宅弘）,97年) 『情報公開法の手引き - 逐条分析と立法過程』(花伝社、1999年) 『情報公開法解説〔第2版〕』(共著、三省堂、2003年) 『情報公開を進めるための公文書管理法解説』(共編、日本評論社、2011 年) 『新基本法コ
執筆者の業績（引用ではない）,野坂泰司,愛媛玉串料訴訟大法廷判決の意義と問題点,ジュリスト1114号(1997年),1,1,I0000123,県知事の公務での護国神社参拝取りやめをー政教分離原則の違反を問うー,甲18（稲正樹意見書）,法』(悠々社・2009年)108- 123頁、117-119頁。 55 野坂泰司「愛媛玉串料訴訟大法廷判決の意義と問題点」ジュリスト1114号(1997年)29-37頁、 36頁。 56 以下は、小泉洋一「大法廷判決における政教分離原則違反の
執筆者の業績（引用ではない）,,憲法(第七版),12頁,1,1,I0000031,結婚の自由をすべての人に訴訟（同性婚訴訟）,【東京・第９回】原告ら第２０準備書面（被告第５準備書面に対する反論）,効力(同 98条)の両面で憲法の最高法規性(甲A428・芦部信喜・高橋和之補 訂『憲法(第七版)』12頁(岩波書店、2019))を体現する規定であ り、立法府を厳格に規律統制する規定であることを示している(甲A42 9
執筆者の業績（引用ではない）,初宿正典,憲法2基本権〔第3版〕,314頁,1,1,I0000031,結婚の自由をすべての人に訴訟（同性婚訴訟）,安西文雄先生意見書（2024年1月24日）,辻村みよ子『憲法と家族』 121頁(日本加除出版、2016年)。 15 初宿正典『憲法2基本権〔第3版〕』314頁(成文堂、2010年)。 16 長谷部恭男『憲法の理性 [増補新装版〕』133頁(東大出版会、2016年)。 1
執筆者の業績（引用ではない）,共著,憲法I、II,(有斐閣、2012年),1,1,I0000131,夫婦別姓も選べる社会へ！訴訟,甲A017_高橋先生意見書（平成26年7月29日）,授 (主要著書) 『立憲主義と日本国憲法(第3版)』(有斐閣、2013年) 共著『憲法I、II』(有斐閣、2012年) -7-
執筆者の業績（引用ではない）,新井誠・曽我部真裕・佐々木くみ・横大道聡,憲法I総論・統治機構,"(日本 評論社,平成28年)",1,1,I0000071,コロナ禍、日本社会の理不尽を問う（コロナ特措法違憲訴訟）【アーカイブ】,甲第５９号証：曽我部真裕先生　意見書,"説(第2版)』(弘文堂,令和元年) - 新井誠・曽我部真裕・佐々木くみ・横大道聡『憲法I 総論・統治機構』(日本 評論社,平成28年) - 新井誠・曽我部真裕・佐々木くみ・横大道聡『憲法II 人権』(日本評論社,平 成28年)"
執筆者の業績（引用ではない）,新井誠・曽我部真裕・佐々木くみ・横大道聡,憲法I総論・統治機構(第2版),(日本評論社、令和3年),1,1,I0000064,「セックスワークにも給付金を」訴訟 【アーカイブ】,甲59：意見書（曽我部真裕教授）,ンタール』 (勁草書房、令和3年) - 新井誠・曽我部真裕・佐々木くみ・横大道聡『憲法I 総論・統治機構(第2 版)』(日本評論社、令和3年) - 新井誠・曽我部真裕・佐々木くみ・横大道聡『憲法II 人権(第2版)』(日本 評論社、令和3
執筆者の業績（引用ではない）,,憲法とジェンダー,有斐閣[第2回昭和女子大学女性文化研究賞受賞]、2008年 International,1,1,I0000131,夫婦別姓も選べる社会へ！訴訟,甲A014_辻村先生意見書（令和2年3月26日）,北大学出版会、2007年 ☆ 『ジェンダーと人権』 日本評論社、2008年 ☆ 『憲法とジェンダー』 有斐閣[第2回昭和女子大学女性文化研究賞受賞]、2008年 International Perspectives on
執筆者の業績（引用ではない）,,憲法とジェンダー―男女共同参画と多文化共生への展望,[有斐閣、2009年] 3),1,1,I0000131,夫婦別姓も選べる社会へ！訴訟,甲A014_辻村先生意見書（令和2年3月26日）,回昭和女子大学女性文化研究賞(坂東眞理子基金)〔2010年度〕 『憲法とジェンダー―男女共同参画と多文化共生への展望』 [有斐閣、2009年] 3)第1回(平成25年度)澤柳政太郎記念東北大学男女共同参画賞〔2013年8月〕 IV 主要業
執筆者の業績（引用ではない）,,憲法における『国籍,の意義」憲法問題9号 2001年:「欧州人権条約の積極主義的解釈」『EU 法の現状と発展,1,1,I0000151,「18歳未満にも選挙で応援する自由を」訴訟,甲４２：門田孝教授の意見書,定住外国人の地方選挙権」国際人権6号70頁 1998年:「憲法における『国籍』の意義」憲法問題9号 2001年:「欧州人権条約の積極主義的解釈」『EU 法の現状と発展:ゲオル
執筆者の業績（引用ではない）,,憲法の時間,"(井上典之編著,有斐閣)",1,1,I0000151,「18歳未満にも選挙で応援する自由を」訴訟,甲４２：門田孝教授の意見書,"(浦部法穂=戸波江二編著,日本評論 社) *「外国人の参政権」担当 2016年:『憲法の時間』(井上典之編著,有斐閣) *2022年:第2版,「人権保障の総論」担当 2017年:『浦部法穂先生古稀記念・憲法理論とそ"
執筆者の業績（引用ではない）,長谷部恭男,憲法の理性[増補新装版〕,133頁,1,1,I0000031,結婚の自由をすべての人に訴訟（同性婚訴訟）,安西文雄先生意見書（2024年1月24日）,正典『憲法2基本権〔第3版〕』314頁(成文堂、2010年)。 16 長谷部恭男『憲法の理性 [増補新装版〕』133頁(東大出版会、2016年)。 17 このように整理すると、木村草太「憲法と同性婚」杉田敦編『グローバル化のなかの
執筆者の業績（引用ではない）,,憲法の規範力とメディア法(講座憲法の規範力【第4巻】),(信山社、2015年),1,1,I0000104,公安警察による市民運動の監視を許さない。市民の「もの言う」自由を守るための訴訟【アーカイブ】,實原教授意見書(甲33),選】第6版』(有斐閣、2013年) 鈴木秀美(編集代表)『憲法の規範力とメディア法(講座 憲法の規範力 【第4巻】)』 (信山社、2015年) 『平成26年度重要判例解説』(有斐閣、2015
執筆者の業績（引用ではない）,,憲法の規範力と憲法裁判(講座憲法の規範力【第2巻】),(信山社、2013年),1,1,I0000104,公安警察による市民運動の監視を許さない。市民の「もの言う」自由を守るための訴訟【アーカイブ】,實原教授意見書(甲33),ア法』(ミネルヴァ書房、2011年) 畑尻剛(編集代表)『憲法の規範力と憲法裁判 (講座 憲法の規範力 【第2巻】)』 (信山社、2013年) 長谷部・石川・宍戸(編)『憲法判例百選】第6版
執筆者の業績（引用ではない）,,憲法の解釈I・II・III,(共著),1,1,I0000123,県知事の公務での護国神社参拝取りやめをー政教分離原則の違反を問うー,甲43 浦部法穂『憲法学教室　全訂第２版』,"84,1988年) 『ゼミナール憲法裁判』(共著) (日本評論社,1986年) 『憲法の解釈I・II・III』(共著)(三省堂,1989, 1990, 1992年) 『憲法キーワード』(編著) (有斐閣,1991年) 『「憲法改正"
執筆者の業績（引用ではない）,,憲法の解釈I・II・Ⅲ,(共著),1,1,I0000141,要件を満たす島民の請求を市長が拒否！石垣島住民投票の権利を問う裁判【アーカイブ】,甲32号証、憲法学教室全訂第２版(抜粋)｜2022年（準備書面３の後）,"984,1988年) 「ゼミナール憲法裁判」(共著)(日本評論社,1986年) 『憲法の解釈I・II・Ⅲ」(共著)(三省堂,1989, 1990, 1992年) 「憲法キーワード」(編著) (有斐閣,1991年) 【「憲法改正"
執筆者の業績（引用ではない）,,憲法キーワード,(編著),1,1,I0000123,県知事の公務での護国神社参拝取りやめをー政教分離原則の違反を問うー,甲43 浦部法穂『憲法学教室　全訂第２版』,"の解釈I・II・III』(共著)(三省堂,1989, 1990, 1992年) 『憲法キーワード』(編著) (有斐閣,1991年) 『「憲法改正」批判』(共著)(労働旬報社,1994年) 『注解法律学全集・憲法I・II"
執筆者の業績（引用ではない）,,憲法判例の射程(第2版),(弘文堂、令和2年),1,1,I0000111,日米同性カップル在留資格訴訟  〜家族そろって日本で暮らすために〜【アーカイブ】,甲１６５曽我部真裕教授意見書,た説明として、横大道聡「人格的生存にとって不可欠で はない行為の規制」同(編著)『憲法判例の射程(第2版)』(弘文堂、令和2年)76 頁。 6 保護されなくなるわけではない。それを一部の人について制限ないし剥奪す るには、もと
執筆者の業績（引用ではない）,横大道聡編著,憲法判例の射程第2版,(弘文堂、2020年),1,1,I0000104,公安警察による市民運動の監視を許さない。市民の「もの言う」自由を守るための訴訟【アーカイブ】,實原教授意見書(甲33),国家賠償法上違法であるということはできない」としている。同 22 横大道聡編著『憲法判例の射程 第2版』(弘文堂、2020年)175頁以下(木下昌彦)。 11 様の説示は、自動車を対象とする公道での一斉検問の法的問題を検
執筆者の業績（引用ではない）,,憲法判例百選Ⅰ(第7版),(共著),1,1,I0000064,「セックスワークにも給付金を」訴訟 【アーカイブ】,甲101：意見書（玉蟲由樹教授）,"7年 - (3)『ドイツの憲法判例IV』(共著),信山社,2018年 - (4)『憲法判例百選Ⅰ(第7版)』(共著),有斐閣,2019年 - (5)『憲法演習サブノート 210問』(共著),弘文堂,2021年 ## 《論文》"
執筆者の業績（引用ではない）,,憲法判例百選】第6版,(有斐閣、2013年),1,1,I0000104,公安警察による市民運動の監視を許さない。市民の「もの言う」自由を守るための訴訟【アーカイブ】,實原教授意見書(甲33),(信山社、2013年) 長谷部・石川・宍戸(編)『憲法判例百選】第6版』(有斐閣、2013年) 鈴木秀美(編集代表)『憲法の規範力とメディア法(講座 憲法の規範力 【第
執筆者の業績（引用ではない）,,憲法制定の経過に関する小委員会報告書,(1961年),1,1,I0000117,立候補年齢引き下げ訴訟,第13準備書面,原則 に合致することを確保」しなければならなかった(甲B90:憲法調査会事務 局『憲法制定の経過に関する小委員会報告書』(1961年)579頁)。 憲法15条3項は、このように日本国憲法の制定に大きな影響力を有した極 東委員会の策定した基本
執筆者の業績（引用ではない）,辻村みよ子=山元一=佐々木弘通編,憲法基本判例,"(尚学社,2015年)",1,1,I0000090,司法の独立を脅かす岡口裁判官の罷免訴追に反対します！【アーカイブ】,意見書（山元一）,"(2021年1月4日) # 《関係著作目錄》 辻村みよ子=山元一=佐々木弘通編『憲法基本判例』(尚学社,2015年) 辻村みよ子=山元一編『概説憲法コンメンタール』(信山社,2018年) 山元一『グローバル化時代の"
執筆者の業績（引用ではない）,,憲法学のゆくえ:諸法との対話で切り拓く新たな地平,"(日本評論社,平成28年)",1,1,I0000071,コロナ禍、日本社会の理不尽を問う（コロナ特措法違憲訴訟）【アーカイブ】,甲第５９号証：曽我部真裕先生　意見書,"人権』(日本評論社,平 成28年) - 宍戸常寿・曽我部真裕・山本龍彦(編著)『憲法学のゆくえ : 諸法との対話で 切り拓く新たな地平』(日本評論社,平成28年) - 曽我部真裕・見平典(編)『古典で読む憲法』(有斐閣,平成28年) - 憲法判例研究会(淺"
執筆者の業績（引用ではない）,,憲法学のゆくえ諸法との対話で切り拓く新たな地平,(日本評論社、平成28年),1,1,I0000064,「セックスワークにも給付金を」訴訟 【アーカイブ】,甲59：意見書（曽我部真裕教授）,概説(第2版)』(弘文堂、令和元年) - 宍戸常寿・曽我部真裕・山本龍彦(編著)『憲法学のゆくえ 諸法との対話で切 り拓く新たな地平』(日本評論社、平成28年) - 曽我部真裕・見平典(編)『古典で読む憲法』(有斐閣、平成28年) - 曽我部真裕・田近肇
執筆者の業績（引用ではない）,,憲法学の創造的展開上巻(戸波江二先生古稀記念),(信山社、2017年),1,1,I0000104,公安警察による市民運動の監視を許さない。市民の「もの言う」自由を守るための訴訟【アーカイブ】,實原教授意見書(甲33),"理』(現代人文社、2015年) 工藤ほか(編)『憲法学の創造的展開 上巻(戸波江二先生古稀記念)』(信山社、2017年) Yumiko Nakanishi (Ed.), Contemporary"
執筆者の業績（引用ではない）,山本龍彦・横大道聡編編著,憲法学の現在地,弘文堂、2020年),1,1,I0000071,コロナ禍、日本社会の理不尽を問う（コロナ特措法違憲訴訟）【アーカイブ】,控訴理由書,ことを意味する。」(宍戸常寿「違憲審査制と統治行為論」 山本龍彦・横大道聡編編著『憲法学の現在地』弘文堂、2020年)との憲法学 者からの指摘や、 「裁判所は、違憲審査権を行使することにより、民主政のシステムを正常に保
執筆者の業績（引用ではない）,,憲法演習サブノート210問,(共著),1,1,I0000064,「セックスワークにも給付金を」訴訟 【アーカイブ】,甲101：意見書（玉蟲由樹教授）,"- (4)『憲法判例百選Ⅰ(第7版)』(共著),有斐閣,2019年 - (5)『憲法演習サブノート 210問』(共著),弘文堂,2021年 ## 《論文》 - (1)「人間の尊厳の客観法的保護」福岡大学法学論叢 56巻2・3号,"
執筆者の業績（引用ではない）,子編,憲法研究第17号,(信山社、2025年),1,1,I0000117,立候補年齢引き下げ訴訟,第13準備書面,ることについて、関沢修子「被選挙権の年齢要件をめぐる問題」辻村み 6 よ子編『憲法研究第17号』(信山社、2025年)180頁(甲B88) を参照して主張を補充する(以下引用はいずれも同論文)。 すなわち、被選挙権の
執筆者の業績（引用ではない）,,憲法秩序の新構想大石眞先生古稀記念論文集,(三省堂、令和3年),1,1,I0000064,「セックスワークにも給付金を」訴訟 【アーカイブ】,甲59：意見書（曽我部真裕教授）,25年) (主な共著・編著) - 曽我部真裕、赤坂幸一、櫻井智章、井上武史(編)『憲法秩序の新構想 大石眞 先生古稀記念論文集』(三省堂、令和3年) - 石井夏生利、曽我部真裕、森亮二(編著)『個人情報保護法コンメンタール』 (勁草書房、令和3年)
執筆者の業績（引用ではない）,,憲法秩序の新構想大石真先生古稀記念論文集,(三省堂、令和3年),1,1,I0000071,コロナ禍、日本社会の理不尽を問う（コロナ特措法違憲訴訟）【アーカイブ】,甲第５９号証：曽我部真裕先生　意見書,"成25年) (共著・編著) - 曽我部真裕・赤坂幸一・櫻井智章・井上武史(編)『憲法秩序の新構想 大石真 先生古稀記念論文集』(三省堂、令和3年) - 曽我部真裕・尾形健・新井誠・赤坂幸一(編)『憲法論点教室(第2版)』(日 本評論社,令和3年)"
執筆者の業績（引用ではない）,,憲法裁判所の比較研究フランス・イタリア・スペイン・ベルギーの憲法裁判,(信山社、平成28年),1,1,I0000064,「セックスワークにも給付金を」訴訟 【アーカイブ】,甲59：意見書（曽我部真裕教授）,平典(編)『古典で読む憲法』(有斐閣、平成28年) - 曽我部真裕・田近肇(編)『憲法裁判所の比較研究 フランス・イタリア・スペ イン・ベルギーの憲法裁判』(信山社、平成28年) - 憲法判例研究会(淺野博宣・尾形健・小島慎司・宍戸常寿・曽我部真裕・中林 暁生・山本龍彦) 編
執筆者の業績（引用ではない）,渡辺康行,憲法訴訟の実務と解説,170頁,1,1,I0000134,わたしたちはもう待てない〜同性婚仙台家事審判事件,第２準備書面2024年12月27日,る(甲B42=巻美矢紀「救済を視 野に入れた憲法上の実体的な権利の構成」渡辺康行『憲法訴訟の実務と解説』 170頁)。 ### (2) 同性婚を認めたとしても他の法制度への不利益や支障が生じないこと 現行法下で同性婚を認めた
執筆者の業績（引用ではない）,帝国大学新聞社編,戦争と科学,"帝国大学新聞社, 1941, pp.430-431. 第1編-9 第1編 旧優生保護法の",1,1,I0000132,「わたしの体は母体じゃない」訴訟,甲47：国民優生法の制定過程,". 58 内村祐之「断種法の過去と将来——国民優生法への期待―」帝国大学新聞社編『戦争と科学』帝国大学新聞社, 1941, pp.430-431. 第1編-9 第1編 旧優生保護法の立法過程 か、などに思いを"
執筆者の業績（引用ではない）,,戸波江二先生古稀記念・憲法学の創造的展開(下巻),"(工藤達朗ほか編,信山社)",1,1,I0000151,「18歳未満にも選挙で応援する自由を」訴訟,甲４２：門田孝教授の意見書,"について:リスボン条約判決の 『統合責任』論に着目して」『戸波江二先生古稀記念・憲法学の創造的展開(下巻)』 (工藤達朗ほか編,信山社) 2018年:「憲法を『正しく解釈する』とい"
執筆者の業績（引用ではない）,,戸籍の性別記載の訂正は可能か(1)~(3),戸籍時報555号2頁,1,1,I0000131,夫婦別姓も選べる社会へ！訴訟,甲A004_二宮先生意見書（平成23年12月5日）,0頁 - 「家族の個人主義化と法理論」法律時報74巻9号(2002)27頁 - 「戸籍の性別記載の訂正は可能か (1)~(3)」戸籍時報555号2頁、559号2 頁、561号23頁(2003) - 「子の監護者指定(民法766条)の積極的活用」立命
執筆者の業績（引用ではない）,,承認と対話の憲法理論――法の下の宗教的多様性,(単著、ナカニシヤ出版、2025年),1,1,I0000132,「わたしの体は母体じゃない」訴訟,甲176：山本意見書,月) - 宗教法学会監事(2023年11月~現在) ## 主な著作・業績 - 『承認と対話の憲法理論――法の下の宗教的多様性』(単著、ナカニシヤ出版、2025年) - 『合理的配慮と憲法――日韓欧米各国における差別の緩和・解消の試み』(共編、ナカ
執筆者の業績（引用ではない）,,招婿婚の研究,の批判的 継承」(『高群逸枝 1894-1964――女性史の開拓者のコスモロジー(別冊『環』26),1,1,I0000031,結婚の自由をすべての人に訴訟（同性婚訴訟）,加藤秀一先生・意見書,編 2014) - 服藤早苗 2022「古代・中世の婚姻形態と同居家族・「家」:『招婿婚の研究』の批判的 継承」(『高群逸枝 1894-1964――女性史の開拓者のコスモロジー(別冊『環』26)』 藤原書店) - 服
執筆者の業績（引用ではない）,,改訂版労災保険制度の詳解,労務行政研究所(1999),1,1,I0000129,「共働き妻を亡くした夫にも遺族年金を」訴訟,甲11　東京大学　笠木映里先生　意見書（社会保障法）,働者との間に生計維持関係が認め られるものとする。 3 労働省労災管理課(編著)『改訂版 労災保険制度の詳解』労務行政研究所(1999)217頁。 地方公務員災害補償法における障害補償年金について損害填補と遺族の保護という趣旨があ
執筆者の業績（引用ではない）,,改革期の刑事法理論福井厚先生古稀祝賀論文集,116~137頁,1,1,I0000130,日本の「黙秘権」を問う訴訟 〜56時間にわたる侮辱的な取調べは違法〜 ,上告理由補充書（２）2025年9月1日,「取調べ受忍義務否定説の理論的基礎——身体・行動の自由との関係―」(2013年)『改革期の刑事法理論福井厚先生古稀祝賀論文集』116~137頁 18 渡辺直行「刑事訴訟法〔第2版]」(2013年) 124~133頁 1
執筆者の業績（引用ではない）,,政教分離と信教の自由,(ジュリスト1022 号抜粋),1,1,I0000123,県知事の公務での護国神社参拝取りやめをー政教分離原則の違反を問うー,証拠説明書まとめ過去分,対 比において) 41 「政教分離と信教の自 由」(ジュリスト1022 号抜粋) 1993年 浦部法穂 政教分離原則に関する、エンド ース
執筆者の業績（引用ではない）,,政策法学の理論と実践,(信山社、2022年),1,1,I0000119,“コロナ感染者立ち寄りで店名公表”は違法！訴訟【アーカイブ】,【意見書】神戸大学名誉教授・弁護士　阿部泰隆先生,"社,2022年) - 法律学イロハカルタ付き◇ (36の改訂版) - 57 『政策法学の理論と実践』(信山社、2022年) - 58 『租税法への提言・挑戦』(信山社、2023年) - 59 『行政法学の変革と希望 阿部"
執筆者の業績（引用ではない）,明治大学政治経済研究所,政経論叢,"第77巻第3・4号,138頁",1,1,I0000136,地域による報酬格差は違憲！裁判官の独立と良心を守る訴訟,甲32号証｜全国地家裁所長の人事パターンの制度可に関する一考察ーその経歴的資源に着目してー（II）,"の制度化に関する一考察~その経歴的資源に着目して〜(I)」明治大学政治経済研究所『政経論叢』第77巻第3・4号,138頁を参照。 - (2) 当該地家裁所長のあと、高裁部総括などを間にはさむことなく、高裁長官に直"
執筆者の業績（引用ではない）,,教えて!哲学者たち,(全2巻、大月書店),1,1,I0000085,「人種差別を許さない」訴訟　～警察官による母子の不当聴取と個人情報の漏洩～,甲３３　無意識のバイアス　高史明解説抜粋,ォルニア州で生活。同志社大学心理 学部卒。共訳に『リモートワーク』(明石書店)、『教えて! 哲学者 たち』(全2巻、大月書店)など。 【解説者略歴】 高史明(たか・ふみあき) 社会心理学者。主たる研究テーマは偏見・ステレオタイ
執筆者の業績（引用ではない）,堀口悟郎,教師の良心――憲法学と教育法学の距離,毛利透編『講座 立憲主義と憲法学第3巻 人権II』(信山社、2022年),1,1,I0000070,「人間を育てる教員に、人間らしい働き方を」訴訟【アーカイブ】,堀口悟郎先生意見書,## 3 本意見書に関連する主な研究業績 ### (1) 書籍 - 堀口悟郎「教師の良心――憲法学と教育法学の距離」毛利透編『講座 立憲主義と憲法学第3巻 人権II』(信山社、2022年)37-75頁 - 堀口悟郎「フランスにおける大学
執筆者の業績（引用ではない）,堀口悟郎,教育を受ける権利への影響――憲法は『学校に通う権利,と『学校に通わずに教育を受ける権利』を保障しているか」大林啓吾編『コロナの憲法学』(弘文堂、2021年),1,1,I0000070,「人間を育てる教員に、人間らしい働き方を」訴訟【アーカイブ】,堀口悟郎先生意見書,コンメンタール教育基本法』(学陽書房、2021年)233-244頁 - 堀口悟郎「教育を受ける権利への影響――憲法は『学校に通う権利』と『学校に通わずに教育を受ける権利』を保障しているか」大林啓吾編『コロナの憲法学』(弘文堂、2021年)189-199頁
執筆者の業績（引用ではない）,内村祐之,断種法の過去と将来——国民優生法への期待―,"帝国大学新聞社編『戦争と科学』帝国大学新聞社, 1941, pp.430-431. 第1",1,1,I0000132,「わたしの体は母体じゃない」訴訟,甲47：国民優生法の制定過程,"」『現代思想』26巻2号,1998.2, pp.288-289. 58 内村祐之「断種法の過去と将来——国民優生法への期待―」帝国大学新聞社編『戦争と科学』帝国大学新聞社, 1941, pp.430-431. 第1編-9 第1編 旧優生保護法"
執筆者の業績（引用ではない）,岡田靖雄,断種法史上の人びと(その五)―三宅鑛——,"『日本医史学雑 誌』48巻2号,2002.6.20, p.307. 31 厚生省予防局「",1,1,I0000132,「わたしの体は母体じゃない」訴訟,甲47：国民優生法の制定過程,"p.15.なお、昭和12年に永井 潜氏が台湾に転出後は三宅鑛一委員長。岡田靖雄「断種法史上の人びと(その五)―三宅鑛——」『日本医史学雑 誌』48巻2号,2002.6.20, p.307. 31 厚生省予防局「民族優生制度案要綱に就て」内務大"
執筆者の業績（引用ではない）,,新しい家族が求める自由~家族法の視点から,岡野八代編『自由への問い⑦ 家族』(岩波書店、2010),1,1,I0000131,夫婦別姓も選べる社会へ！訴訟,甲A004_二宮先生意見書（平成23年12月5日）,戸籍時報 632号2頁、641号2頁、643号2 頁(2008、2009) - 「新しい家族が求める自由~家族法の視点から」岡野八代編『自由への問い⑦ 家族』(岩波書店、2010)60頁 - 「当事者支援の家族紛争解決モデルの構築〜ドイツ、オー
執筆者の業績（引用ではない）,,新しい時代の条例のつくり方、よみ方,"(日本加除出版, 共同執筆)",1,1,I0000141,要件を満たす島民の請求を市長が拒否！石垣島住民投票の権利を問う裁判【アーカイブ】,甲38号証、法令入門〔第三版〕（抜粋）｜2023年（控訴状提出の後）,"い) 『新・国会事典』(有斐閣,共同執筆) 『新しい時代の条例のつくり方、よみ方』(日本加除出版, 共同執筆) 『市町村条例クリニック』 (ぎょうせい、共同執筆) 「"
執筆者の業績（引用ではない）,,新・判例ハンドブック情報法,(日本評論社、2018年),1,1,I0000104,公安警察による市民運動の監視を許さない。市民の「もの言う」自由を守るための訴訟【アーカイブ】,實原教授意見書(甲33),の憲法判例IV』(信山社、2018年) 宍戸常寿(編著)『新・判例ハンドブック情報法』(日本評論社、2018年) 長谷部・山口・宍戸(編)『メディア判例百選 第2版』(有斐閣、201
執筆者の業績（引用ではない）,,新・国会事典,"(有斐閣,共同執筆)",1,1,I0000141,要件を満たす島民の請求を市長が拒否！石垣島住民投票の権利を問う裁判【アーカイブ】,甲38号証、法令入門〔第三版〕（抜粋）｜2023年（控訴状提出の後）,"『最新法令用語の基礎知識』 (3訂版) (ぎょうせい) 『新・国会事典』(有斐閣,共同執筆) 『新しい時代の条例のつくり方、よみ方』(日本加除出版, 共同執筆)"
執筆者の業績（引用ではない）,,新・家族法,(甲A395.3 02頁,1,1,I0000159,日本でもマリアージュしたいねん～海外で成立した同性婚の受理を求める裁判～,c250909市長意見書2への反論書,11頁、 23頁等で述べたとおりである。 また、令和7年7月10日発行の大村敦志『新・家族法』(甲A395.3 02頁)は、「同性婚」の項で、「もし婚姻障害(書かれざる婚姻障害)であ るとすると、重婚や近親婚などと
執筆者の業績（引用ではない）,藤重光,新刑事訴訟法要綱〔7訂版〕,(創文社、1967年),1,1,I0000130,日本の「黙秘権」を問う訴訟 〜56時間にわたる侮辱的な取調べは違法〜 ,甲４号証（安部祥太氏意見書）,法学協会編『註解日本国憲法〔上巻〕』(有斐閣、1953年)661頁、團 藤重光『新刑事訴訟法要綱〔7訂版〕』(創文社、1967年)109頁注 6)、酒巻匡『刑事訴訟法〔第2版〕』(有斐閣、2020年) 188頁など。 なお、酒巻
執筆者の業績（引用ではない）,,新型コロナ対策の法政策的処方せん,(信山社、2022年),1,1,I0000119,“コロナ感染者立ち寄りで店名公表”は違法！訴訟【アーカイブ】,【意見書】神戸大学名誉教授・弁護士　阿部泰隆先生,"の理論的・実務的課題一行政訴訟の最前線』(信山社、2021 年) - 55 『新型コロナ対策の法政策的処方せん』(信山社、2022年) - 56 『ひと味違う法学入門改訂版』(信山社,2022年) - 法律学イロハカルタ付き◇"
執筆者の業績（引用ではない）,,新版戸籍と人権,(解放出版社、2006),1,1,I0000131,夫婦別姓も選べる社会へ！訴訟,甲A004_二宮先生意見書（平成23年12月5日）,斐閣、1995) - 共著『離婚判例ガイド[第2版]』(有斐閣、2005) - 『新版 戸籍と人権』(解放出版社、2006) - 『事実婚の判例総合解説』(信山社、2006) - 『家族と法』(岩波新書、2007) -
執筆者の業績（引用ではない）,岡崎文規,日本における優生政策とその結果について,"『人口問題研究』61号,1955.8, p.1. 14 平田勝政「大日本優生会の研究」『",1,1,I0000132,「わたしの体は母体じゃない」訴訟,甲47：国民優生法の制定過程,"の創立」 『民族衛生』1巻1号,1931.3.23, p.95. 13 岡崎文規「日本における優生政策とその結果について」『人口問題研究』61号,1955.8, p.1. 14 平田勝政「大日本優生会の研究」『長崎大学教育学部紀要—教育科学一"
執筆者の業績（引用ではない）,野村真木子,日本における出生前診断の現状と議論の展開,"『中央学術研究所紀要』43号,2014, pp.100-114. 国立国会図書館 調査及",1,1,I0000132,「わたしの体は母体じゃない」訴訟,甲146：旧優生保護法の歴史と問題,"hics and Disability, 2011) - (133) 野村真木子「日本における出生前診断の現状と議論の展開」『中央学術研究所紀要』43号,2014, pp.100-114. 国立国会図書館 調査及び立法考査局 レファレンス 8"
執筆者の業績（引用ではない）,,日本における裁量論の変容,判例時報1933号(2006年),1,1,I0000052,警察庁が保有する秘密個人情報ファイル簿の情報公開訴訟,甲21添付資料1-10,市民に対する行政機関の一般的義務(説明義務)に由来する、と説明する見解もある 「日本における裁量論の変容」判例時報1933号(2006年) 17頁)。(事実関係の型〉と〈行政庁に課 されている一般的義務〉の異同について今後なお
執筆者の業績（引用ではない）,鈴木善次,日本の優生学―その思想と運動の軌跡—,"三共出版, 1983, pp.104-105. 21 鈴木善次『日本の優生学―その思想と",1,1,I0000132,「わたしの体は母体じゃない」訴訟,甲47：国民優生法の制定過程,"『医政八十年史』財団法人印刷局朝陽会, 1955, p.348. 20 鈴木善次『日本の優生学―その思想と運動の軌跡—』三共出版, 1983, pp.104-105. 21 鈴木善次『日本の優生学―その思想と運動の軌跡―』三共出版, 198"
執筆者の業績（引用ではない）,,日本の宗教,(以上、岩波ジ ュニア新書),1,1,I0000123,県知事の公務での護国神社参拝取りやめをー政教分離原則の違反を問うー,甲20-28,"』『国家神道』(以上,岩波新書) 『ほんみち不敬事件』 『教祖』 『世界の宗教』『日本の宗教』(以上、岩波ジ ュニア新書) 慰霊と招魂 1974年9月28日 第1刷発行 2014年7月18日 第6刷発行 むら"
執筆者の業績（引用ではない）,,日本の税金(新版),(岩波新書・新赤版 1359),1,1,I0000152,保育料を経費に！訴訟,甲51：意見書（三木義一　青山学院大学名誉教授）,") 『相続・贈与と税(第1版)』(判例総合解説シリーズ)(信山社・2005年) 『日本の税金(新版)』(岩波新書・新赤版 1359)(岩波書店・2012年) 『日本の納税者』(岩波新書,新赤版1544) (岩波書店・201"
執筆者の業績（引用ではない）,,日本の税金(第1版),(岩波新書・2003年),1,1,I0000152,保育料を経費に！訴訟,甲51：意見書（三木義一　青山学院大学名誉教授）,版)』(有斐閣・2001年) (*第5版から編著にし、現在まで20版、継続中) 『日本の税金(第1版)』(岩波新書・2003年) 『実務家のための税務相談・民法編(第1版)』(共著・有斐閣・2003年) 『日韓国際相続と税-
執筆者の業績（引用ではない）,,日本の税金(第3版),"(岩波新書,新赤版1737)",1,1,I0000152,保育料を経費に！訴訟,甲51：意見書（三木義一　青山学院大学名誉教授）,"2年) 『日本の納税者』(岩波新書,新赤版1544) (岩波書店・2015年) 『日本の税金(第3版)』(岩波新書,新赤版1737)(岩波書店・2018年) などの他、論文や啓蒙書等も多数ある。 25"
執筆者の業績（引用ではない）,,日本の納税者,"(岩波新書,新赤版1544)",1,1,I0000152,保育料を経費に！訴訟,甲51：意見書（三木義一　青山学院大学名誉教授）,"『日本の税金(新版)』(岩波新書・新赤版 1359)(岩波書店・2012年) 『日本の納税者』(岩波新書,新赤版1544) (岩波書店・2015年) 『日本の税金(第3版)』(岩波新書,新赤版1737)(岩波書店・"
執筆者の業績（引用ではない）,,日本の都市法II諸相と動態,(東京大学出版会、2001,1,1,I0000120,神宮外苑を守ろう訴訟｜100年の歴史と3000本超の樹木を未来へ,【訴訟１・東京都訴訟】岩見良太郎氏意見書,構造と展 開』(東京大学出版会、2001年) - 年) 「場所と場の都市計画」『日本の都市法II 諸相と動態』(東京大学出版会、2001 - 「イギリスにおける都市再生とパートナーシップ―――シングル・リゼネレーション・バ ジェッ
執筆者の業績（引用ではない）,藤野豊,日本ファシズムと優生思想,"かもがわ出版, 1998, pp.52-55.",1,1,I0000132,「わたしの体は母体じゃない」訴訟,甲146：旧優生保護法の歴史と問題,"を産 み、社会の負担になる親が断種法の対象とされたという。 - (31) 藤野豊『日本ファシズムと優生思想』かもがわ出版, 1998, pp.52-55. - (32) 平田勝政「日本優生運動史年表(戦前編)―障害者の教育・福祉"
執筆者の業績（引用ではない）,,日本人の対難民意識-メディアの表象・言説・作用,"明石書店. 大隅昇,2006,「インターネット調査の抱える課題と今後の展開」『ESTRE",1,1,I0000128,人種差別的な職務質問をやめさせよう！訴訟｜#STOPレイシャルプロファイリング,甲26（意見書・甲25の分析）,"en.or.jp/?p=951 2025年1月5日確認) 大茂矢由佳,2024,『日本人の対難民意識-メディアの表象・言説・作用』明石書店. 大隅昇,2006,「インターネット調査の抱える課題と今後の展開」『ESTRELA』143 : 2-11. 佐"
執筆者の業績（引用ではない）,,日本人の情報行動2020,(東京大学出版会、2021年、共著),1,1,I0000064,「セックスワークにも給付金を」訴訟 【アーカイブ】,甲117：意見書（辻大介准教授）,主主義——「分断」問題を調査データから検証する』(有斐閣、 2021年、編著)、『日本人の情報行動2020』(東京大学出版会、2021年、共著)、「統計 的因果推論とメディア研究」(『マス・コミュニケーション研究』95号所収論文
執筆者の業績（引用ではない）,大坪寿美子,日本優生学の接点—植物学者山内繁雄を中心にして一,"山崎喜代子編『生命の倫理3 優生政策 の系譜』九州大学出版会, 2013, p.146.",1,1,I0000132,「わたしの体は母体じゃない」訴訟,甲47：国民優生法の制定過程,"紀要第59集)』野間教育研究所, 2018, pp.212- 220、大坪寿美子「日本優生学の接点—植物学者山内繁雄を中心にして一」山崎喜代子編『生命の倫理3 優生政策 の系譜』九州大学出版会, 2013, p.146. 16 人口問題審議会編『人口白"
執筆者の業績（引用ではない）,平田勝政,日本優生運動史年表(戦前編)―障害者の教育・福祉との関連で―,"『長崎大学教育学部紀要.教育科 学』67号,2004.6, pp.21-28.",1,1,I0000132,「わたしの体は母体じゃない」訴訟,甲146：旧優生保護法の歴史と問題,"優生思想』かもがわ出版, 1998, pp.52-55. - (32) 平田勝政「日本優生運動史年表(戦前編)―障害者の教育・福祉との関連で―」『長崎大学教育学部紀要.教育科 学』67号,2004.6, pp.21-28. - (33) 荒川議員は、アメリカに関し"
執筆者の業績（引用ではない）,,日本古代婚姻史の研究上・下,塙書房,1,1,I0000031,結婚の自由をすべての人に訴訟（同性婚訴訟）,加藤秀一先生・意見書,史研究会編『日本女性史論集4 婚姻と女性』吉川弘文館) - 関口裕子 1993 『日本古代婚姻史の研究 上・下』塙書房 - 関口裕子・服藤早苗・長島淳子・早川紀代・浅野富美枝 1998 『家族と結婚の歴史』森 話社 - 田端泰子 1
執筆者の業績（引用ではない）,避するため,日本国憲法の施行に伴う民法の応急的措置に関する法律,(昭 和22年法律第74号),1,1,I0000031,結婚の自由をすべての人に訴訟（同性婚訴訟）,【東京二次・第５回】原告ら第５準備書面　（憲法24条2項の主張について）,・ 相続編中の家制度を体現する諸規定が違憲無効となってしまう事態を回 避するため「日本国憲法の施行に伴う民法の応急的措置に関する法律」(昭 和22年法律第74号)(甲A213)を制定する必要があったこと(甲A 19号証・註解日本国憲法上卷470頁から47
執筆者の業績（引用ではない）,高柳賢三ほか編著,日本国憲法制定の過程Ⅰ[原文と翻訳〕,223頁,1,1,I0000031,結婚の自由をすべての人に訴訟（同性婚訴訟）,安西文雄先生意見書（2024年1月24日）,制定の過程Ⅱ [解説]』169頁(有斐閣、1972 年)。 6 高柳賢三ほか編著『日本国憲法制定の過程Ⅰ [原文と翻訳〕』223頁、225頁(有斐閣、 1972年)。なお、原文については同著222頁、224頁を参照。また、[1]~[4]の 区
執筆者の業績（引用ではない）,高柳賢三ほか編著,日本国憲法制定の過程Ⅱ[解説],169頁,1,1,I0000031,結婚の自由をすべての人に訴訟（同性婚訴訟）,安西文雄先生意見書（2024年1月24日）,「議会」に限らず、こういった総会を認めるわけである。 5 参照、高柳賢三ほか編著『日本国憲法制定の過程Ⅱ [解説]』169頁(有斐閣、1972 年)。 6 高柳賢三ほか編著『日本国憲法制定の過程Ⅰ [原文と翻訳〕』223頁、225頁(有
執筆者の業績（引用ではない）,西修,日本国憲法成立過程の研究,(2004年、成 文堂),1,1,I0000117,立候補年齢引き下げ訴訟,第13準備書面,ion)を経、かつその合意が達成されたときにのみ、発 せられる」(甲B89:西修『日本国憲法成立過程の研究』(2004年、成 文堂)19~20頁)ものとされ、日本国憲法の制定過程にも大きな影響力を 有していた。 同委員会が194
執筆者の業績（引用ではない）,,日本国憲法論第2版,),1,1,I0000159,日本でもマリアージュしたいねん～海外で成立した同性婚の受理を求める裁判～,c260227補充書面14（裁判所は婚姻届受理を命ずべきこと、渋谷秀樹先生意見書に基づく書面）,」という原告らの真の目的は果たされない。 2 佐藤幸治教授は、代表的体系書である『日本国憲法論第2版』)(2020 年、成文堂、甲A406・638頁)においても「司法権と「救済」」という 項を設け、「司法権は、(略)法律関
執筆者の業績（引用ではない）,,日本婦人問題資料集成第二巻政治,1977、ドメス出版,1,1,I0000031,結婚の自由をすべての人に訴訟（同性婚訴訟）,風間孝先生 赤枝香奈子先生 意見書　「同性カップルの権利と異性愛規範」,義に就きて白村氏の戀愛觀を駁す」『黒薔薇』1(復刻版: 2001、不二出版。) 『日本婦人問題資料集成 第二巻 政治』1977、ドメス出版。 37 # 第3章 第2次大戦後の日本社会における異性愛規範及び同性愛認識の変容とその背景 は
執筆者の業績（引用ではない）,,日本学術会議事務局,名義の甲A63号証(4月2日付),1,1,I0000146,「学術会議の独立性」を市民で守ろう ～会員任命拒否理由の情報公開訴訟～,準備書面１１（被告準備書面（１０）を踏まえて）｜2026年6月9日,い。以下、被告の上記主張の誤りを詳述する。 ## (3)甲A63号証の記載内容 「日本学術会議事務局」名義の甲A63号証(4月2日付)1頁には、「会員 候補者111名(改選数105名)の選定に向け作業中」と記載され、2頁の
執筆者の業績（引用ではない）,,日本学術会議事務局長福井,名義の甲A64号証(6月1日付),1,1,I0000146,「学術会議の独立性」を市民で守ろう ～会員任命拒否理由の情報公開訴訟～,準備書面１１（被告準備書面（１０）を踏まえて）｜2026年6月9日,105名に絞ることが明示されている。 ## (4)甲A64号証の記載内容 また、「日本学術会議事務局長福井」名義の甲A64号証(6月1日付)1頁 には、「5月中旬の学術会議内の会員選考委員会で111人の推薦候補者を内定 (非公表
執筆者の業績（引用ではない）,堀口悟郎,日本学術会議問題と学問の自由――研究者の独立という視点から,日本教育法学会年報51号(2022年),1,1,I0000070,「人間を育てる教員に、人間らしい働き方を」訴訟【アーカイブ】,堀口悟郎先生意見書,ル社会と憲法』法学館憲法研究所ウェブサイト(2022年)連載第2回 - 堀口悟郎「日本学術会議問題と学問の自由――研究者の独立という視点から」日本教育法学会年報51号(2022年)60-69頁 - 堀口悟郎「学問の自由論の金字塔――卓越した理論家・高柳信一が遺し
執筆者の業績（引用ではない）,新海輝一,日本母性保護医協会創立当時を顧みて,"日本母性保護医協会『二十周年記念誌』南山堂, 1970, p.152. 34 「国民優生",1,1,I0000132,「わたしの体は母体じゃない」訴訟,甲19：旧優生保護法に基づく優生手術等を受けた者に対する一時金の支給等に関する法律第21条に基づく調査報告書（抜粋）,"れていることが発見され、昭和21年5月以降ソ連占領地域より在留 33 新海輝一「日本母性保護医協会創立当時を顧みて」日本母性保護医協会『二十周年記念誌』南山堂, 1970, p.152. 34 「国民優生法第16條に関する件」(昭和21"
執筆者の業績（引用ではない）,,日本民法の展開(3)判例法の形成〜内縁,広中俊雄・星野英一編『民法典の 百年I全般的観察』(有斐閣、1998),1,1,I0000131,夫婦別姓も選べる社会へ！訴訟,甲A004_二宮先生意見書（平成23年12月5日）,- 「子の氏(名)の変更」民商法雑誌111巻4・5号(1995)641 頁 - 「日本民法の展開 (3) 判例法の形成〜内縁」広中俊雄・星野英一編『民法典の 百年I全般的観察』(有斐閣、1998)341頁 - 「子どもの家事事件手続への参加の保障
執筆者の業績（引用ではない）,,日本考古学・人類学史,"下卷,岩波書店,1955, pp.238-266. (75)",1,1,I0000076,「琉球人のご先祖の遺骨返還を」訴訟【アーカイブ】,甲15,"清野・前掲『古代人骨･･･』 p.119. (74) 清野「第八篇 古墳と迷信」『日本考古学・人類学史』下卷,岩波書店,1955, pp.238-266. (75) 清野・前掲『古代人骨……………..』 pp.115-122"
執筆者の業績（引用ではない）,,日米優生学の連携の一例―ロズウェル・ヒル・ジョンソンー,"山本喜代子編『生命の倫理3 優 生政策の系譜』九州大学出版会, 2013, pp.166",1,1,I0000132,「わたしの体は母体じゃない」訴訟,甲47：国民優生法の制定過程,"年史』財団法人印刷局朝陽会, 1955, p.348. 28 K・J・シャフナー「日米優生学の連携の一例―ロズウェル・ヒル・ジョンソンー」山本喜代子編『生命の倫理3 優 生政策の系譜』九州大学出版会, 2013, pp.166-172. 29 厚生省予防局「"
執筆者の業績（引用ではない）,,日韓国際相続と税-理論・実務・Q&A,(共著・日本加除出版・2005年),1,1,I0000152,保育料を経費に！訴訟,甲51：意見書（三木義一　青山学院大学名誉教授）,年) 『実務家のための税務相談・民法編(第1版)』(共著・有斐閣・2003年) 『日韓国際相続と税-理論・実務・Q&A』(共著・日本加除出版・2005年) 『相続・贈与と税(第1版)』(判例総合解説シリーズ)(信山社・2005年) 『日本の
執筆者の業績（引用ではない）,,明治の結婚明治の離婚:家庭内ジェンダーの原点,角川学芸出版 # 執筆者略歴 ## 職歴,1,1,I0000031,結婚の自由をすべての人に訴訟（同性婚訴訟）,加藤秀一先生・意見書,2014 「武家のジェンダー」(大口他編 2014) - 湯沢雍彦 2005 『明治の結婚 明治の離婚:家庭内ジェンダーの原点』角川学芸出版 # 執筆者略歴 ## 職歴 - 1992年3月 東京大学社会学研究科Aコース単位取得退学 - 1992年
執筆者の業績（引用ではない）,,明治大学社会科学研究所紀要,第46卷第2 号(2008年),1,1,I0000136,地域による報酬格差は違憲！裁判官の独立と良心を守る訴訟,甲33号証｜科学研究費補助金研究成果報告書,西川伸一「司法官僚の経歴的資源一司法官 僚に関する実体的研究の一事例として〜」 『明治大学社会科学研究所紀要』第46卷第2 号(2008年)49-73頁、査読有。 - ⑥西川伸一「安倍首相は集団的自衛権行使に 舵を切るのか」 『も
執筆者の業績（引用ではない）,福沢諭吉,時事小言,(1881年),1,1,I0000132,「わたしの体は母体じゃない」訴訟,甲47：国民優生法の制定過程,"動の軌跡——第2巻優生学の祖ゴルトンの著作』クレス出版,2010) 2 福沢諭吉「時事小言」(1881年)『福澤全集第5巻』pp.402-407.(鈴木善次編『日本の優生学資料選集―その思想 と運動の軌跡―第1巻"
執筆者の業績（引用ではない）,,最新憲法資料集——年表・史料・判例解説,辻村みよ子編著、信山社、2018年 『憲法研究・第2号、世界の憲法変動と民主主義』 辻,1,1,I0000131,夫婦別姓も選べる社会へ！訴訟,甲A014_辻村先生意見書（令和2年3月26日）,治・愛敬浩二編、2018年3月、 日本評論社 [座談会、あとがき〕、2018年 『最新憲法資料集——年表・史料・判例解説』 辻村みよ子編著、信山社、2018年 『憲法研究・第2号、世界の憲法変動と民主主義』 辻村みよ子責任編集、2018年5月
執筆者の業績（引用ではない）,,有事法制と憲法上の権利,『工学院大学研究論叢41巻2号』 (2004年),1,1,I0000141,要件を満たす島民の請求を市長が拒否！石垣島住民投票の権利を問う裁判【アーカイブ】,甲第41号証、意見書-自治体と民主制に関する憲法の規範構造-名古屋学院大・飯島滋明｜2024年（上告条件上告受理申立書提出の後）,きました」「9条にノーベル平和賞を」「あとが き」の執筆を担当。 【論文】 - 「有事法制と憲法上の権利」『工学院大学研究論叢41巻2号』 (2004年) - 「有事関連7法と憲法」『工学院大学研究論叢42巻1号』(2 004
執筆者の業績（引用ではない）,,有事関連7法と憲法,『工学院大学研究論叢42巻1号』(2 004年),1,1,I0000141,要件を満たす島民の請求を市長が拒否！石垣島住民投票の権利を問う裁判【アーカイブ】,甲第41号証、意見書-自治体と民主制に関する憲法の規範構造-名古屋学院大・飯島滋明｜2024年（上告条件上告受理申立書提出の後）,「有事法制と憲法上の権利」『工学院大学研究論叢41巻2号』 (2004年) - 「有事関連7法と憲法」『工学院大学研究論叢42巻1号』(2 004年) - 「なぜ「地方自治」が重要なのか―川崎市市民オンブズマンの 活動に焦
執筆者の業績（引用ではない）,積んだ,有能な,裁判官が東京高裁部総括に集められ 69 法学研究93巻1号(2020:1),1,1,I0000136,地域による報酬格差は違憲！裁判官の独立と良心を守る訴訟,甲30号証｜口頭裁判所部総括判事の人事をめぐる一考察,中六〇人 (15) を占める。すなわち、司法行政ポストの勤務経験を豊富 に積んだ「有能な」裁判官が東京高裁部総括に集められ 69 法学研究93巻1号(2020:1) 高裁管内 東京 知
執筆者の業績（引用ではない）,生徒とのやりとりを含めて,未来をはじめる:「人と一緒にいること,の政治学』 (東京大学出版会),1,1,I0000146,「学術会議の独立性」を市民で守ろう ～会員任命拒否理由の情報公開訴訟～,甲B52 陳述書（宇野重規）,てきました。また都内の高校で政治学をめぐる講義を行 い、生徒とのやりとりを含めて『未来をはじめる:「人と一緒にいること」の政治学』 (東京大学出版会)という本も刊行しています。 (2)任命拒否後 日本学術会議会員の任命拒否以後も、私の研究
執筆者の業績（引用ではない）,,未来志向の憲法論,"(ドイツ憲法判例研究会編,信山社)",1,1,I0000151,「18歳未満にも選挙で応援する自由を」訴訟,甲４２：門田孝教授の意見書,"集』(石川明編集代表,信山社) 「EC 環境法と国内法」『未来志向の憲法論』(ドイツ憲法判例研究会編,信山社) 2002年:「欧州人権条約と『評価の余地』の理論」『EU 法"
執筆者の業績（引用ではない）,法制執務・法令用語研究会,条文の読み方(第2版),(有斐閣、令和3年),1,1,I0000071,コロナ禍、日本社会の理不尽を問う（コロナ特措法違憲訴訟）【アーカイブ】,甲第５９号証：曽我部真裕先生　意見書,の施設を対象とすることが適当であ る」とされた?。 5 法制執務・法令用語研究会『条文の読み方(第2版)』(有斐閣、令和3年)94頁。 6厚生労働省「改正健康増進法の施行に関するQ&A」(平成31年4月26日公表〔最 終改正:
執筆者の業績（引用ではない）,,条解行政事件訴訟法〔第4版〕,弘文堂(2014年),1,1,I0000111,日米同性カップル在留資格訴訟  〜家族そろって日本で暮らすために〜【アーカイブ】,甲１６３興津征雄教授意見書,り、当該処分の無効確認を求める訴えの利益も依然と 8 筆者は、南博方(原編著)『条解 行政事件訴訟法〔第4版〕』弘文堂(2014年)682頁[興津] においては、「同一人の同一の法律関係(法的地位)を規律する処分甲 [本文の例では先
執筆者の業績（引用ではない）,伊藤教授が伊藤隆・福井義高・江崎道朗,東京裁判史観戦勝国の「戦争責任,を問え!」『歴史通』第46巻(ワック、2017年1月、74~87頁,1,1,I0000146,「学術会議の独立性」を市民で守ろう ～会員任命拒否理由の情報公開訴訟～,甲B55 陳述書（加藤陽子）,体について私が申し上げることはありませんが、伊藤教授が伊藤隆・福井義高・江崎道朗「東京裁判史観戦勝国の「戦争責任」を問え!」『歴史通』第46巻(ワック、2017年1月、74~87頁)の鼎談の中で私を論じて、私が「新左翼」へと回帰してい
執筆者の業績（引用ではない）,子・山元一編著,概說憲法コンメンタール,157頁,1,1,I0000031,結婚の自由をすべての人に訴訟（同性婚訴訟）,【東京・第１０回】原告ら最終準備書面,れるべきことを立法府の義務とするものであり(甲A425・辻村みよ 子・山元一編著『概說 憲法コンメンタール』157頁(信山社、201 8)〔糠塚康江〕、立法府を厳格に規律統制する規定である。すなわち、 戦前、日本では、個人よりも
執筆者の業績（引用ではない）,,概説ジェンダーと法――人権論の視点から学ぶ,信山社、2013年(第2版2016年),1,1,I0000131,夫婦別姓も選べる社会へ！訴訟,甲A014_辻村先生意見書（令和2年3月26日）,012年 ☆ 『人権をめぐる十五講――現代の難問に挑む』岩波書店、2013年 ☆『概説 ジェンダーと法――人権論の視点から学ぶ』信山社、2013年(第2版2016年) ☆ 『比較のなかの改憲論』(岩波新書)岩波書店、2014年 ☆ 『選挙権と国民主
執筆者の業績（引用ではない）,,権力分立の諸相,(南窓社、1999),1,1,I0000123,県知事の公務での護国神社参拝取りやめをー政教分離原則の違反を問うー,甲42 小泉良幸「信教の自由と政教分離」,単位取得満期退学 現在 慶應義塾大学法学部・大学院法務研究科教授 【主要著作] 『権力分立の諸相』(南窓社、1999) 「ジャーナリズムの法理」 (嵯峨野書院、2001) 論点探究 憲法 平成17年7月30日 初版1
執筆者の業績（引用ではない）,,横滑り,が多 「格上」への 三人である,1,1,I0000136,地域による報酬格差は違憲！裁判官の独立と良心を守る訴訟,甲30号証｜口頭裁判所部総括判事の人事をめぐる一考察,けて二回就いた 福岡に間隔をあ 動もみられる。 「格下」への異 いが、「同格」 「横滑り」が多 「格上」への 三人である。 支部から本庁へ 高松一人、宮崎 人、広島三人、 二人、名古屋一 79 法学研究93巻
執筆者の業績（引用ではない）,興津征雄,正統性の構造分析——行政国家の正統性を手がかりに,太田匡彦=山本隆司編『行 政法の基礎理論』(日本評論社、2023年),1,1,I0000064,「セックスワークにも給付金を」訴訟 【アーカイブ】,甲121：意見書（興津教授・堀澤准教授）,―行政訴訟の機能と構造』(弘文堂、2010: ・論文(直近のもののみ) 興津征雄「正統性の構造分析——行政国家の正統性を手がかりに」太田匡彦=山本隆司編『行 政法の基礎理論』(日本評論社、2023年)82~104頁 興津征雄「〈行政処分は取り消されるま
執筆者の業績（引用ではない）,,歴史通,第46巻(ワック、2017年1月、74~87頁,1,1,I0000146,「学術会議の独立性」を市民で守ろう ～会員任命拒否理由の情報公開訴訟～,甲B55 陳述書（加藤陽子）,伊藤教授が伊藤隆・福井義高・江崎道朗「東京裁判史観戦勝国の「戦争責任」を問え!」『歴史通』第46巻(ワック、2017年1月、74~87頁)の鼎談の中で私を論じて、私が「新左翼」へと回帰していった、と述べておられ
執筆者の業績（引用ではない）,齋藤有紀子編著,母体保護法とわたしたち―中絶・多胎減数・不妊手術をめぐる制度と社会―,"明石書店,2002, p.53、松原洋子「戦 時下の断種法論争—精神科医の国民優生法批判",1,1,I0000132,「わたしの体は母体じゃない」訴訟,甲47：国民優生法の制定過程,",2002, p.192、同「国民優生法・優生保護法と精神科医」齋藤有紀子編著 『母体保護法とわたしたち―中絶・多胎減数・不妊手術をめぐる制度と社会―』明石書店,2002, p.53、松原洋子「戦 時下の断種法論争—精神科医の国民優生法批判―」『現代思想』26巻2号,19"
執筆者の業績（引用ではない）,瀬木三雄,母性保護からみた産児制限,"安藤画一編『産児制限の研究』日本臨床社, 1947, pp.193-194.(『編集復刻",1,1,I0000132,「わたしの体は母体じゃない」訴訟,甲19：旧優生保護法に基づく優生手術等を受けた者に対する一時金の支給等に関する法律第21条に基づく調査報告書（抜粋）,"堕胎禁止と優生保護法』経営者科学協会, 1967, p.157. 32 瀬木三雄「母性保護からみた産児制限」安藤画一編『産児制限の研究』日本臨床社, 1947, pp.193-194.(『編集復刻 版性と生殖の人権問題資料集成"
執筆者の業績（引用ではない）,,比較のなかの改憲論,(岩波新書),1,1,I0000131,夫婦別姓も選べる社会へ！訴訟,甲A014_辻村先生意見書（令和2年3月26日）,ンダーと法――人権論の視点から学ぶ』信山社、2013年(第2版2016年) ☆ 『比較のなかの改憲論』(岩波新書)岩波書店、2014年 ☆ 『選挙権と国民主権――政治を市民の手に取り戻すために』日本評論社、2015年 ☆
執筆者の業績（引用ではない）,,比較憲法,岩波書店、2003年(新版2013年、第3版2018年),1,1,I0000131,夫婦別姓も選べる社会へ！訴訟,甲A014_辻村先生意見書（令和2年3月26日）,主権の可能性――21世紀の憲法・デモクラシー・ジェンダー』有信堂、2002年 ☆『比較憲法』岩波書店、2003年(新版2013年、第3版2018年) ☆ 『ジェンダーと法』不磨書房、2005年(第2版2010年)
執筆者の業績（引用ではない）,河村浩,民事裁判の基礎理論・法的判断の構造分析(2下・完),判例時報2149号(2012),1,1,I0000132,「わたしの体は母体じゃない」訴訟,甲143：小川意見書,伊藤滋夫『要件事実の基礎〔新版〕』(有斐閣、2015)320頁。 38 河村浩「民事裁判の基礎理論・法的判断の構造分析(2下・完)」判例時報2149号(2012)26頁。 点は、本事案との関係では特に重要である。なぜなら6で論証するように、本法の目的
執筆者の業績（引用ではない）,,民法7親族・相続,有斐閣アルマ第6版(2020),1,1,I0000129,「共働き妻を亡くした夫にも遺族年金を」訴訟,甲11　東京大学　笠木映里先生　意見書（社会保障法）,」55 巻1・2号(2021)74頁。 28 高橋朋子・床谷文雄・棚村政行(著)『民法7 親族・相続』有斐閣アルマ第6版(2020) 235頁。 うなレベルのものではないと思われることである。すなわち、遺族の所得水準を問
執筆者の業績（引用ではない）,,民法案内1私法の道しるべ(第2版),(勁草書房、 2013年),1,1,I0000031,結婚の自由をすべての人に訴訟（同性婚訴訟）,清末愛砂先生・立石直子先生「憲法24条が要請する同性婚の法制化に関する意見書」,族および家族法2』(岩波書店、1986年)7頁。 5我妻榮[遠藤浩・川井健補訂〕『民法案内1 私法の道しるべ (第2版)』(勁草書房、 2013年)78頁。 ・ベアテ・シロタ・ゴードン(平岡磨紀子 〔構成・文〕) 『1945年のクリスマス一日
執筆者の業績（引用ではない）,大村敦志・道垣内弘人・森田宏樹・山本敬三,民法研究ハンドブック,119 頁,1,1,I0000031,結婚の自由をすべての人に訴訟（同性婚訴訟）,大野友也先生 意見書 ※憲法14条1項（法の下の平等）についての意見書,pAWZaSqlUUbvo >。 64 大村敦志・道垣内弘人・森田宏樹・山本敬三『民法研究ハンドブック』119 頁 (有斐閣、2000年)では、他者の学説の理解につき「自分に都合のよいように 既存の学説を曲解するのでは、批判
執筆者の業績（引用ではない）,,気骨の判決,"新潮新書,67頁",1,1,I0000136,地域による報酬格差は違憲！裁判官の独立と良心を守る訴訟,甲32号証｜全国地家裁所長の人事パターンの制度可に関する一考察ーその経歴的資源に着目してー（II）,"手柄と心得るなどは判事の仕事になんたるかを知らぬものなり。」清永聡(2008) 『気骨の判決』新潮新書,67頁。司法省が裁判所の予算と人事を握り、司法の独立が未確立だった時代にも、このような高潔な現場主義の裁判官が"
執筆者の業績（引用ではない）,名嘉真宜勝・恵原義盛共著,沖縄・奄美の葬送墓制,明玄書房 名嘉真宜勝 1999 『沖縄の人生儀礼と墓」 沖縄文化社 宮城文,1,1,I0000076,「琉球人のご先祖の遺骨返還を」訴訟【アーカイブ】,甲39,」榕樹書林 名嘉真宜勝 1979 「沖縄県の葬送・墓制」名嘉真宜勝・恵原義盛共著『沖縄・奄美の葬送墓制』明玄書房 名嘉真宜勝 1999 『沖縄の人生儀礼と墓」 沖縄文化社 宮城文 1972『八重山生活誌」 沖縄タイムス社 3
執筆者の業績（引用ではない）,論文,法的権利を獲得してゆくLGBT――札幌、台湾での成功,世界897号(2017年),1,1,I0000090,司法の独立を脅かす岡口裁判官の罷免訴追に反対します！【アーカイブ】,意見書（鈴木賢）,前後2000年以降』第9巻(岩波書店、2016年)333~345頁 - 8 論文「法的権利を獲得してゆくLGBT――札幌、台湾での成功」世界897号(2017年) 34~37頁 - 9 論文「台湾における婚姻平等化からの示唆」法学教室742号(2020
執筆者の業績（引用ではない）,,法科大学院ケースブック憲法,(共編著),1,1,I0000123,県知事の公務での護国神社参拝取りやめをー政教分離原則の違反を問うー,甲43 浦部法穂『憲法学教室　全訂第２版』,"著)(法律文化社,2002,1989年) 「憲法の本』(共栄書房,2005年) 『法科大学院ケースブック憲法』(共編著)(日本評論社,2005年) けんぼうがくきょうしつ 憲法学教室(全訂第2版)"
執筆者の業績（引用ではない）,,法解釈の体系性,國學院法学62巻1号(2024),1,1,I0000132,「わたしの体は母体じゃない」訴訟,甲143：小川意見書,6年(2024年)4月3日判決)を読む」國學院法学63巻 2号(2025) - 「法解釈の体系性」國學院法学62巻1号(2024) - 「司法が個人の痛みを認めないとき:憲法と取消訴訟の原告適格論」法学教室522号(2
執筆者の業績（引用ではない）,,注解法律学全集・憲法I・II・III・IV,(共著),1,1,I0000123,県知事の公務での護国神社参拝取りやめをー政教分離原則の違反を問うー,甲43 浦部法穂『憲法学教室　全訂第２版』,"(有斐閣,1991年) 『「憲法改正」批判』(共著)(労働旬報社,1994年) 『注解法律学全集・憲法I・II・III・IV』(共著)(青林書院,1994, 1997,1998年,2004年) 「ドキュメント「日本国憲法」』(共編著) (日本評論"
執筆者の業績（引用ではない）,,注解法律学全集・憲法I・II・II・IV,(共著),1,1,I0000141,要件を満たす島民の請求を市長が拒否！石垣島住民投票の権利を問う裁判【アーカイブ】,甲32号証、憲法学教室全訂第２版(抜粋)｜2022年（準備書面３の後）,"(有斐閣,1991年) 【「憲法改正」批判」(共著)(労働旬報社,1994年) 『注解法律学全集・憲法I・II・II・IV」(共著)(青林書院,1994, 1997,1998年,2004年) 「ドキュメント「日本国憲法」』(共編著)(日本評論社"
執筆者の業績（引用ではない）,,注釈憲法(1),(共編著),1,1,I0000123,県知事の公務での護国神社参拝取りやめをー政教分離原則の違反を問うー,甲43 浦部法穂『憲法学教室　全訂第２版』,",1998年) 「入門憲法ゼミナール [改訂版]』(実務教育出版,1999年) 『注釈憲法(1)』(共編著)(有斐閣,2000年) 「いま、憲法学を問う』 (共編著)(日本評論社,2001年) 『現代憲法講義1〔第3版"
執筆者の業績（引用ではない）,高田裕成ほか編,注釈民事訴訟法第4巻,(有 斐閣、2017年),1,1,I0000053,鬼怒川大水害訴訟,上告受理申立理由書　20251128,る場合には、裁判所はその額を損害額と して認定すべきものと解され(高田裕成ほか編『注釈民事訴訟法第4巻』(有 斐閣、2017年)1042頁[山本和彦])、合理的算定説が通説になってい る。 #### (3)立証のあり方(一応
執筆者の業績（引用ではない）,谷誠編著,注釈警察官職務執行法〔五訂版〕,(立花書房、令和3年),1,1,I0000165,「ヒグマハンターの猟銃を取り戻す」訴訟【アーカイブ】,上告受理申立理由書 2024年12月19日,て」(平24・4・12警察庁丁保発43ほか)記1(3)、古谷洋一=入 谷誠編著『注釈警察官職務執行法〔五訂版〕』(立花書房、令和3年)31 8頁参照)、実際には、このような措置命令が発せられることは殆ど皆無で あり、襲われる危険から
執筆者の業績（引用ではない）,,浦部法穂先生古稀記念・憲法理論とその展開,"(門田孝=井上典之編 著,信山社)",1,1,I0000151,「18歳未満にも選挙で応援する自由を」訴訟,甲４２：門田孝教授の意見書,"上典之編著,有斐閣) *2022年:第2版,「人権保障の総論」担当 2017年:『浦部法穂先生古稀記念・憲法理論とその展開』(門田孝=井上典之編 著,信山社) *「裁判所による憲法解釈の『視点』に関する一考察:2013年婚外子法定相続分 規定違"
執筆者の業績（引用ではない）,,消費者が享受した債務免除益にどこまで課税すべきか?,税大 ジャーナル 36 号(2024年),1,1,I0000152,保育料を経費に！訴訟,甲50：意見書（藤間大順　神奈川大学准教授）,"ル化における納税協力の変容と諸課題」租税法研究 53号 (2025年)24 頁,「消費者が享受した債務免除益にどこまで課税すべきか?」税大 ジャーナル 36 号(2024年)59頁,「個人間の贈与(みなし贈与を含む)と所得税 法9条1項16号」税法学 5"
執筆者の業績（引用ではない）,早津裕貴,混合組合に対する組合事務所の供与に関連した団体交渉の拒否と不当労働行為の成否,中央労働時報1308号(2023年),1,1,I0000116,「会計年度任用職員にも労働基本権を！」訴訟,書証（甲２６）_意見書 ※期日において甲２７と訂正,横断的対話に向けて」法律時報95巻8号(2023年)74- 77頁 - 早津裕貴「混合組合に対する組合事務所の供与に関連した団体交渉の拒否と不当労働行為の成 否」中央労働時報1308号(2023年)12-20頁 - 早津裕貴「公務員の団体交渉権保障・再考」季刊労働法287号(202
執筆者の業績（引用ではない）,新堂幸司編著,特別抗議民事訴訟法,(有斐閣、1988),1,1,I0000132,「わたしの体は母体じゃない」訴訟,甲143：小川意見書,されたが、その後、同 「「訴訟カ裁判ヲ為スニ熟スルトキ」 について」新堂幸司編著『特別抗議民事訴訟法』 (有斐閣、1988) 432頁で法律構成や争点形成も含むものと拡張されている。 34 以下のような判決理由があったとし
執筆者の業績（引用ではない）,,現代司法の構造と思想,(日本評論社、一九七三年),1,1,I0000049,レペタ訴訟【アーカイブ】,甲13：小田中聰樹「裁判と国民ー裁判の公開を中心に」（法律時報）,る若干の疑問」社会科学の方法一九八〇年五月号を参照せよ。また、の点については拙著『現代司法の構造と思想』(日本評論社、一九七三年)二五二頁以下、◎の点については拙著『現代刑事訴訟法論』(勁草書房、一九七七年)三三九頁以下を、
執筆者の業績（引用ではない）,編集代表,現代家族法講座全5巻,(日本評論社、2020、2021),1,1,I0000031,結婚の自由をすべての人に訴訟（同性婚訴訟）,二宮周平先生 追加意見書,ュアリティが大切 にされる社会を目指して』(日本評論社、2017) - 編集代表『現代家族法講座 全5巻』(日本評論社、2020、2021) - 論文「日本民法の展開(3) 判例の法形成~内縁」広中俊雄・星野 英一編『民法典の
執筆者の業績（引用ではない）,,現代憲法講義1〔第3版〕・2,(共著),1,1,I0000123,県知事の公務での護国神社参拝取りやめをー政教分離原則の違反を問うー,甲43 浦部法穂『憲法学教室　全訂第２版』,"閣,2000年) 「いま、憲法学を問う』 (共編著)(日本評論社,2001年) 『現代憲法講義1〔第3版〕・2』(共著)(法律文化社,2002,1989年) 「憲法の本』(共栄書房,2005年) 『法科大学院ケースブック憲法』(共編"
執筆者の業績（引用ではない）,渡辺洋三・利谷信義編,現代日本の法思想,(日本評論社、一九七二年),1,1,I0000049,レペタ訴訟【アーカイブ】,甲13：小田中聰樹「裁判と国民ー裁判の公開を中心に」（法律時報）,」については、機会をえて論じてみたいと考えている。 (4) 渡辺洋三・利谷信義編『現代日本の法思想』(日本評論社、一九七二年)四三四頁の小田中の発言を参照せよ。 (5) 田中耕太郎「裁判と世論」、同「裁判批判の批判」(以
執筆者の業績（引用ではない）,,現代日本の祖先崇拝文化人類学からのアプローチ,前山隆訳 お茶の水書房 高良倉吉 1989 「歴史としての墓」 「シンポジウム南島の墓,1,1,I0000076,「琉球人のご先祖の遺骨返還を」訴訟【アーカイブ】,甲39,"列島における死霊祭祀の構造』 第一書房 スミス, R.J 1996 (1974)『現代日本の祖先崇拝 文化人類学からのアプローチ」 前山隆訳 お茶の水書房 高良倉吉 1989 「歴史としての墓」 「シンポジウム南島の墓 沖縄の葬制・墓制』沖縄出版 谷"
執筆者の業績（引用ではない）,主な研究業績,現代税法と人権,(勁草書房1992年*学位論文集),1,1,I0000152,保育料を経費に！訴訟,甲51：意見書（三木義一　青山学院大学名誉教授）,月~2024年8月 東京女子医科大学第三者委員会委員 24 主な研究業績 『現代税法と人権』(勁草書房1992年*学位論文集) 『受益者負担制度の法的研究』(信山社・1995年) (*藤田賞及び日本不動産学会著作
執筆者の業績（引用ではない）,,琉球列島における死霊祭祀の構造,"第一書房 スミス, R.J 1996 (1974)",1,1,I0000076,「琉球人のご先祖の遺骨返還を」訴訟【アーカイブ】,甲39,"2000 『沖縄県墓地公園整備基本方針」沖縄県福祉保健部 酒井卯作 1987 『琉球列島における死霊祭祀の構造』 第一書房 スミス, R.J 1996 (1974)『現代日本の祖先崇拝 文化人類学からのアプローチ」 前山隆訳 お茶の"
執筆者の業績（引用ではない）,,環境と公害,(岩波書店),1,1,I0000121,神戸石炭訴訟｜気候変動と大気汚染を防ぐため、石炭火力発電所新設は取り消しを！【アーカイブ】,甲C第１０２号証【意見書】コベルコパワー神戸第二・石炭火力発電所に関する意見書｜龍谷大学　大島堅一｜2020年8月10日,ng Research Fellow その他 - 環境経済・政策学会理事 - 『環境と公害』(岩波書店)編集委員 - 日本環境会議事務局長 - 関西広域連合協議会委員 - 静岡県原子力経済性等検討会委員 - 総合
執筆者の業績（引用ではない）,,環境法,(成文堂、2023年),1,1,I0000053,鬼怒川大水害訴訟,上告受理申立理由書　20251128,書 『裁判例にみる自転車事故の損害賠償』(保険毎日新聞社、2022年)(共著) 『環境法』(成文堂、2023年)(共編著) 『デジタル資産とアバターの民事法』(商事法務、2025年)(共著) 主要論文 「環境公
執筆者の業績（引用ではない）,伊藤滋夫,環境法の要件事実,(日本評論社、2009年),1,1,I0000052,警察庁が保有する秘密個人情報ファイル簿の情報公開訴訟,甲21：鑑定意見書（弁護士三宅弘）,行政機関側が負担する。本項で述べた行政法における要件事実論は、既に、 伊藤滋夫『環境法の要件事実』(日本評論社、2009年)において研究さ れており、情報公開法5条3号及び4号の不開示情報の解釈適用の参考と なるところ
執筆者の業績（引用ではない）,,監視社会と公文書管理—森友問題とスノーデン・ショックを超えて,(花 伝社、2018年),1,1,I0000052,警察庁が保有する秘密個人情報ファイル簿の情報公開訴訟,甲21：鑑定意見書（弁護士三宅弘）,法科大学院 ― 実務教育と債権法改正・情報法制の研究』(花伝社、201 6年) 『監視社会と公文書管理 — 森友問題とスノーデン・ショックを超えて』(花 伝社、2018年) 「行政情報公開訴訟における検証物提示命令の可否」(民商法雑誌第140巻 第6号、2009年)
執筆者の業績（引用ではない）,,相続・贈与と税(第1版),(判例総合解説シリーズ),1,1,I0000152,保育料を経費に！訴訟,甲51：意見書（三木義一　青山学院大学名誉教授）,) 『日韓国際相続と税-理論・実務・Q&A』(共著・日本加除出版・2005年) 『相続・贈与と税(第1版)』(判例総合解説シリーズ)(信山社・2005年) 『日本の税金(新版)』(岩波新書・新赤版 1359)(岩波書店・2012
執筆者の業績（引用ではない）,単著,知らないと恥ずかしいジェンダー入門,(朝日新聞社、2006),1,1,I0000031,結婚の自由をすべての人に訴訟（同性婚訴訟）,加藤秀一先生・意見書,は何をもたらしたか:性道徳と優生思想の百年間』(筑摩書房、 2004) - 単著『知らないと恥ずかしいジェンダー入門』(朝日新聞社、2006) - 単著『〈個〉からはじめる生命論』(NHK出版、2007) - 単著『はじめてのジェンダー論
執筆者の業績（引用ではない）,,石原都政の検証,(青木書店、2007年),1,1,I0000120,神宮外苑を守ろう訴訟｜100年の歴史と3000本超の樹木を未来へ,【訴訟１・東京都訴訟】岩見良太郎氏意見書,論への招待』(八千代出版、2005年) - 「東京都市再生――その戦略と矛盾」『石原都政の検証』(青木書店、2007年) - 『豊洲新市場・オリンピック村開発の「不都合な真実」』(自治体研究社、2017年) - 『住
執筆者の業績（引用ではない）,,石川県における公文書等の管理と課題,北陸史學68号47頁,1,1,I0000146,「学術会議の独立性」を市民で守ろう ～会員任命拒否理由の情報公開訴訟～,甲A87 意見書（早川和宏）,治体の公文書管理~実際にあった自治体からの質問36』(令和元年・第一法規) - 「石川県における公文書等の管理と課題」北陸史學68号47頁~63頁(令和2年・北陸史学会) - 「公文書等の適正な管理と公開を通じた公権力作用統制の意義と課題
執筆者の業績（引用ではない）,,社会学年誌,57号(2016年),1,1,I0000085,「人種差別を許さない」訴訟　～警察官による母子の不当聴取と個人情報の漏洩～,甲３１　意見書（大阪公立大学大学院准教授明戸隆浩）,ナリズムと排外主義のあいだ――90 年代以降の日本 における「保守」言説の転換」『社会学年誌』57号(2016年) 「分極化時代におけるイデオロギー研究の射程——政治意識 の社会学のために」『応用社会学研究』63号
執筆者の業績（引用ではない）,ステイン,社会科学をひらく,"藤原書店,1996;同 『入門・世界システム分析』 藤原書店,2006",1,1,I0000076,「琉球人のご先祖の遺骨返還を」訴訟【アーカイブ】,甲15,"・主体・歴史』以文社, 1999。近代学問の分化については、ウォーラーステイン 『社会科学をひらく』藤原書店,1996;同 『入門・世界システム分析』 藤原書店,2006。なお、哲学を中心とした人文学は、はじめ神学から自"
執筆者の業績（引用ではない）,二文字理明・椎木章編著,福祉国家の優生思想―スウェーデン発強制不妊手術報道―,"明石書店, 2000, pp.11-24 に邦訳が掲載されている",1,1,I0000132,「わたしの体は母体じゃない」訴訟,甲146：旧優生保護法の歴史と問題,"と社会―』明石書店,2002, p.21. - (85) 二文字理明・椎木章編著『福祉国家の優生思想―スウェーデン発強制不妊手術報道―』明石書店, 2000, pp.11-24 に邦訳が掲載されている。 - (86) 「劣った人を一掃 6万人に強制不妊手術"
執筆者の業績（引用ではない）,,租税法への提言・挑戦,(信山社、2023年),1,1,I0000119,“コロナ感染者立ち寄りで店名公表”は違法！訴訟【アーカイブ】,【意見書】神戸大学名誉教授・弁護士　阿部泰隆先生,の改訂版) - 57 『政策法学の理論と実践』(信山社、2022年) - 58 『租税法への提言・挑戦』(信山社、2023年) - 59 『行政法学の変革と希望 阿部傘寿』(信山社、2023年) 編著・共著・論文などは h
執筆者の業績（引用ではない）,,移民政策と市民権:EU、日本、伝統的な移民国家,公法研究64号112-124頁,1,1,I0000135,難民帰化訴訟〜真に社会の一員へ〜,甲36・意見書,指数(MIPEX) 等にみる日本の課題と展望) 移民政策研究14号9-22 頁、「移民政策と市民権: EU、日本、伝統的な移民国家」公法研究64号112-124頁、「人 権の融合的保障:「実効的権利救済」のための憲法解釈の新たな可能性」名城法学 74巻
執筆者の業績（引用ではない）,,移民法制と外国人の人権保障:多文化共生時代における憲法学,公法研究82号184-194 頁,1,1,I0000111,日米同性カップル在留資格訴訟  〜家族そろって日本で暮らすために〜【アーカイブ】,近藤敦教授意見書（添付資料）,ティア』、『Migration Policies in Asia』、論文として 「移民法制と外国人の人権保障:多文化共生時代における憲法学」公法研究82号184-194 頁、「出入国管理と外国人の人権: 国内法の人権条約適合的解釈に向けて」国際人権32号 37
執筆者の業績（引用ではない）,,稅務行政のデジタル化における納税協力の変容と諸課題,租税法研究 53号 (2025年),1,1,I0000152,保育料を経費に！訴訟,甲50：意見書（藤間大順　神奈川大学准教授）,"=三木義一監修『典型契約の税法務』(日本加除出版,2018年,共著) [論文]「稅務行政のデジタル化における納税協力の変容と諸課題」租税法研究 53号 (2025年)24 頁,「消費者が享受した債務免除益にどこまで課税すべきか?」税大 ジャーナル 36"
執筆者の業績（引用ではない）,谷口勢津夫,税法基本講義[第8版],"(弘文堂,2025年)",1,1,I0000152,保育料を経費に！訴訟,甲50：意見書（藤間大順　神奈川大学准教授）,"』 (成文堂,2018年)127 頁[初出:2016年]参照。 23 谷口勢津夫『税法基本講義[第8版]』(弘文堂,2025年)348~349 頁参照。 9 旨に沿い24,文理から逸脱しないように所稅 37 条該当性=所税4"
執筆者の業績（引用ではない）,,立法院の権限に対する過度な介入にならないか、疑問が残る,との指摘 もある,1,1,I0000031,結婚の自由をすべての人に訴訟（同性婚訴訟）,鈴木賢先生 意見書　※台湾で施行された同性間の婚姻に関わる法律について,を同性カップルに準用させているわけでは ないのである。 15 この点については「立法院の権限に対する過度な介入にならないか、疑問が残る」との指摘 もある。松井直之「台湾における同性婚の憲法適合性」比較憲法学研究31号(2019年)88頁 参照。 13 5
執筆者の業績（引用ではない）,堀口悟郎,第7条2項(大学の自主性・自律性),日本教育法学会編『コンメンタール教育基本法』(学陽書房、2021年),1,1,I0000070,「人間を育てる教員に、人間らしい働き方を」訴訟【アーカイブ】,堀口悟郎先生意見書,ーバル化のなかで考える憲法』(弘文堂、2021年)361-376頁 - 堀口悟郎「第7条2項(大学の自主性・自律性)」日本教育法学会編『コンメンタール教育基本法』(学陽書房、2021年)233-244頁 - 堀口悟郎「教育を受ける権利への
執筆者の業績（引用ではない）,清野,第八篇古墳と迷信,"『日本考古学・人類学史』下卷,岩波書店,1955, pp.238-266. (75)",1,1,I0000076,「琉球人のご先祖の遺骨返還を」訴訟【アーカイブ】,甲15,".297. (73) 清野・前掲『古代人骨･･･』 p.119. (74) 清野「第八篇 古墳と迷信」『日本考古学・人類学史』下卷,岩波書店,1955, pp.238-266. (75) 清野・前掲『古代人骨…………….."
執筆者の業績（引用ではない）,前田忠重,精神衛生課の新設を祝って,"『季刊精神病院』6号, 1956.11, p.7. 62 内村祐之『わが歩みし精神医学の",1,1,I0000132,「わたしの体は母体じゃない」訴訟,甲47：国民優生法の制定過程,"病院協会二十年』日本精神病院協会, 1971, pp.101-102、前田忠重 「精神衛生課の新設を祝って」『季刊精神病院』6号, 1956.11, p.7. 62 内村祐之『わが歩みし精神医学の道』みすず書房, 1968, p"
執筆者の業績（引用ではない）,,続々裁判官の戦後史,"悠々社,36頁",1,1,I0000136,地域による報酬格差は違憲！裁判官の独立と良心を守る訴訟,甲31号証｜全国地家裁所長の人事パターンの制度可に関する一考察ーその経歴的資源に着目してー（I）,"結果と言える人事で、後にそれぞれ福岡、名古屋に戻 られた。」倉田卓次(2006)『続々裁判官の戦後史』悠々社,36頁。 (32) 拙稿(2008)68頁。 (33) 例外は宇都宮地裁所長から静岡地裁所長への園尾隆司(26期"
執筆者の業績（引用ではない）,前田達明,続・主張實任と立証責任,判タ 640号 (1987年),1,1,I0000052,警察庁が保有する秘密個人情報ファイル簿の情報公開訴訟,甲21添付資料1-10,15 法典調査会民法議事速記録・法務図書館案資料9.95頁。 16 前田達明「続・主張實任と立証責任」判タ 640号 (1987年)66頁。 否不明になったときには、これを存在するものとは扱わないという考え方に基 づいて
執筆者の業績（引用ではない）,,続裁判官の戦後史,"悠々社,99頁",1,1,I0000136,地域による報酬格差は違憲！裁判官の独立と良心を守る訴訟,甲32号証｜全国地家裁所長の人事パターンの制度可に関する一考察ーその経歴的資源に着目してー（II）,"させ始めたのはもっと早く昭和二十年代後半から」と述べている。倉田卓次(1993)『続裁判官の戦後史』悠々社,99頁。矢口洪一(高輪1期:S1) も事務総局は北海道の人事には関心を払っていたことを指摘している。「事務総局な"
執筆者の業績（引用ではない）,,自治体と男女共同参画――政策と課題,イマジン出版、2005年 『ジェンダー法学・政治学の可能性』 〔辻村みよ子・山元一編),1,1,I0000131,夫婦別姓も選べる社会へ！訴訟,甲A014_辻村先生意見書（令和2年3月26日）,018年) ☆ 『ジェンダーと法』不磨書房、2005年(第2版2010年) ☆ 『自治体と男女共同参画――政策と課題』イマジン出版、2005年 『ジェンダー法学・政治学の可能性』 〔辻村みよ子・山元一編) (21世紀COE ジェンダー法・
執筆者の業績（引用ではない）,,自由と安全―各国の理論と実務,(尚学社、2009年),1,1,I0000104,公安警察による市民運動の監視を許さない。市民の「もの言う」自由を守るための訴訟【アーカイブ】,實原教授意見書(甲33),判例ⅡⅢ』(信山社、2008年) 大沢秀介・小山剛(編)『自由と安全―各国の理論と実務』(尚学社、2009年) 鈴木秀美・山田健太(編)『よくわかるメディア法』(ミネルヴァ書房、201
執筆者の業績（引用ではない）,編著,自由への問い8生――生存・生き方・生命,(岩波書店、2010),1,1,I0000031,結婚の自由をすべての人に訴訟（同性婚訴訟）,加藤秀一先生・意見書,著(石田仁・海老原暁子)『図解雑学 ジェンダー』(ナツメ社、2005) - 編著『自由への問い8 生――生存・生き方・生命』(岩波書店、2010) - 共編著(柘植あづみ)『遺伝子技術の社会学:テクノソサエティの現在 II 』(文化書房 博文社
執筆者の業績（引用ではない）,,行政法学の変革と希望阿部傘寿,(信山社、2023年),1,1,I0000119,“コロナ感染者立ち寄りで店名公表”は違法！訴訟【アーカイブ】,【意見書】神戸大学名誉教授・弁護士　阿部泰隆先生,022年) - 58 『租税法への提言・挑戦』(信山社、2023年) - 59 『行政法学の変革と希望 阿部傘寿』(信山社、2023年) 編著・共著・論文などは http://www.eonet.ne.jp/~greatdragon
執筆者の業績（引用ではない）,宇賀克也,行政法概說I行政法総論(第7版),32頁,1,1,I0000031,結婚の自由をすべての人に訴訟（同性婚訴訟）,【東京・第１０回】原告ら最終準備書面,項を法律事項とすることで為政者の専断を封じ(法律への留保。甲 A426・宇賀克也『行政法概說I 行政法総論(第7版)』32頁(有 斐閣、2020))、さらに、法律の内容についても立法府にフリーハン ドを与えず、憲法全体の基本原理である「個
執筆者の業績（引用ではない）,堀澤明生,行政規制と民事的手法の競合と協働,法律時報 94巻3号(2022年),1,1,I0000064,「セックスワークにも給付金を」訴訟 【アーカイブ】,甲121：意見書（興津教授・堀澤准教授）,治」北九州市立 大学法政論集 47巻3・4号(2020年)37~62頁 堀澤明生「行政規制と民事的手法の競合と協働」法律時報 94巻3号(2022年)106~109 頁 ※完全な業績リストは https://researchmap.jp
執筆者の業績（引用ではない）,,行政訴訟の理論的・実務的課題一行政訴訟の最前線,(信山社、2021 年),1,1,I0000119,“コロナ感染者立ち寄りで店名公表”は違法！訴訟【アーカイブ】,【意見書】神戸大学名誉教授・弁護士　阿部泰隆先生,ん第2版』(amazonキンドル、電子出 版、2021年10月) - 54 『行政訴訟の理論的・実務的課題一行政訴訟の最前線』(信山社、2021 年) - 55 『新型コロナ対策の法政策的処方せん』(信山社、2022年) - 56 『ひと味違
執筆者の業績（引用ではない）,,表現の自由(5)―政府言論の法理,法学教室493号 (2021年),1,1,I0000095,『宮本から君へ』助成金不交付決定取消訴訟【アーカイブ】,控訴答弁書_211015,文化助成が活動主体の自律性を奪う危険を指摘している。 曽我部真裕京都大学教授は、「表現の自由(5)―政府言論の法理」法学教室493号 (2021年)で、政府が「私人の表現活動に給付する場合」には、「給付によって私 人の表現活動が促進され
執筆者の業績（引用ではない）,,表現の自由の保障範囲を画定する手法としての『定義づけ衡量,」広島 法科大学院論集16号 2023年:「『社会的身分』論からの解放に,1,1,I0000151,「18歳未満にも選挙で応援する自由を」訴訟,甲４２：門田孝教授の意見書,sity Law Review No.52 2020年:「表現の自由の保障範囲を画定する手法としての『定義づけ衡量』」広島 法科大学院論集16号 2023年:「『社会的身分』論からの解放に
執筆者の業績（引用ではない）,,裁判の客観性をめぐって,(有斐閣、一九七〇年),1,1,I0000049,レペタ訴訟【アーカイブ】,甲13：小田中聰樹「裁判と国民ー裁判の公開を中心に」（法律時報）,、それぞれ参照せよ。 # 小田中聰樹 東北大学教授 加えた中村治朗裁判官は、『裁判の客観性をめぐって』(有斐閣、一九七〇年)のなかで大要次のように論じている。 - 裁判の正当性を支える要素は、客観的な法適用の原理と公正の原
執筆者の業績（引用ではない）,主要著書,裁判例にみる自転車事故の損害賠償,(保険毎日新聞社、2022年),1,1,I0000053,鬼怒川大水害訴訟,上告受理申立理由書　20251128,本民事訴訟法学会、環境法政策学会等所属 専門分野 民事訴訟法、環境法 主要著書 『裁判例にみる自転車事故の損害賠償』(保険毎日新聞社、2022年)(共著) 『環境法』(成文堂、2023年)(共編著) 『デジタル資産とアバターの民事法』(
執筆者の業績（引用ではない）,山元一,裁判官のツイッターへの投稿と表現の自由,『平成30年度重要判例解説(ジュリスト 臨時増刊 1531号),1,1,I0000090,司法の独立を脅かす岡口裁判官の罷免訴追に反対します！【アーカイブ】,意見書（山元一）,"山元一『グローバル化時代の日本国憲法』(放送大学教育振興会,2019年) 山元一「裁判官のツイッターへの投稿と表現の自由」『平成30年度重要判例解説(ジュリスト 臨時増刊 1531号)』10~11頁〔2019年〕"
執筆者の業績（引用ではない）,,裁判官の素顔,"非売品,285頁",1,1,I0000136,地域による報酬格差は違憲！裁判官の独立と良心を守る訴訟,甲32号証｜全国地家裁所長の人事パターンの制度可に関する一考察ーその経歴的資源に着目してー（II）,"にし、また、第一線の裁判官の労苦をみくびり」と警告している。高野耕一(1991)『裁判官の素顔』非売品,285頁。"
執筆者の業績（引用ではない）,,裁判官幹部人事の研究,五月書房,1,1,I0000136,地域による報酬格差は違憲！裁判官の独立と良心を守る訴訟,甲30号証｜口頭裁判所部総括判事の人事をめぐる一考察,一〇)『全裁判官経歴総覧 第五版 期別異動一覧編』公人社。 西川伸一(二〇一〇)『裁判官幹部人事の研究』五月書房。 (二〇一二)「高裁支部長就任者のキャリアパス分析」『政経論叢』八〇卷三・四号。 (二○一七)「裁判官幹部人事
執筆者の業績（引用ではない）,家永三郎,裁判批判,(日本評論社、一九五九年),1,1,I0000049,レペタ訴訟【アーカイブ】,甲13：小田中聰樹「裁判と国民ー裁判の公開を中心に」（法律時報）,記念論文集『裁判法の諸問題(中)』(有斐閣、一九六九年)など。 (6) 家永三郎『裁判批判』(日本評論社、一九五九年)二一頁以下参照。 # 11 一 裁判の公開は、近・現代の裁判の基本原則の一つであるが、それ
執筆者の業績（引用ではない）,非子一博士還曆記念論文集,裁判法の諸問題(中),(有斐閣、一九六九年),1,1,I0000049,レペタ訴訟【アーカイブ】,甲13：小田中聰樹「裁判と国民ー裁判の公開を中心に」（法律時報）,九八号(一九五五年)、鈴木忠一「裁判官の独立とその問題」非子一博士還曆記念論文集『裁判法の諸問題(中)』(有斐閣、一九六九年)など。 (6) 家永三郎『裁判批判』(日本評論社、一九五九年)二一頁以下参照。 # 11 一
執筆者の業績（引用ではない）,川神裕,裁量処分と司法審査(判例を中心として),判例時報1932号14ページ,1,1,I0000060,ジャーナリストに渡航の自由を！訴訟【アーカイブ】,控訴答弁書,等の 裁量判断に委ねざるを得ない内在的制約があるというべきである(なお、川神裕 「裁量処分と司法審査(判例を中心として)」判例時報1932号14ページは、 「政治的・外交政策的裁量」の項で「広範なもの」「広い裁量」としている。)。」と して、
執筆者の業績（引用ではない）,谷口豊,裁量行為の審査方法,藤山雅行=村田斉志編『新・裁判実務体系 25 行政争訟 [改訂版]』(青林書院),1,1,I0000095,『宮本から君へ』助成金不交付決定取消訴訟【アーカイブ】,控訴答弁書_211015,分的にせよ「裁判所が行政庁に代替的に判断することに近似すること がある」(谷口豊「裁量行為の審査方法」藤山雅行=村田斉志編『新・裁判実務体系 25 行政争訟 [改訂版]』(青林書院) 315頁)という指摘がある。また、「考
執筆者の業績（引用ではない）,堀澤明生,補助金行政法の宿病,法学セミナー65巻7号 (2020年),1,1,I0000064,「セックスワークにも給付金を」訴訟 【アーカイブ】,甲121：意見書（興津教授・堀澤准教授）,号(2017年)82~95頁、94巻3号(2018年)99 ~118頁 堀澤明生「補助金行政法の宿病」法学セミナー65巻7号 (2020年)48~54頁 堀澤明生「Massachusetts v. EPA後の州の出訴権の消
執筆者の業績（引用ではない）,単著,西ドイツの労働事情,(日本労働協会、1989),1,1,I0000070,「人間を育てる教員に、人間らしい働き方を」訴訟【アーカイブ】,毛塚勝利先生_意見書,総合諮問会議委員(現)、連合総合生活開発研究所理事(現) 【主な著作】 単著『西ドイツの労働事情』(日本労働協会、1989) 編著『個別紛争処理システムの国際比較』(日本労働研究機構、2002) 編著『企業組織再編にお
執筆者の業績（引用ではない）,伊藤滋夫,要件事実の基礎〔新版〕,(有斐閣、2015),1,1,I0000132,「わたしの体は母体じゃない」訴訟,甲143：小川意見書,草書房、2019)。 36 巽 2019・前掲注(31)16頁。 37 伊藤滋夫『要件事実の基礎〔新版〕』(有斐閣、2015)320頁。 38 河村浩「民事裁判の基礎理論・法的判断の構造分析(2下・完)」判例時報2149号(2
執筆者の業績（引用ではない）,,要件事実論と民法学,46頁,1,1,I0000052,警察庁が保有する秘密個人情報ファイル簿の情報公開訴訟,甲21添付資料1-10,うが、どうであろうか。こうした問題に関連した拙稿としては、伊 藤・前揭(注1) 「要件事実論と民法学」46頁、伊藤滋夫「事実認定と実体法」 司法研修所論集 97 号(創立50周年記念特集号) (1997年)1頁以下がある。
執筆者の業績（引用ではない）,,親子関係否定の法理の解釈論的検討~事実主義の立場から,立命館法学 316 号(2008),1,1,I0000131,夫婦別姓も選べる社会へ！訴訟,甲A004_二宮先生意見書（平成23年12月5日）,614号32頁、616 号2頁、618号10頁、621号12頁(2007) - 「親子関係否定の法理の解釈論的検討~事実主義の立場から」 立命館法学 316 号(2008)164頁 - 「遺言執行者の権限と義務」岡部喜代子・伊藤昌司編『新家族法実務大系④遺
執筆者の業績（引用ではない）,宮崎繁樹編著,解説国際人権規約,日本評論社、1996年、155頁,1,1,I0000096,「日本の入管収容は国際人権法違反」訴訟,甲A57　意見書（申惠丰青山学院大学教授）※日本の入管収容と国際人権法,では detention であり、身体を拘束する行為を広く意味する(宮崎繁樹編著『解説国際人権規約』日本評論社、1996年、155頁)。本項は、精神病院への収容、教育目的での収容、出入国管理手続における収容などを含めあら
執筆者の業績（引用ではない）,,解釈方法論から考える憲法24条1項,憲法問題36号(2025),1,1,I0000132,「わたしの体は母体じゃない」訴訟,甲143：小川意見書,## 主な業績 - 『一元的司法審査論』(東京大学出版会、2025年) - 「解釈方法論から考える憲法24条1項」憲法問題36号(2025) - 「岡口基一氏罷免判決(弾劾裁判所令和6年(2024年)4月3日判決)を読む」國學院法学6
執筆者の業績（引用ではない）,法学協会編,註解日本国憲法〔上巻〕,(有斐閣、1953年),1,1,I0000130,日本の「黙秘権」を問う訴訟 〜56時間にわたる侮辱的な取調べは違法〜 ,甲４号証（安部祥太氏意見書）,そのため、憲法38条1項は、「自己」が「負罪」する供述を「拒否」 1 法学協会編『註解日本国憲法〔上巻〕』(有斐閣、1953年)661頁、團 藤重光『新刑事訴訟法要綱〔7訂版〕』(創文社、1967年)109頁注 6)、酒巻匡『
執筆者の業績（引用ではない）,,認知制度は誰のためにあるのか~認知推定説の試み,立命館法学 310号 (2006),1,1,I0000131,夫婦別姓も選べる社会へ！訴訟,甲A004_二宮先生意見書（平成23年12月5日）,離婚後の親子・家族の交流の保障」 立命館法学 298号(2005)309頁 - 「認知制度は誰のためにあるのか~認知推定説の試み」 立命館法学 310号 (2006)301頁 - 「夫婦別姓」ジュリスト1336号(2007) 10頁 - 「婚外子の相
執筆者の業績（引用ではない）,,認知症高齢者の遺言能力,中川淳教授傘寿記念論集『家族法の理論と事務』 (日本加除出版、2011),1,1,I0000131,夫婦別姓も選べる社会へ！訴訟,甲A004_二宮先生意見書（平成23年12月5日）,イツ、オーストラリア、韓国の 動向から」ケース研究307号(2011)5頁 - 「認知症高齢者の遺言能力」中川淳教授傘寿記念論集『家族法の理論と事務』 (日本加除出版、2011)767頁 - 「事実婚の多様性と法的保護の根拠」
執筆者の業績（引用ではない）,,講座現代居住第3巻,(東京大学出版会、1995年),1,1,I0000120,神宮外苑を守ろう訴訟｜100年の歴史と3000本超の樹木を未来へ,【訴訟１・東京都訴訟】岩見良太郎氏意見書,発は誰のためか 住民不在の都市再生』日本経済評論社、2016年 【共著】 - 『講座現代居住 第3巻』(東京大学出版会、1995年) - 「震災復興と土地区画整理」『大震災復興への警鐘』(解説、岩波書店、1995年) -
執筆者の業績（引用ではない）,毛利透編,講座立憲主義と憲法学第3巻人権II,(信山社、2022年),1,1,I0000070,「人間を育てる教員に、人間らしい働き方を」訴訟【アーカイブ】,堀口悟郎先生意見書,# (1) 書籍 - 堀口悟郎「教師の良心――憲法学と教育法学の距離」毛利透編『講座 立憲主義と憲法学第3巻 人権II』(信山社、2022年)37-75頁 - 堀口悟郎「フランスにおける大学の自由」羽田貴史=松田浩=宮田由紀夫編『学問の自由
執筆者の業績（引用ではない）,,議員特権と議会制-フランス議員免責特権の展開,(成文堂、2008 年),1,1,I0000064,「セックスワークにも給付金を」訴訟 【アーカイブ】,甲31：意見書（新井誠教授）,査委員(2013〔平成 25〕~2017〔平成29〕年度)など。 著書:(単著)『議員特権と議会制-フランス議員免責特権の展開』(成文堂、2008 年)、(共著)新井誠・曽我部真裕・佐々木くみ・横大道聡『憲法Ⅰ-総論・統 治(第2版)』、『憲法II
執筆者の業績（引用ではない）,,豊洲新市場・オリンピック村開発の「不都合な真実,』(自治体研究社、2017年),1,1,I0000120,神宮外苑を守ろう訴訟｜100年の歴史と3000本超の樹木を未来へ,【訴訟１・東京都訴訟】岩見良太郎氏意見書,東京都市再生――その戦略と矛盾」『石原都政の検証』(青木書店、2007年) - 『豊洲新市場・オリンピック村開発の「不都合な真実」』(自治体研究社、2017年) - 『住民主権の都市計画 逆流に抗して』(自治体研究社、2019年)
執筆者の業績（引用ではない）,,財産分与と年金分割~判例の整理と今後の動向,立命館法学292号(2004),1,1,I0000131,夫婦別姓も選べる社会へ！訴訟,甲A004_二宮先生意見書（平成23年12月5日）,久貴忠彦編『遺言と遺留分 第2 巻遺留分』(日本評論社、2003)159頁 - 「財産分与と年金分割~判例の整理と今後の動向」 立命館法学292号(2004) 242 頁 - 「面接交渉の義務性~別居・離婚後の親子・家族の交流の保障」 立命館法学
執筆者の業績（引用ではない）,後藤昭,身体拘束,法律時報91巻12号(2019年),1,1,I0000155,人質司法に終止符を！訴訟,甲A117 資料入手報告書,なくてよいという意識が〔裁判所に〕生じたかも しれない」とする指摘がある。後藤昭「身体拘束」法律時報91巻12号(2019年)116頁。 21 以上のことは、統計上もある程度確認し得る。たとえば、重大事犯を取り扱
執筆者の業績（引用ではない）,,近世沖縄の民俗史,弘文堂 大胡欽一 1972 「祖霊観と親族慣行」日本民族学会編集『沖縄の民族学的研究一,1,1,I0000076,「琉球人のご先祖の遺骨返還を」訴訟【アーカイブ】,甲39,継承をめぐっ て一」小池誠・信田敏宏編「生をつなぐ家」風響社 小川徹 1987 『近世沖縄の民俗史』 弘文堂 大胡欽一 1972 「祖霊観と親族慣行」日本民族学会編集『沖縄の民族学的研究一民俗社会と世界観」民族学振興会
執筆者の業績（引用ではない）,,近代家族の確立とその揺らぎ〜戦後家族法学の意義と展開,比較家族史研究 232号(2009),1,1,I0000131,夫婦別姓も選べる社会へ！訴訟,甲A004_二宮先生意見書（平成23年12月5日）,民法改正(1)~(2)」戸籍時報628号2頁、630号28頁 (2008) - 「近代家族の確立とその揺らぎ〜戦後家族法学の意義と展開」比較家族史研究 232号(2009)32頁 - 「子の出自を知る権利 (1)~(3)」戸籍時報 632号2頁、641号2
執筆者の業績（引用ではない）,,近代日本の宗教,"『天皇の祭祀』『国家神道』(以上,岩波新書)",1,1,I0000123,県知事の公務での護国神社参拝取りやめをー政教分離原則の違反を問うー,甲20-28,"京大学文学部宗教学宗教史学科卒業 専攻一宗教学 著書一『近代民衆宗教史の研究』 『近代日本の宗教』 『天皇の祭祀』『国家神道』(以上,岩波新書) 『ほんみち不敬事件』 『教祖』 『世界の宗教』『日本の宗教』(以上、岩波"
執筆者の業績（引用ではない）,論文,近親婚的内縁の法的保護,戸籍時報 625号(2008),1,1,I0000031,結婚の自由をすべての人に訴訟（同性婚訴訟）,二宮周平先生 意見書　※民法学者による本件についての意見,星野英 一編『民法典の百年I全般的考察』(有斐閣、1998)341 頁 - 論文「近親婚的内縁の法的保護」戸籍時報 625号(2008)2頁 - 論文「事実婚の多様性と法的保護の根拠」家族<社会と法〉27号(20 11)20頁
執筆者の業績（引用ではない）,,退去強制から保障されるべき人権,法律時報84巻5号 「ヨーロッパ人権条約の解釈とその国内法的効力」国際人権23号,1,1,I0000151,「18歳未満にも選挙で応援する自由を」訴訟,甲４２：門田孝教授の意見書,究 73号172頁 2012年:「退去強制から保障されるべき人権」法律時報84巻5号 「ヨーロッパ人権条約の解釈とその国内法的効力」国際人権23号
執筆者の業績（引用ではない）,伸編著,逐条日本国憲法審議録[増訂版〕,第2巻481~545頁,1,1,I0000031,結婚の自由をすべての人に訴訟（同性婚訴訟）,渋谷秀樹先生 意見書　「憲法理論からみた同性婚の省察」,姻について、衆議院・貴族院の審議においてはまったく言及されていない(清水 伸編著『逐条日本国憲法審議録 [増訂版〕』第2巻481~545頁〔1976年〕)。 総司令部案には、「両性 (both sexes)」、「相互の合意 (mutua
執筆者の業績（引用ではない）,安藤馨,道徳的非実在論,蝶名林亮編『メタ 倫理学の最前線』(勁草書房、2019),1,1,I0000132,「わたしの体は母体じゃない」訴訟,甲143：小川意見書,35 差し当たり参照、佐藤岳詩『メタ倫理学入門』(勁草書房、2017)、安藤馨「道徳的非実在論」蝶名林亮編『メタ 倫理学の最前線』(勁草書房、2019)。 36 巽 2019・前掲注(31)16頁。 37 伊藤滋夫『
執筆者の業績（引用ではない）,興津征雄,違法是正と判決効――行政訴訟の機能と構造,(弘文堂、2010: ・論文(直近のもののみ),1,1,I0000064,「セックスワークにも給付金を」訴訟 【アーカイブ】,甲121：意見書（興津教授・堀澤准教授）,戸市行政不服審査会 委員(2016年4月~) 4.主要研究業績 ・著書 興津征雄『違法是正と判決効――行政訴訟の機能と構造』(弘文堂、2010: ・論文(直近のもののみ) 興津征雄「正統性の構造分析——行政国家の正統性を手がかりに」太田匡彦=山
執筆者の業績（引用ではない）,,適切な地域の受け皿があれば退院可能,とされた（甲 Ｂ69号・１頁,1,1,I0000068,「鳥は空に魚は水に人は社会に」訴訟【アーカイブ】,原告・準備書面２,年（平成3）年に日本精神神経学会が実施したニーズ調査で は、３１ .４％について「適切な地域の受け皿があれば退院可能」とされた（甲 Ｂ69号・１頁）。その後、 1993年（平成5）年に日本精神科病院協会（日精協） 政策委員会が神経症状６段
執筆者の業績（引用ではない）,,適正手続,担当 論文 1987年:「外国人の公務就任権をめぐる憲法問題(1),1,1,I0000151,「18歳未満にも選挙で応援する自由を」訴訟,甲４２：門田孝教授の意見書,",17章担当 2025年:『ドイツ基本権裁判の展開』(小山剛ほか編,信山社) *「適正手続」担当 論文 1987年:「外国人の公務就任権をめぐる憲法問題(1)」六甲台論集34巻2号 未成年者選挙運動禁止規定の"
執筆者の業績（引用ではない）,,選挙権と国民主権――政治を市民の手に取り戻すために,日本評論社、2015年 ☆ 『憲法と家族』日本加除出版、2016年 『政治変動と立憲主義,1,1,I0000131,夫婦別姓も選べる社会へ！訴訟,甲A014_辻村先生意見書（令和2年3月26日）,版2016年) ☆ 『比較のなかの改憲論』(岩波新書)岩波書店、2014年 ☆ 『選挙権と国民主権――政治を市民の手に取り戻すために』日本評論社、2015年 ☆ 『憲法と家族』日本加除出版、2016年 『政治変動と立憲主義の課題』辻村編集代表、山元一・只
執筆者の業績（引用ではない）,,遺伝子技術の社会学:テクノソサエティの現在II,(文化書房 博文社、2007),1,1,I0000031,結婚の自由をすべての人に訴訟（同性婚訴訟）,加藤秀一先生・意見書,い8 生――生存・生き方・生命』(岩波書店、2010) - 共編著(柘植あづみ)『遺伝子技術の社会学:テクノソサエティの現在 II 』(文化書房 博文社、2007) - 共編著(坂本佳鶴恵・瀬地山角)『フェミニズム・コレクション I 制度と達成』『フ ェ
執筆者の業績（引用ではない）,中益陽子,遺族年金における男女の処遇差一遺族厚生年金の年齢要件を中心に-,55 巻1・2号(2021),1,1,I0000129,「共働き妻を亡くした夫にも遺族年金を」訴訟,甲11　東京大学　笠木映里先生　意見書（社会保障法）,を維持する報酬比例給付としての側面がより前面に出てくるとの指摘 として、中益陽子「遺族年金における男女の処遇差一遺族厚生年金の年齢要件を中心に-」55 巻1・2号(2021)74頁。 28 高橋朋子・床谷文雄・棚村政行(著)『民法7 親族・相続』有斐閣アルマ第6版(
執筆者の業績（引用ではない）,馬場里美,遺族年金の同性パートナーへの支給一ヤング対オーストラリア事件,(『性的マイノリ ティ判例解説』150-1 53頁,1,1,I0000031,結婚の自由をすべての人に訴訟（同性婚訴訟）,【九州・第８回】証拠説明書２０(甲A464から478),"同上 471 馬場里美「遺族年金の同 性パートナーへの支給一 ヤング対オーストラリア 事件」(『性的マイノリ ティ判例解説』150-1 53頁,信山社) 写し 2011年11月30"
執筆者の業績（引用ではない）,,遺言執行者の権限と義務,岡部喜代子・伊藤昌司編『新家族法実務大系④遺 言・遺留分』(新日本法規、2008),1,1,I0000131,夫婦別姓も選べる社会へ！訴訟,甲A004_二宮先生意見書（平成23年12月5日）,論的検討~事実主義の立場から」 立命館法学 316 号(2008)164頁 - 「遺言執行者の権限と義務」岡部喜代子・伊藤昌司編『新家族法実務大系④遺 言・遺留分』(新日本法規、2008)279頁 - 「女性差別撤廃条約と民法
執筆者の業績（引用ではない）,,都市住宅学,17(1997),1,1,I0000120,神宮外苑を守ろう訴訟｜100年の歴史と3000本超の樹木を未来へ,【訴訟１・東京都訴訟】大方潤一郎氏_意見書,"992), pp.32-37. - 大方潤一郎「容積率規制の理念と展開の方向性」『都市住宅学』17(1997),pp.14-22. 11"
執筆者の業績（引用ではない）,堀口悟郎,間接的制約論の現状と課題,憲法研究7号(2020年),1,1,I0000070,「人間を育てる教員に、人間らしい働き方を」訴訟【アーカイブ】,堀口悟郎先生意見書,報告へのコメント」法律時報93巻9号(2021年)114-117頁 - 堀口悟郎「間接的制約論の現状と課題」憲法研究7号(2020年)141-159頁 - 堀口悟郎「コロナ禍と学校教育」法学セミナー790号(2020年)62-6
執筆者の業績（引用ではない）,,限定正社員論の法的問題を考える,(季刊労働法245号、2014),1,1,I0000070,「人間を育てる教員に、人間らしい働き方を」訴訟【アーカイブ】,毛塚勝利先生_意見書,等処遇問題への法理論的の接近方法」(日本労働研究雑誌 636号、2013) - 「限定正社員論の法的問題を考える」(季刊労働法245号、2014) - 「企業組織変動にかかる労働法制の問題点と整備課題」(季刊労働法 255号、2016
執筆者の業績（引用ではない）,共著,離婚判例ガイド[第2版],(有斐閣、2005),1,1,I0000131,夫婦別姓も選べる社会へ！訴訟,甲A004_二宮先生意見書（平成23年12月5日）,本評論社、1993) - 共著『夫婦別姓への招待』(有斐閣、1995) - 共著『離婚判例ガイド[第2版]』(有斐閣、2005) - 『新版 戸籍と人権』(解放出版社、2006) - 『事実婚の判例総合解説』(信山社、2006)
執筆者の業績（引用ではない）,,非正規労働の均等処遇問題への法理論的の接近方法,(日本労働研究雑誌 636号、2013),1,1,I0000070,「人間を育てる教員に、人間らしい働き方を」訴訟【アーカイブ】,毛塚勝利先生_意見書,における労働条件変更法理の規範構造」(法学新報119巻5・6号、2012) - 「非正規労働の均等処遇問題への法理論的の接近方法」(日本労働研究雑誌 636号、2013) - 「限定正社員論の法的問題を考える」(季刊労働法245号、2014) - 「
執筆者の業績（引用ではない）,,面接交渉の義務性~別居・離婚後の親子・家族の交流の保障,立命館法学 298号(2005),1,1,I0000131,夫婦別姓も選べる社会へ！訴訟,甲A004_二宮先生意見書（平成23年12月5日）,分割~判例の整理と今後の動向」 立命館法学292号(2004) 242 頁 - 「面接交渉の義務性~別居・離婚後の親子・家族の交流の保障」 立命館法学 298号(2005)309頁 - 「認知制度は誰のためにあるのか~認知推定説の試み」 立命館法学 310号
執筆者の業績（引用ではない）,,首席判事物語,"非売品,200-201頁",1,1,I0000136,地域による報酬格差は違憲！裁判官の独立と良心を守る訴訟,甲31号証｜全国地家裁所長の人事パターンの制度可に関する一考察ーその経歴的資源に着目してー（I）,"い た司法修習終了者と同期とみなすことで、解決が図られた。平田清祐(1990) 『首席判事物語』非売品,200-201頁。 (13) 日本民主法律家協会司法制度委員会編『全裁判官経歴総覧』(公人社)には、 日本国憲法"
執筆者の業績（引用ではない）,堀口悟郎,高等教育の無償化と大学の自治――フランスとの比較から,日本教育法学会年報48号(2019年),1,1,I0000070,「人間を育てる教員に、人間らしい働き方を」訴訟【アーカイブ】,堀口悟郎先生意見書,が継承した憲法理論」法律時報 91巻5号(2019年)70-75頁 - 堀口悟郎「高等教育の無償化と大学の自治――フランスとの比較から」日本教育法学会年報48号(2019年) 72-81頁 ### (3) 立法紹介・座談会 - 堀口悟郎「(立法紹介)高
執筆者の業績（引用ではない）,,高群逸枝1894-1964――女性史の開拓者のコスモロジー(別冊『環,26),1,1,I0000031,結婚の自由をすべての人に訴訟（同性婚訴訟）,加藤秀一先生・意見書,22「古代・中世の婚姻形態と同居家族・「家」:『招婿婚の研究』の批判的 継承」(『高群逸枝 1894-1964――女性史の開拓者のコスモロジー(別冊『環』26)』 藤原書店) - 服藤早苗監修 2011 『歴史のなかの家族と結婚』森話社 - 光吉利之 1986 「はしがき」
執筆者の業績（引用ではない）,石田倫識,黙秘・否認と罪証隠滅,季刊刑事弁護98号(2019 年),1,1,I0000155,人質司法に終止符を！訴訟,甲A117 資料入手報告書,国でいう「罪 証を隠滅すると疑うに足りる相当な理由」に類するものである。石田倫識「黙秘・否認と罪証隠滅」季刊刑事弁護98号(2019 年)36頁。 17 なお、保釈除外事由が制定法に規定される前の20世紀中頃までは、判例上、
